UniprotID	logFC	AveExpr	t	P.Value	adj.P.Val	B	ensembl_gene_id
O43657	-0.64522961263771	24.2688917080043	-1.12175449085424	0.266274168297117	0.665992452032236	-5.65006615562633	ENSG00000000003
O60762	-0.19441525272795	26.4241754471586	-0.947979899853576	0.346804420165898	0.74681483208041	-5.82314087241786	ENSG00000000419
Q8IZE3	-0.0276125977301866	23.0300566199597	-0.075083664762829	0.940388855119399	0.988539327237031	-6.25732736370144	ENSG00000000457
P08603	0.425362608225139	29.6612767501691	4.06666216572642	0.000136382225234173	0.00845104857047665	0.89159033715892	ENSG00000000971
Q9BTY2	-0.550258477801894	26.4807446656695	-2.26692889075099	0.026877479022405	0.207302536222312	-3.84480586369297	ENSG00000001036
P48506	0.0482019479996261	28.4201806403474	0.315638700774368	0.753332283642439	0.938088839629172	-6.21132699518928	ENSG00000001084
P23511	0.166075182664102	22.3397542531262	0.433557754116322	0.666108010125936	0.904691039418433	-6.16815514676142	ENSG00000001167
Q9Y4W2	-0.492530899453339	24.2556608864384	-0.943158853076173	0.349244875883483	0.747422412948442	-5.82754143617938	ENSG00000001497
Q9Y6X5	-0.815813308327154	25.5973709930108	-1.42724756327362	0.158504385061151	0.531238114160085	-5.27880308679326	ENSG00000001561
Q16850	-0.526012324409244	26.3932600615826	-1.69016569054446	0.0959972623726022	0.409934142771298	-4.8930320162014	ENSG00000001630
P28838	0.489308112425881	31.2760009588285	3.58017457326503	0.000672534245558671	0.0197168238765131	-0.571025162676164	ENSG00000002549
P14209	-2.11864299099944	25.3296062513487	-3.38503332487409	0.00123680016346166	0.0290701348765363	-1.12452850852725	ENSG00000002586
P19801	-0.45471283048975	29.3922697145133	-2.72737190341505	0.00828381230988496	0.0971432871522639	-2.82528061414714	ENSG00000002726
Q9Y6D9	0.30405968265725	24.3684032140505	0.446452714304397	0.656819107498269	0.904691039418433	-6.16261438410771	ENSG00000002822
Q14847	0.113644725433641	28.5603349701117	0.342336753664509	0.733254958050208	0.932508109502526	-6.20273414802366	ENSG00000002834
P20645	-0.107944405321479	27.434341340731	-0.769499521691973	0.444506196708718	0.819136714369994	-5.97145664318291	ENSG00000003056
Q92851	0.348559041831361	24.913247614434	0.663002570345688	0.509775929585418	0.851520123165617	-6.0455500151792	ENSG00000003400
Q7L592	-0.00827163392289876	22.2998316264882	-0.0233703956332597	0.981429553643191	0.995444274324092	-6.25982122258629	ENSG00000003509
P84085	-0.658626215280457	27.2709657037258	-1.87360310701519	0.0656797843932243	0.338796595137367	-4.58893626673679	ENSG00000004059
Q9Y2S7	-0.261799300027008	26.2641520263645	-1.20541705490678	0.232603344279865	0.628224881801933	-5.55679957076606	ENSG00000004142
P54819	0.0328464232747478	31.0838883374989	0.345723110734191	0.73071616745424	0.932508109502526	-6.20159844217184	ENSG00000004455
P28907	1.51519805797037	25.8899979961299	2.24797667970988	0.0281530121022199	0.212679426206073	-3.88382222009467	ENSG00000004468
Q02790	0.0624647946049173	29.7005153713367	0.603160823736331	0.548592511028232	0.873198952852428	-6.08241887444905	ENSG00000004478
O60341	0.145198749817833	25.4803133173544	0.410813932231629	0.682619347134507	0.910922698759153	-6.17753441281314	ENSG00000004487
P46063	-0.641908290920501	27.5248895818013	-1.81425925024272	0.0744622835203312	0.360581450063935	-4.6904106994385	ENSG00000004700
Q96JG6	-0.222754838266486	25.4092453840541	-0.683208707097997	0.49700935087729	0.844666697233339	-6.03232510752546	ENSG00000004766
O14558	-1.36820189662632	26.2104206560935	-3.03002461873773	0.00355843309194157	0.0582706776287008	-2.07576939081001	ENSG00000004776
O14561	-1.35211997413991	27.5894246073232	-3.15162839536353	0.00250337800108961	0.0469103788314147	-1.7600582733738	ENSG00000004779
Q9UJS0	-0.218155469247463	28.262294422402	-1.7396520407247	0.0868612722185144	0.389738400967755	-4.81377550483825	ENSG00000004864
P30260	0.791239399291694	25.0749686981633	0.545704843006391	0.587278230123002	0.888330067687065	-6.1145166490475	ENSG00000004897
P02730	-0.340557795738572	30.3893545368017	-1.91174511960623	0.0605132098221728	0.323191511420478	-4.52219730467726	ENSG00000004939
P53701	-0.137703665387981	25.2390010375138	-0.222986477678979	0.824275924606882	0.959906141301175	-6.2357422876605	ENSG00000004961
Q92900	-0.291295043471319	29.1329985711796	-1.70549734541133	0.0930860912043677	0.402217476495576	-4.86869885344122	ENSG00000005007
P05141	-0.319941882695439	32.7813206437245	-2.33860423155197	0.0225809554651144	0.184885811037942	-3.69625192436032	ENSG00000005022
P52435	0.244917205050047	23.2818625284298	0.503320336832423	0.616515009151761	0.897939625005374	-6.13625645287465	ENSG00000005075
P49916	0.0760190574873292	27.0541470721833	0.454179425523452	0.651278955694936	0.904691039418433	-6.15921705281345	ENSG00000005156
Q9H6T3	0.273610579259419	24.2180022295484	0.70502901029341	0.483421209091405	0.836450271297841	-6.01760487821621	ENSG00000005175
Q53FZ2	-1.05212622366925	25.4371591111043	-2.38491993411074	0.0201406852260952	0.171926422336922	-3.59821272283722	ENSG00000005187
Q6FI81	-0.0124705713466753	26.0630837118768	-0.0244159141505142	0.980599030977493	0.995421890307053	-6.25979674370391	ENSG00000005194
P31323	-0.322225862189526	26.9248638926564	-2.18838158339848	0.0324018466922115	0.229463987029389	-4.00311993086314	ENSG00000005249
Q92793	-0.614487648090687	25.6086408063705	-0.798757100587408	0.427498301501463	0.808584196353618	-5.94917526630281	ENSG00000005339
P05164	5.97287584283648	26.6975362039863	6.67174967465483	8.7681334439525e-09	9.33600801592809e-06	9.89577566415251	ENSG00000005381
P27169	-0.251846165623963	26.6428769916088	-1.4550271050273	0.15068482984603	0.51999143423668	-5.24089340532177	ENSG00000005421
Q9UKG9	-0.214911774089408	23.1107411472671	-0.545632372220175	0.587268132433521	0.888330067687065	-6.11461471267819	ENSG00000005469
Q6NTF9	-0.07487599167629	22.7399393606427	-0.272519840109185	0.78612405331106	0.951055946761935	-6.22373187484632	ENSG00000005486
P20701	0.527982181386768	23.5779680867007	1.61309763376797	0.111780547067108	0.442718267674068	-5.01231117358701	ENSG00000005844
Q15119	-0.570744110226457	24.889228062075	-0.893359710555614	0.375104475957406	0.769642517538263	-5.87172078459715	ENSG00000005882
P26006	-0.509186962506501	26.7641678843316	-2.82266806130548	0.00638591021050685	0.0815485923929013	-2.59574029087828	ENSG00000005884
P13473	-0.564847511467157	26.2657382028279	-1.26084301090048	0.212069406398754	0.599312276754402	-5.49149441627856	ENSG00000005893
Q9BZF2	-0.278262460503878	23.3586313509493	-0.79105446905157	0.431915107152586	0.811096200796257	-5.95514469932545	ENSG00000006025
P63010	-0.319362129023297	30.3195796696971	-2.97147898735254	0.00420786222808834	0.0633852837838832	-2.22536122436892	ENSG00000006125
Q8TB22	-0.316504173964102	25.8075071738324	-0.457573215691567	0.64886267854236	0.904095144396528	-6.15769665112004	ENSG00000006282
P11233	-0.238719817206011	27.5285865539939	-1.56068472904822	0.123666747440985	0.464756860822469	-5.09051410385182	ENSG00000006451
Q9UHR4	0.22170779349559	26.6034922087735	0.745652855438508	0.458682824908916	0.82722035634071	-5.98898792485946	ENSG00000006453
Q53H12	-0.247742327311705	26.781369035529	-0.803569835979003	0.424702516148786	0.805811698176524	-5.94547105384341	ENSG00000006530
P43353	0.355067285104884	22.9877191260756	0.679344887182277	0.499437011817524	0.846186901756955	-6.03488421142239	ENSG00000006534
O94887	-0.722474809151596	24.6768523084158	-1.68272420121959	0.0974369259161106	0.414448952434127	-4.90477054912295	ENSG00000006607
Q9Y6N9	-0.571514411359253	26.6109156853482	-2.81778351726172	0.00647251298809629	0.0815485923929013	-2.60765292532803	ENSG00000006611
O75223	-0.015554073880292	27.8850247206638	-0.0843416562617226	0.93305538051392	0.986993402510651	-6.25660444974881	ENSG00000006625
Q8N7H5	0.404869610525569	24.9435162641945	1.10711836796184	0.272501461362602	0.672375777742202	-5.665722213339	ENSG00000006712
P49754	-0.676377360275602	23.8445655857284	-1.23334953655738	0.22208110115042	0.615037198869091	-5.52423712007036	ENSG00000006715
Q17R89	-0.426574129078627	22.697337021372	-1.35952720570266	0.178882766017199	0.558699640424966	-5.36835041835459	ENSG00000006740
Q9BQ52	-0.0962132083712959	25.0743003089782	-0.39175779774457	0.696574760603371	0.918627247586294	-6.18500603151794	ENSG00000006744
Q9Y6U3	-0.470414742993349	28.331927706261	-1.46307039330143	0.148489499046512	0.516398748916218	-5.22979348910833	ENSG00000006747
P51689	0.538235328937333	22.6965015273369	1.14335714277833	0.257267224086146	0.658177329544043	-5.62659800709942	ENSG00000006756
Q96CT7	0.317049440689303	23.5934046253494	0.392698520282292	0.695884982330434	0.918627247586294	-6.18464410647391	ENSG00000007080
P43034	-0.47099568263118	28.9053262234642	-2.8787075431843	0.00546593187378191	0.0741435982779421	-2.45794657036038	ENSG00000007168
P35228	2.64980221241751	25.0400389539416	3.63025655846971	0.000574319601037975	0.0177996244109494	-0.426814324225525	ENSG00000007171
Q14002	-0.527873421917594	28.6367972416949	-1.97610978348454	0.0525769766013208	0.296486301351605	-4.40688400907492	ENSG00000007306
Q9NQ29	-0.0765594710372284	24.0118245605684	-0.175311475333209	0.861403747851678	0.970442117244495	-6.24503766126489	ENSG00000007392
Q9NVH1	-0.368195821724644	27.5679819420894	-2.20598339211951	0.0310838672395611	0.224099104942585	-3.96805459593897	ENSG00000007923
P20618	0.328731845306169	30.2075307483596	3.16189778734423	0.00242214060622233	0.0458602547066624	-1.73106217078088	ENSG00000008018
Q9UQ88	0.0709279460416035	26.4515214773175	0.481510996842185	0.631841346297483	0.899825244544314	-6.1467353040758	ENSG00000008128
O95544	0.419326852033226	23.2324976085214	0.909628900071464	0.36652593016758	0.762689442260677	-5.85754384441922	ENSG00000008130
Q16563	-1.34439822021113	26.1780769271983	-2.1452772854541	0.0358663413215133	0.239680342188985	-4.0882890836282	ENSG00000008282
P49447	-0.11217315130585	22.5771638814679	-0.304954273278361	0.761418002934325	0.941105081437488	-6.21456980452543	ENSG00000008283
O60271	0.0179798813084062	26.937411691627	0.0878736542606886	0.930259099191912	0.985780021659967	-6.25630653142956	ENSG00000008294
Q9UDR5	-0.138257878955031	23.4322437399582	-0.223260871273653	0.824063311179328	0.959906141301175	-6.23568235705285	ENSG00000008311
P10620	-0.671011799633693	27.9126471525055	-1.8109878765696	0.0749863848371928	0.361848453517064	-4.6959618096522	ENSG00000008394
O75448	0.549483303435647	21.8051570407572	1.42898972153787	0.158004917470584	0.530869263688907	-5.27644568079991	ENSG00000008838
Q9P2D3	0.232824748426772	25.2351742496102	0.564430729268668	0.574488721754113	0.883685586392464	-6.10444508009335	ENSG00000008869
Q99442	0.225955470022534	26.1205067935493	0.901893347057948	0.37058905701274	0.766461140494096	-5.86431564235933	ENSG00000008952
P60866	0.42703020987782	30.6676479159905	2.91759038135468	0.00490135059112629	0.0687069465864844	-2.36113691854381	ENSG00000008988
O75534	0.214078073125762	27.5671760110146	0.738198656788326	0.463166988827281	0.82980672773388	-5.99435688365642	ENSG00000009307
Q15386	1.07191217736894	27.9167455797883	2.46896110728422	0.0163398602028268	0.152832345945136	-3.4172807072087	ENSG00000009335
Q9Y228	0.350243792365571	24.4708090761616	0.649684703610423	0.518285547882951	0.855408226642526	-6.05405262753694	ENSG00000009790
Q9NP79	0.107811928671051	27.9739140952254	0.842782815823665	0.402575678302694	0.791514322635313	-5.91420027179535	ENSG00000009844
Q9UIG0	0.137027082180026	24.4470052013644	0.270381373220979	0.787761061876038	0.951535863469539	-6.22429987687846	ENSG00000009954
Q96S59	-0.935916735344165	24.3374110628184	-2.03665393302574	0.0459424989754407	0.277966389328181	-4.29536275368213	ENSG00000010017
Q8N6R0	-0.0546365576213788	23.2188578444885	-0.171489632353085	0.864394887151795	0.970506166261881	-6.24568658656179	ENSG00000010165
O43670	0.377822180749281	27.1066875848912	1.26071073841485	0.212116760340362	0.599312276754402	-5.49165358290404	ENSG00000010244
P31930	-0.64861919543425	32.0658943850192	-5.34547533246489	1.36111614547645e-06	0.00033737119733105	5.17184606365969	ENSG00000010256
P21926	-1.0120802384363	29.2664846783699	-5.47341671128248	8.37578925149246e-07	0.000249857937553481	5.62546736385978	ENSG00000010278
Q15021	0.428376825249618	23.6219665442213	0.711248297772608	0.479586429919936	0.834988761926377	-6.01332591347608	ENSG00000010292
Q9NY15	0.00408847040912619	26.5624533661472	0.0174551413295367	0.986129331036877	0.996938449968898	-6.2599395160746	ENSG00000010327
Q06187	-0.257929732061999	24.3781023407824	-0.490584307258406	0.625444933666147	0.899644216112239	-6.14243172825212	ENSG00000010671
O95372	0.167882884656297	27.5285600248989	0.851311718421007	0.397858400703766	0.788343698778211	-5.9072061296611	ENSG00000011009
Q9UBG0	0.075058752165944	25.0482738426968	0.295277380597091	0.768764371600132	0.94351643232578	-6.21741075060365	ENSG00000011028
O75954	1.41502884172416	23.2844311112759	2.973163655945	0.0041877284080747	0.06325673963776	-2.22108681341802	ENSG00000011105
Q9ULX6	-0.383905008920809	23.2492232966893	-0.945087598742392	0.348267190776169	0.747316439778146	-5.82578352581723	ENSG00000011243
Q6DKK2	-0.159253625879469	24.2404182888678	-0.483109744767575	0.63071220761751	0.899825244544314	-6.14598278480137	ENSG00000011295
P26599	0.171079442241396	31.2230062956097	1.87431912982869	0.0655794673371287	0.338796595137367	-4.58769440734216	ENSG00000011304
Q15031	-0.165660284992196	27.1523428914704	-1.09633734232412	0.277153321366787	0.677159489365423	-5.67712826438325	ENSG00000011376
Q9Y3P9	-0.393690315980042	26.8497510084579	-2.05587109287695	0.0439935397272653	0.271376439064228	-4.25935220095585	ENSG00000011454
P07585	-0.676451971531776	31.7859243768934	-3.96934568724554	0.000189217602250127	0.0102244259869119	0.590191470280546	ENSG00000011465
Q9NXS2	0.61819705742975	23.866615015618	1.22921356747155	0.223616732688795	0.617096175785425	-5.52910340374189	ENSG00000011478
P53041	0.134796065318177	27.1804544435267	1.14109281073689	0.258201023823662	0.658610111712775	-5.62907799138372	ENSG00000011485
Q13214	0.671994280779455	27.2257815740579	0.528052906015222	0.599413655687054	0.893202947043432	-6.12374350078906	ENSG00000012171
P02788	7.54034848901573	25.4895389192507	6.63236445163168	1.01557200418637e-08	9.33600801592809e-06	9.75805074667675	ENSG00000012223
P09917	0.832235931352564	25.3479433756465	2.13877820232811	0.0363831915078549	0.242243642603581	-4.10064617791766	ENSG00000012779
Q8N806	-0.444609836867642	23.4486357988224	-0.959897281417436	0.340819575515619	0.737495692574076	-5.81216948969388	ENSG00000012963
Q9NZN3	0.369714205797191	23.7346683493682	0.492788768690275	0.623895180626609	0.899037114426398	-6.14137409251166	ENSG00000013016
P43686	0.408753929967919	29.4458776484845	3.83154490813417	0.000298777970537487	0.0129304466138168	0.17070570195216	ENSG00000013275
Q9Y2E5	-0.108011953787468	26.2852298070795	-0.208837479999298	0.835258374392374	0.966093093015364	-6.23873209384169	ENSG00000013288
Q14764	-0.143076665727769	32.7498501922486	-1.78140761216905	0.0797228691450122	0.371563081579275	-4.74529400960928	ENSG00000013364
Q9Y5A7	-0.122558049033607	25.3719778121779	-0.186126836204121	0.852951711737556	0.96894755612696	-6.24312326105416	ENSG00000013374
O95394	0.0588227798851229	27.5253516664224	0.171245370324513	0.864586393015881	0.970506166261881	-6.24572746698591	ENSG00000013375
Q9UBS8	0.0404019095846628	23.4317097852139	0.079855566885258	0.93660823125038	0.987531394271817	-6.25696523069121	ENSG00000013561
Q9NRV9	-0.397414705797864	28.1863125214285	-2.43869737856878	0.0176050715854071	0.159469194942234	-3.48239067042493	ENSG00000013583
Q8NFJ5	-0.0196833883292626	23.4414932959991	-0.0464243514223814	0.963120603190429	0.992154633017358	-6.25903305780969	ENSG00000013588
O94874	0.041530066440135	28.8913609111728	0.536100322497095	0.593799273629139	0.891538678272224	-6.11964110119582	ENSG00000014123
P07384	-0.135667973015835	32.0581266821665	-1.31726698507501	0.192576077447159	0.576282374419745	-5.42215728545792	ENSG00000014216
P15309	0.07292130163205	23.8204432939234	0.160596131360983	0.872931394160529	0.972371164695261	-6.2474578247661	ENSG00000014257
P40925	-0.271291082601493	32.0881280774065	-1.69015345591817	0.095999614949376	0.409934142771298	-4.8930513542888	ENSG00000014641
Q6PML9	0.258762988304781	25.3225711161074	0.496644263610974	0.621188835814284	0.899037114426398	-6.139513032783	ENSG00000014824
A4FU01	-0.158570334278977	23.0881560874861	-0.355695729343302	0.723270675236374	0.930065909578256	-6.19817898390264	ENSG00000014914
Q7KZN9	-0.853314918436233	24.7569579555507	-2.39504628744456	0.0196396308148308	0.169836802917737	-3.57656584035307	ENSG00000014919
Q15326	0.231272696396669	22.4908040338128	0.592963771459555	0.555353020566432	0.876763179255574	-6.08835813791445	ENSG00000015171
P42768	0.237680116831193	24.0915512597987	0.697544803420193	0.488058444728898	0.838290074277954	-6.02270511678077	ENSG00000015285
P16444	0.55228454242712	22.9497640546377	0.940537464251198	0.350576521996264	0.747886658420552	-5.8299250505141	ENSG00000015413
P55957	0.195775505733554	27.0330691474918	0.779067094158574	0.438891108166135	0.816585927218465	-5.96427077985077	ENSG00000015475
P43243	0.145088945764936	29.6037164887414	1.38723165075784	0.170316679898569	0.547604277999349	-5.33220973634831	ENSG00000015479
Q8IVD9	-0.111111421917279	22.2329498820341	-0.268111317297317	0.789499853823611	0.952274204106648	-6.22489794618637	ENSG00000015676
Q8NE62	-0.964221064583285	28.5709731809893	-2.86798296087354	0.00563976042316297	0.0753765038909502	-2.48532054635101	ENSG00000016391
A8K7I4	-1.17026399550478	32.8899440092203	-4.09473444231088	0.000125296068225586	0.00803811129451904	0.971229639126214	ENSG00000016490
Q14CN2	-0.028299851465178	28.8224256224538	-0.146162325978779	0.884265416508569	0.975031286806855	-6.24962585670438	ENSG00000016602
P98194	0.0893939043370651	25.1609694606098	0.367889488771621	0.71420328513728	0.925540960344166	-6.19386636627659	ENSG00000017260
Q15311	0.225991928410007	22.8890996566489	0.408063347104185	0.684626978321522	0.911797144470554	-6.17863466680821	ENSG00000017797
Q7L099	-0.558932973964087	23.0654104698838	-1.12895241997723	0.26324870677153	0.663659361084213	-5.64229430254384	ENSG00000018189
Q12860	-0.701437967441318	23.0487349824331	-1.87973911243511	0.0648242990283316	0.336333874977633	-4.57828038970649	ENSG00000018236
O00116	0.00766290792001811	27.8509953769211	0.0408463305021535	0.967549095769072	0.993650462264991	-6.25927150558951	ENSG00000018510
Q6P3X3	-0.319339005637058	23.9012999664136	-0.623048108588036	0.535528366856555	0.865972561074686	-6.07054779801061	ENSG00000018699
Q96IQ7	-0.863906071054185	25.8104997723746	-2.20506933323615	0.0311511317708563	0.224099104942585	-3.96988141104425	ENSG00000019102
Q86UU1	-0.0943592956201442	26.490082473116	-0.466894262473411	0.64220515719672	0.902647786771382	-6.15350050651233	ENSG00000019144
P04233	0.170214387843938	28.2208363586668	0.770616392829486	0.443848562180826	0.819136714369994	-5.97062228861825	ENSG00000019582
P49959	0.125563509344921	26.8931376820023	0.93020408003231	0.355857874515601	0.754175277782189	-5.83925837812952	ENSG00000020922
P30740	-0.0248920990385706	29.7986964591809	-0.144914401644434	0.885246513878178	0.975031286806855	-6.24980372613809	ENSG00000021355
O60306	0.316603687409586	27.9299389825166	0.340579894943846	0.734611578220521	0.933275107245591	-6.20329075890294	ENSG00000021776
P07358	0.0468760552649634	25.4514061224073	0.178685303814679	0.858764933456582	0.970185627365775	-6.24445293230778	ENSG00000021852
Q13642	-1.20697179808057	29.2178661786482	-4.39322984125606	4.43468819629262e-05	0.00431827763113994	1.92977758694414	ENSG00000022267
Q9BY42	0.359323577476982	23.1194240435303	0.622541997855722	0.535858834594894	0.865972561074686	-6.07085461931957	ENSG00000022277
P13489	-0.00826606095743898	30.0333095176415	-0.0398872738818888	0.968310615500661	0.993650462264991	-6.25930943231974	ENSG00000023191
P28331	-0.48210053179249	31.4300488461895	-4.08294441141523	0.000129062715508822	0.00814662036167853	0.942420706957643	ENSG00000023228
Q9BS26	0.0106987034319346	30.0005939776437	0.097526138819057	0.922621831369162	0.985515542890508	-6.2554300459988	ENSG00000023318
Q9Y315	-0.0345196247302724	26.7478442917357	-0.237102406940465	0.813355705888449	0.956881825291329	-6.23256375060626	ENSG00000023697
Q9Y3F4	0.117403968990761	29.171964334863	1.32971884529226	0.188461758366754	0.571251788979384	-5.40646961243248	ENSG00000023734
Q9H4E7	0.374700876317657	25.1957845443253	1.01322349842866	0.314874524686813	0.712452607102569	-5.76145067371161	ENSG00000023892
P48507	0.327590485821407	25.54199369608	1.79032289231806	0.078263753327887	0.367004801979162	-4.73048306224062	ENSG00000023909
Q8IWV8	0.296544291865509	23.5379213769843	0.66065584984486	0.511269941885586	0.851757974425609	-6.04706058968184	ENSG00000024048
Q9NZN4	-0.33584864029147	30.3864392267869	-2.84110680836732	0.00606852769520915	0.0789777601956456	-2.55062923175553	ENSG00000024422
Q9NQL2	-0.374893592122937	24.3667201500139	-0.511230202308241	0.610997968432189	0.89744488760617	-6.1323422267478	ENSG00000025039
P19971	0.656689961817126	30.1238244423389	3.46323006756834	0.00097096304423144	0.0243993616598804	-0.905092699828179	ENSG00000025708
Q15785	-0.0544613669219949	25.9689232868105	-0.117833868888082	0.906578582469606	0.979157145407174	-6.25328813943117	ENSG00000025772
Q9UGP8	-0.191416850800966	27.0123669313075	-0.649523437397755	0.518389050016197	0.855408226642526	-6.05415454346016	ENSG00000025796
O60684	-0.349197440426803	26.539171456394	-1.50631540801989	0.137042887915893	0.493433304729305	-5.16911632120622	ENSG00000025800
P08670	0.107180617254656	35.2268222449924	0.861938544875075	0.392028744107972	0.784314072507352	-5.89839540944462	ENSG00000026025
P25445	-0.936599350572401	26.3975197022015	-3.77501464877037	0.000359491177499005	0.0143087984737377	0.00119035732406569	ENSG00000026103
O00584	-0.486300446050997	28.6966672355226	-2.44410249115474	0.0173667742301906	0.158895327838565	-3.47063235063691	ENSG00000026297
P16070	0.177296461791158	29.0347994787819	1.31985892929945	0.191714126071887	0.575353400919097	-5.41890325911051	ENSG00000026508
Q99797	0.273912749528893	25.4519148140592	1.0458752002686	0.299661841548416	0.69891189989885	-5.72908800486325	ENSG00000027001
P09086	-0.0387768312671	23.853093949179	-0.0768499882829988	0.938989288984292	0.988539327237031	-6.25719591959368	ENSG00000028277
Q13596	-0.153767127178487	27.9888808333884	-1.24391652813568	0.218192873607388	0.60890774809677	-5.51173370994285	ENSG00000028528
Q9NYF8	-0.032211051991986	26.7330343561595	-0.107840690599778	0.914468807342478	0.981232188124171	-6.25439260624512	ENSG00000029363
P16157	-0.333882726826221	28.221806846685	-1.74780301215344	0.0854277154878641	0.387229702872255	-4.8005225668584	ENSG00000029534
Q15276	0.309458487276839	24.3889334305764	0.492591707097447	0.624033647185754	0.899037114426398	-6.14146882831435	ENSG00000029725
O15347	-0.0672578518008144	26.242399802297	-0.272393370325512	0.786220839790554	0.951055946761935	-6.22376559089866	ENSG00000029993
Q12769	0.321836192898591	25.8818614135478	0.662096692255189	0.510352368869998	0.851520123165617	-6.04613375078717	ENSG00000030066
Q16611	0.283841996778794	25.9706190199305	1.83118341216044	0.071858338195816	0.352377264551965	-4.66175344328031	ENSG00000030110
P28799	-0.290903058363089	25.4392253523125	-0.3797508323776	0.705431409260075	0.922253050754061	-6.18952540709385	ENSG00000030582
P49591	0.141988722209486	29.6049524126025	1.87046449731572	0.0661210434118424	0.33883319611394	-4.59437484577516	ENSG00000031698
Q9H6Z4	0.289194337957458	25.7643283214343	1.16523385933562	0.248368869721738	0.648327164477087	-5.60239556195672	ENSG00000031823
Q53HC9	0.00449861188062783	24.7410039135883	0.00837386588503712	0.99334547151058	0.997182823919789	-6.26005441389616	ENSG00000032389
Q8IY17	0.23562170897252	24.7294886228351	1.10835148392337	0.271972896965726	0.672267393113951	-5.66441077835496	ENSG00000032444
Q9BT22	-0.129626619022996	26.2245549607034	-0.697241798363752	0.488246703815658	0.838290074277954	-6.02291047674038	ENSG00000033011
Q6NZY4	-0.0135017997826843	23.452036517432	-0.0235039673758086	0.981323435451254	0.995444274324092	-6.25981815565117	ENSG00000033030
Q9UG63	0.263107248113151	26.4554546922009	1.11726354821046	0.268174190643187	0.667659708606357	-5.65489103204933	ENSG00000033050
Q9BYC5	1.03599903737468	23.5373302778171	2.31219432849745	0.0240873006449721	0.192308893337546	-3.75143890872145	ENSG00000033170
A0AVT1	-0.00411240838769089	28.6640378769251	-0.0317011569623884	0.974811769858847	0.995421890307053	-6.25959649054518	ENSG00000033178
Q93050	-0.066202381535156	27.3411438683924	-0.460204338748154	0.646972639331585	0.903814295394978	-6.15652780895126	ENSG00000033627
Q9Y6M7	0.139305163431835	22.6115954625531	0.415518595705349	0.679190781441166	0.909601978345677	-6.17563547678642	ENSG00000033867
P46734	0.284227058780196	25.5403264714731	0.913036557013135	0.364745108190308	0.761759890831768	-5.8545428882635	ENSG00000034152
P63313	0.0576912187054255	27.4916618991135	0.157726886312346	0.875183547547641	0.972564883794026	-6.24790460484695	ENSG00000034510
P60520	0.0842112653293974	24.6961895942161	0.249347177784185	0.803912958960799	0.955323756992255	-6.22964887768185	ENSG00000034713
Q96C01	0.204743819262294	28.1629752904613	0.414410079218162	0.680024516449193	0.909811103047585	-6.17606230734845	ENSG00000035141
P18206	-0.402613892664057	33.0794073929604	-4.15783528437348	0.000100003878569672	0.00715834260079461	1.17766515863052	ENSG00000035403
Q9UIK4	0.202278302406256	22.0112345282336	0.529698968843828	0.598204354806039	0.893202947043432	-6.12296738010319	ENSG00000035664
P30520	0.465211077080802	28.1933010363349	3.75192773799072	0.000387542624820881	0.0146628690737605	-0.0675972114616226	ENSG00000035687
P16035	0.392175976390032	22.638818765602	0.813929287982852	0.418787260608162	0.802405808888372	-5.93735139591485	ENSG00000035862
P35251	0.00473191810565154	21.7605663709286	0.0115820593785471	0.990796089934354	0.997028532073778	-6.26002305286954	ENSG00000035928
Q9NUY8	-0.0244667084850789	24.8982223009356	-0.0507213959371969	0.959709888277133	0.992102598482212	-6.25882858519286	ENSG00000036054
Q13618	-0.559843261765089	27.68768138615	-2.24737455964509	0.0281687369603618	0.212679426206073	-3.88465932496554	ENSG00000036257
P00480	-0.204352122764401	22.9320992737738	-0.335853470915328	0.738110454000513	0.934528311827964	-6.20488723191546	ENSG00000036473
Q9NRH3	-0.318254832110352	26.1281894289758	-0.898028827368307	0.372629599117612	0.767932427811162	-5.86767760591078	ENSG00000037042
Q9UNX3	0.420597908224607	30.0829881394732	1.76402117184692	0.0826382135834766	0.378914294428102	-4.77399936296479	ENSG00000037241
Q08J23	0.244869379912679	27.2387166099636	2.0194216675533	0.0477530501779834	0.283289387835268	-4.32740343925253	ENSG00000037474
Q9BV20	0.539057737874071	25.155941370564	1.41618009913845	0.161706007097128	0.535165128455817	-5.29371627299324	ENSG00000037757
P20933	0.718676365632422	25.4032652714261	2.71384733327144	0.00859160636204444	0.0994692770535633	-2.85736204905846	ENSG00000038002
Q8NFC6	0.155359892832656	22.917116013039	0.336753955761617	0.737434773075708	0.934528311827964	-6.20459110336277	ENSG00000038219
Q9NZL9	0.142105249183331	28.3633263731748	1.50679301454149	0.136920594759051	0.493433304729305	-5.16843707326183	ENSG00000038274
Q6P2E9	-0.0250452580139857	26.4902117843291	-0.101312735241582	0.919627743269653	0.984162486852644	-6.25506129137584	ENSG00000038358
O75962	-0.198341746067904	22.5924314080858	-0.78105257806482	0.437731103220326	0.816329584767592	-5.96276865000333	ENSG00000038382
P13611	-0.993647558683428	28.484119476863	-4.43155144708783	3.86563670328113e-05	0.00413319940058666	2.05666673061364	ENSG00000038427
Q2KHT3	-0.899704588835249	25.035111617801	-2.20698505711653	0.0310103025133572	0.223972423318327	-3.96605195495514	ENSG00000038532
P12830	-0.352149510200068	30.1147070561073	-2.79209279994064	0.00694608325588313	0.0850455563881477	-2.67004825948962	ENSG00000039068
P42285	-0.170366550599894	27.0109414858287	-0.621417358584944	0.536593550269313	0.866459894084231	-6.07153553219094	ENSG00000039123
Q7Z3T8	0.28962190013435	22.265093215349	1.116224257565	0.26861524849714	0.668040996878869	-5.65600495602735	ENSG00000039319
P13671	0.701831346374185	25.5537882122954	1.33964500822271	0.185229818800632	0.568585001269604	-5.393864323486	ENSG00000039537
Q9P0K7	0.0506415329190659	25.1666263357917	0.122872369261379	0.90260390596701	0.977800741991114	-6.25269419946748	ENSG00000039560
Q96T60	0.45351023913928	26.2499424277787	2.56496573584602	0.0127420501155153	0.130116852584092	-3.20219625067836	ENSG00000039650
Q96PE3	0.726582801938203	26.9158039139494	0.8972760705151	0.373129752730004	0.768672664010847	-5.86822446283588	ENSG00000040933
O00194	-0.551390366271413	25.0401216239404	-1.65192451727753	0.103584624260321	0.426299589503041	-4.95285344430144	ENSG00000041353
P25789	-0.0189948529973627	28.8586270057999	-0.0764702197947308	0.939290186643933	0.988539327237031	-6.25722443860448	ENSG00000041357
Q9H089	-0.0600031298063008	22.8783363289534	-0.120833461164915	0.90421202576357	0.978113107813677	-6.25293754024525	ENSG00000041802
P24821	0.723952723922228	29.4422056036452	2.8728337299706	0.00555789514584568	0.074673645781304	-2.4726635619968	ENSG00000041982
Q9BRQ8	0.197715200496528	24.449110376139	0.505549666747784	0.614957811960229	0.897939625005374	-6.13515938509085	ENSG00000042286
Q6NUM9	-0.714895536983686	27.8134603784513	-2.1634195198067	0.0343599959293727	0.234499446561789	-4.05249719475951	ENSG00000042445
P40121	-0.104328869102947	31.251053082801	-0.72509036335477	0.471112822495909	0.82980672773388	-6.00366974773257	ENSG00000042493
P53680	-0.392593787999331	26.1435986082548	-1.16388768328964	0.248909979442676	0.649118181683841	-5.6038975154377	ENSG00000042753
Q96GG9	0.133704343246301	25.6189942279619	0.549440107465286	0.584668712951357	0.887819573250231	-6.11258232132519	ENSG00000043093
Q13094	0.159640280126329	23.884036289547	0.388994666097287	0.698607190980664	0.919503985618528	-6.18606011220545	ENSG00000043462
P35221	-0.0874514269396087	31.8671324663098	-0.904876538346313	0.369018743276765	0.764406933657715	-5.8617107867529	ENSG00000044115
P46019	0.486061260578111	24.3602063937442	0.676394837499619	0.50129487904748	0.846526314155316	-6.03682848030414	ENSG00000044446
P11021	0.601227624388322	34.2797958371261	4.62869538428578	1.91771309311895e-05	0.0023766567038131	2.70700171265229	ENSG00000044574
Q14126	-0.0890199307981341	30.5675975751031	-1.04334532881504	0.300822278030214	0.699524043538915	-5.7316308736199	ENSG00000046604
Q9Y2I8	-0.327600551427786	24.1687172473071	-0.816160766981542	0.417519613668502	0.802405808888372	-5.93558906128758	ENSG00000047056
Q9H6S0	0.0583062484173276	22.8104348809364	0.127779692028495	0.898735111597726	0.976562741305128	-6.25209183271992	ENSG00000047188
Q9NRF8	-0.606717895363875	25.2920755281991	-1.69455177069265	0.0951569105573637	0.40825384206869	-4.8860911671306	ENSG00000047230
Q9UI12	-0.102242411048309	27.5330256548158	-0.451845035589715	0.65295068349471	0.904691039418433	-6.16024955661628	ENSG00000047249
P30876	-0.107518417291889	27.5901593237324	-0.663798625259511	0.509269662563868	0.851520123165617	-6.04503639887261	ENSG00000047315
P12270	0.201302205366421	29.7454508717568	2.33582608998881	0.0227353682712563	0.185592759256229	-3.70208180001995	ENSG00000047410
P00450	0.046428703356419	30.6673461631438	0.376221992431327	0.708030753645332	0.924321690119223	-6.19083615431657	ENSG00000047457
Q96EV8	-0.2947798516409	24.1391232658295	-0.596544877990032	0.55297405199255	0.875288100294738	-6.08628372655659	ENSG00000047579
P27816	-0.0466218633256332	28.2475660688562	-0.138184146792495	0.890542471652808	0.975169321159376	-6.25073617819938	ENSG00000047849
Q9HD26	0.0381084788846273	25.4377776481879	0.0673310234422351	0.946533918379501	0.988539327237031	-6.25786815080096	ENSG00000047932
Q9Y3C1	0.0906686093387883	23.7554748528339	0.29297330964395	0.770516711754299	0.943995624264784	-6.21807371820766	ENSG00000048162
Q7LG56	-0.512093323055506	23.8371899259219	-1.6574207317655	0.102464978519665	0.423609952894413	-4.94433240261741	ENSG00000048392
P82664	0.760714986367699	23.7882067115207	2.24709693655244	0.0281874572457637	0.212679426206073	-3.88522304868554	ENSG00000048544
Q96T23	0.0685462485656636	23.5071088094227	0.150437759156464	0.880905529283043	0.974126248849495	-6.24900491462912	ENSG00000048649
Q5THJ4	-0.210805257876729	24.3782369363586	-0.185499319664443	0.853448172360488	0.96894755612696	-6.24323462643942	ENSG00000048707
O95319	0.190323632287996	27.2304721515513	1.19184679721729	0.237844149514849	0.635384942947346	-5.57236269331648	ENSG00000048740
Q9NZB2	-0.0666703808327505	29.3355439103104	-0.821812647922379	0.41431930132185	0.799180456352335	-5.93110431659633	ENSG00000048828
O95479	-0.0869946628251306	27.449644810047	-0.593488424898784	0.555004167584694	0.876720082803979	-6.0880549960814	ENSG00000049239
Q15836	0.30435717680809	27.625296787497	1.42169168784513	0.160105404813054	0.533652061397057	-5.28630308286069	ENSG00000049245
Q14766	-0.340489752362334	24.3103293562477	-0.437479694647622	0.663277923766401	0.904691039418433	-6.1664863807208	ENSG00000049323
Q15293	-0.037983623584001	29.584245297307	-0.245289672375362	0.807038796963848	0.956623819671774	-6.23063099291976	ENSG00000049449
P15502	-2.51649746233753	24.4237134473479	-4.90704323541608	6.98011526204641e-06	0.00127203790228111	3.64701864645046	ENSG00000049540
P35250	0.266767029928577	24.5742207470402	0.752378710658653	0.454658282894015	0.824632805985357	-5.98409812090175	ENSG00000049541
Q96KA5	0.406976563253348	26.0112017352786	1.92416076469087	0.0589076425928056	0.317728363064856	-4.50021615264	ENSG00000049656
Q96PU5	-0.619587921551627	25.1916628830307	-1.88901368378337	0.0635491161335041	0.333525823172279	-4.56211529561678	ENSG00000049759
P07686	-0.647276296979776	30.2098741289654	-4.31295124080448	5.85543325525831e-05	0.00483782993044296	1.67221718667781	ENSG00000049860
Q12774	0.325077120506748	22.6328300127209	0.735318915487352	0.464906012159942	0.82980672773388	-5.99641686020294	ENSG00000050327
Q96AQ8	0.116387566989967	23.2768493337751	0.212585643798007	0.832344592310536	0.964551492529718	-6.23795968791189	ENSG00000050393
Q9UHB6	-0.0912623287444418	29.4152375460662	-0.518764571376868	0.605763776636999	0.89396966294435	-6.12855755472707	ENSG00000050405
Q6P1Q0	-0.835609850169977	23.2827165133022	-2.32892189440446	0.0231231890803909	0.18768862002761	-3.7165451218148	ENSG00000050426
P45984	-0.595373179051947	25.6194049063262	-1.23026625203561	0.22322514858475	0.61690721440162	-5.52786631431354	ENSG00000050748
P56945	0.146676855367478	24.4241513184024	0.158587422602556	0.87450966368829	0.972371164695261	-6.24777081963913	ENSG00000050820
Q8N612	0.162160348548483	22.5671529893357	0.460853152221075	0.646509616789331	0.903814295394978	-6.1562361095785	ENSG00000051009
Q15011	0.396037883930934	22.1494917293044	0.866672114916706	0.389449177694029	0.782197556525061	-5.89443647083333	ENSG00000051108
P13498	0.37288855012401	26.6573100052179	0.744714222793099	0.459257249408109	0.827604025453541	-5.98965477244959	ENSG00000051523
Q9Y5Z4	-0.32081484703443	29.5477169586106	-2.12297909003864	0.0377379578408	0.247337841473416	-4.13130666186655	ENSG00000051620
Q9HAU0	0.0613920910279084	24.837817470459	0.146030954022236	0.884368690424203	0.975031286806855	-6.249644653218	ENSG00000052126
Q16651	0.582741594250948	24.1121172213715	1.02619017282622	0.308772086158254	0.708020799227589	-5.74871739589976	ENSG00000052344
Q5JTH9	-0.340781939512212	25.1534146169945	-0.944680882673934	0.348473207594754	0.747316439778146	-5.82615450776762	ENSG00000052749
Q15800	-0.20274526928679	23.4027695626645	-0.485500118752357	0.629025618424617	0.899825244544314	-6.14485303598475	ENSG00000052802
O43488	-0.0743985808834289	30.0775393022009	-0.667922044895099	0.506651614158304	0.849821978469773	-6.04236623996704	ENSG00000053371
Q9UKD2	0.331160877169665	26.5423965666104	1.86268984323169	0.06722487126343	0.339423354629152	-4.60781181118439	ENSG00000053372
Q9NZ43	0.270086526870632	22.9885670729735	0.598565707206276	0.551633855356402	0.874435875947227	-6.08510768203569	ENSG00000053501
Q16787	0.677894283733114	26.6506027950656	1.94229890312407	0.0566272535053432	0.310475527851716	-4.46787785229093	ENSG00000053747
Q9UJX5	0.319925215859143	22.3130814914533	1.13130693521752	0.262264341979205	0.661577966481916	-5.63974170931799	ENSG00000053900
O43617	0.138909730743013	26.7549963029745	0.508987378669128	0.612560035149489	0.89744488760617	-6.13345824273488	ENSG00000054116
Q9Y2W1	0.155211133076648	25.9646763914794	0.45110728826543	0.653479378750009	0.904691039418433	-6.1605747643107	ENSG00000054118
Q9NRX4	0.278412113263862	29.3003512676386	1.71002046516141	0.0922412360953715	0.400790008309212	-4.86148202822457	ENSG00000054148
O60449	-0.118197117386224	26.7822395613579	-0.552960014170242	0.582270670266184	0.887666649592057	-6.11069111378028	ENSG00000054219
O60333	-0.0563458215455199	23.7391425785342	-0.0803761712260134	0.93619586022486	0.987531394271817	-6.25692437349629	ENSG00000054523
Q8WUA7	0.0144500206264837	23.5165456974404	0.0376223056025398	0.970109184486077	0.993813704858371	-6.25939542574174	ENSG00000054611
Q8WXH0	-0.77710051648144	28.4345348361811	-2.24852167960213	0.0281093189860411	0.212679426206073	-3.88260663290229	ENSG00000054654
O75110	-0.741998664533732	23.7300680234823	-1.89624276832038	0.0625699498474978	0.32997479353811	-4.54946641681227	ENSG00000054793
P54803	-0.330825868853122	23.3223038107456	-0.659474023132965	0.512023223944094	0.851757974425609	-6.04781932807221	ENSG00000054983
Q9Y2X3	-0.0286322799518146	28.88376033556	-0.235016728627081	0.814966924696812	0.956881825291329	-6.23304564858674	ENSG00000055044
Q7Z422	0.33841567106926	24.0574852703022	0.54967654654515	0.584507484396472	0.887819573250231	-6.11245565975947	ENSG00000055070
Q13616	-0.21492654180377	26.109499316334	-0.565903454002655	0.57349326043792	0.883685586392464	-6.10363396003035	ENSG00000055130
Q9NRY5	0.134066236427064	24.5385824876897	0.419776416369522	0.676093703257005	0.908575899069828	-6.17389836664003	ENSG00000055147
Q96F07	-0.599425239757821	26.3097776744037	-1.07679079531134	0.285744579825336	0.68410885346228	-5.69752024896496	ENSG00000055163
P19525	-0.248079408307554	26.821849234783	-1.17870788315654	0.2429992442479	0.64248788412462	-5.58727096547016	ENSG00000055332
Q8N983	-0.225091405208424	27.1925019996871	-0.72857270541701	0.468994453130766	0.82980672773388	-6.00121168613508	ENSG00000055950
Q14624	0.447577419922464	28.7407781053569	3.16072865734701	0.0024305178085871	0.0458602547066624	-1.7341644797194	ENSG00000055955
P19827	-0.240485888068136	29.7656634696158	-2.02491363106955	0.0471694659113342	0.280853548032253	-4.31721775762277	ENSG00000055957
Q9NWY4	-0.116846305436027	23.6604066668414	-0.239765887686084	0.811299302351391	0.956784310461773	-6.23194217201188	ENSG00000056050
Q96KR1	-0.685415261151384	25.1043496508683	-1.65447997785676	0.103062813076976	0.425758727052081	-4.94889480569437	ENSG00000056097
P35610	0.547682319845087	24.5379893547833	1.4383318994792	0.155347367085268	0.52659088868428	-5.26375847920085	ENSG00000057252
Q99959	0.0157664577834993	29.351446206326	0.128880197699113	0.897867838948993	0.976230148794304	-6.25195351114937	ENSG00000057294
P50395	-0.0403091419221724	32.6390716778897	-0.464067852107943	0.644217532834875	0.90283171589529	-6.15478479647222	ENSG00000057608
Q9H1Y0	-0.0764064915245477	25.5697561852899	-0.303259960737983	0.762702699369612	0.941638924695442	-6.21507381671709	ENSG00000057663
Q9ULS5	0.0331537274280969	24.5754866286774	0.0316584432134289	0.974846837229054	0.995421890307053	-6.25959772865682	ENSG00000057704
Q9GZP4	-0.170651991434813	27.5310886737688	-1.71594033101239	0.0911450292276979	0.398437514790136	-4.85201045028647	ENSG00000057757
Q9BTC8	-0.296434757425139	23.4760366343273	-0.794801015463273	0.42974838822014	0.810030404757838	-5.95226443026341	ENSG00000057935
Q9Y2G3	-0.782721793322835	24.8391201196624	-0.750791956691374	0.455642516859321	0.824632805985357	-5.98521579288689	ENSG00000058063
Q13753	0.467302474003592	25.8941110064705	1.9850624001805	0.0515469909398963	0.294313244115597	-4.39057899770914	ENSG00000058085
P61619	-0.0864233650830784	29.2401247047896	-0.316642783333667	0.752576213629962	0.938088839629172	-6.21101486589864	ENSG00000058262
O14974	-0.406177864918071	27.4036989509884	-2.00162037705516	0.0496875539766831	0.29102710186343	-4.36025259100387	ENSG00000058272
Q5TZA2	-0.11937629616461	28.0008288586782	-0.257784883478464	0.797435089044382	0.952972505053477	-6.22754799106696	ENSG00000058453
P23634	-0.588673253693777	26.6229326620726	-2.11344426255795	0.0385766599126509	0.250129044594156	-4.14971580080807	ENSG00000058668
O75152	-0.112901305967831	23.7971558349577	-0.21954945558348	0.826940209386529	0.96169542700088	-6.23648673821804	ENSG00000058673
Q9BTX1	-0.298250439693664	23.4209426322629	-0.340349065656321	0.734742350156853	0.933275107245591	-6.20339868017647	ENSG00000058804
P24557	-0.21647473951899	27.2598984321148	-0.709678128899112	0.480552980686076	0.835338031138404	-6.01440970103043	ENSG00000059377
Q9H0J9	-0.375193874894411	24.1948726636853	-0.700483651538887	0.486234601035387	0.836943585683701	-6.0207087743578	ENSG00000059378
P54886	0.105969209298287	28.9907917508483	0.758137610671087	0.451228588468718	0.82423633035234	-5.9798770689094	ENSG00000059573
P11169	0.846170781994889	23.5257022496647	1.5829303122873	0.118503841064506	0.455071440369543	-5.05761258783156	ENSG00000059804
Q9Y5B0	0.200468299695956	23.6791633167149	0.369535878953942	0.712982141359657	0.925389179133615	-6.19327299256302	ENSG00000060069
P16989	0.960914225405496	23.3716272406181	1.40577883669141	0.164760275104853	0.53992655056897	-5.30763277053839	ENSG00000060138
Q8IX12	0.215714006794265	27.0025036554355	1.15274775686133	0.253420206354094	0.65338079680798	-5.61626282232581	ENSG00000060339
Q9NZT2	-0.205804511447756	25.3681364699241	-0.496226031329943	0.621482158995516	0.899037114426398	-6.13971561046893	ENSG00000060491
Q96DI7	-0.521746206757658	26.6297820304705	-1.43138283366202	0.157320816377516	0.529787158831868	-5.27320305559772	ENSG00000060688
Q9Y5U8	-0.227804483528278	23.6057686205689	-0.370838215744753	0.712016718621035	0.925389179133615	-6.19280175040701	ENSG00000060762
P09110	0.131142700668175	29.4611720314248	0.995759791843966	0.32322087261338	0.722049741237509	-5.7783526627386	ENSG00000060971
Q9Y2A7	-0.336504535032912	28.4706712087787	-2.04418557072256	0.0451699547629459	0.275516513783383	-4.28128443852361	ENSG00000061676
P82673	-0.0660652269386404	27.1338272207425	-0.501878083994053	0.61752337224829	0.897939625005374	-6.13696363360317	ENSG00000061794
Q02153	0.557080579307303	25.5938609477133	0.691804788896866	0.491660499587949	0.840924282654205	-6.02654922258288	ENSG00000061918
Q7Z3U7	-0.623864701348154	26.86492565621	-1.09640319521992	0.277172195170296	0.677159489365423	-5.67701967977714	ENSG00000061987
O75390	-0.126812910356168	31.6374878285143	-1.27015054541209	0.208756896426577	0.59489105820224	-5.48025468962965	ENSG00000062485
Q96EL2	-0.294458263185795	24.9316437478499	-0.657315412619453	0.513400625510493	0.852970763789778	-6.04920170990167	ENSG00000062582
Q96JJ3	-0.0412183017496659	23.4213306499023	-0.0894013752372028	0.929049874203044	0.98569641773234	-6.25617388565066	ENSG00000062598
Q7Z5K2	-0.146115230113089	23.999712724539	-0.229635595371746	0.819127620800115	0.958203377514335	-6.23426933634706	ENSG00000062650
Q96GC9	-0.40454331349283	25.9136864558704	-2.1916689116084	0.0321520385692647	0.228553975119472	-3.99658925205874	ENSG00000062716
P28340	0.0166853002549452	23.6831211640644	0.0415708019052177	0.966973863795507	0.993650462264991	-6.25924225833768	ENSG00000062822
P23588	-0.458116212153126	27.2689246983757	-1.6929326566576	0.0954664196197093	0.408296773479431	-4.88865527318135	ENSG00000063046
Q07020	0.177781172041094	29.9471153650422	1.22716329083864	0.224380851234045	0.617773896702459	-5.53150994854002	ENSG00000063177
Q96AB3	-0.258774582434999	28.5214478064029	-1.88674465730292	0.0638591127027163	0.334185053040583	-4.56607661765772	ENSG00000063241
P26368	0.144857081433841	28.3460459174217	1.03713569889274	0.303683583787841	0.702285336593993	-5.73784722212035	ENSG00000063244
Q9Y6I3	-0.280425459625892	25.944032624421	-0.927256913604526	0.357373531332755	0.755076393082127	-5.84190196090054	ENSG00000063245
Q13613	-0.108467046441159	23.4555376069332	-0.334231644146912	0.739327918068189	0.934528311827964	-6.20541858444795	ENSG00000063601
P35052	0.147979586030811	23.1874091378247	0.260952500630598	0.794990280603807	0.952502718023134	-6.22675106184473	ENSG00000063660
Q86TW2	-0.181397117940872	22.4268630958219	-0.442718978388675	0.65950320956205	0.904691039418433	-6.16423530573576	ENSG00000063761
Q16775	-0.0723026023358138	27.8808922801754	-0.45373671152792	0.651595859053768	0.904691039418433	-6.15941327185656	ENSG00000063854
Q14790	0.615711586779767	25.465298023951	2.5712352422072	0.0125358278581373	0.128977111906458	-3.18798711895984	ENSG00000064012
Q9NVM9	0.274641557752183	23.7292312622424	0.886479879325569	0.378770056390993	0.771835993086728	-5.87764090566436	ENSG00000064102
O75185	0.20313966279608	22.6962614599851	0.518851536332847	0.605703481497894	0.89396966294435	-6.12851355002517	ENSG00000064270
Q9Y5L0	-0.87463430857029	26.5332337847243	-1.4134424214036	0.162561625750498	0.536591129066261	-5.29739268681562	ENSG00000064419
P10619	-0.516020437854184	28.206617760536	-2.03557711459216	0.0460538777994938	0.277966389328181	-4.29737187343582	ENSG00000064601
P55011	-0.139178193223742	29.3529274984576	-1.3770060604344	0.173440992769075	0.550349558851194	-5.34562880115119	ENSG00000064651
Q99439	-0.319014457937914	27.8243240955897	-1.08346384208503	0.282780286196188	0.681956781765258	-5.69060759076828	ENSG00000064666
O75363	-0.325080140633538	27.9428077531313	-1.10309878070553	0.274229418856449	0.673895007221367	-5.6699873660381	ENSG00000064787
O14617	0.199329765734547	27.8573612737271	0.816449698771608	0.41735564832202	0.802405808888372	-5.93536052920072	ENSG00000065000
Q15599	0.081180271266355	26.3837232204043	0.26065429123805	0.795219219052408	0.952502718023134	-6.22682717014221	ENSG00000065054
P78549	-0.340427875206352	23.1093473522806	-0.670109221789995	0.505265875060301	0.849064658460346	-6.04094330056425	ENSG00000065057
P08754	-0.424233548787129	27.7113653269411	-2.11016362021007	0.0388689597237043	0.251138509815747	-4.15603332644005	ENSG00000065135
O00410	-0.328951860276142	29.0327442358136	-1.32973129850973	0.188457677098388	0.571251788979384	-5.40645385338081	ENSG00000065150
P04181	-0.075427512461367	27.6835033656292	-0.465972224875467	0.642861343958739	0.902647786771382	-6.15392032118033	ENSG00000065154
Q9UNX4	0.456826220228177	22.8743219816887	1.09352035961749	0.278377889124102	0.678584993023572	-5.68009089212032	ENSG00000065183
Q16513	0.119423864229066	25.2934068695522	0.573552396338316	0.56833661384556	0.883685586392464	-6.09938758563866	ENSG00000065243
Q9BV38	0.353471164540512	24.282610052815	0.769786402545287	0.444337221589887	0.819136714369994	-5.97124244311313	ENSG00000065268
P23743	0.09246943211717	25.958538318533	0.396713071687828	0.69293548387301	0.918244761496847	-6.18309709984574	ENSG00000065357
Q8N8A2	0.128219872757043	24.874201969418	0.421393539712379	0.674918896473367	0.908575899069828	-6.17323399774672	ENSG00000065413
Q15046	0.152766067239952	29.9039908081471	1.53310476629818	0.130315622323983	0.480792346774479	-5.13070869905631	ENSG00000065427
Q14554	0.302329926611204	28.8512875518204	1.50673390568951	0.136935725151848	0.493433304729305	-5.16852114819389	ENSG00000065485
O95168	-0.0953279314332462	28.9764975920811	-0.534928315430722	0.594604650758355	0.891732635048665	-6.12025306072968	ENSG00000065518
Q15746	-0.472467584344265	29.4003031775738	-3.13257063238201	0.00264067057590863	0.0479985888347658	-1.80863485092719	ENSG00000065534
Q8WU90	-0.312418964364269	25.5930643067983	-0.947128973157533	0.347234356739432	0.74681483208041	-5.82391916547255	ENSG00000065548
P45985	0.0662541439502284	25.2263899691208	0.242292651075844	0.809349686291126	0.956623819671774	-6.2313460935692	ENSG00000065559
Q9H2G2	0.227962767013047	28.4360782583707	1.62490751531595	0.109233912607252	0.438302079063536	-4.99436301899606	ENSG00000065613
Q9H098	-0.222800499051232	23.5350374838932	-0.44964710928324	0.654526318766447	0.904691039418433	-6.1612168721441	ENSG00000065809
P48163	0.167426591193905	27.1960459094767	0.729050929755725	0.468703962989006	0.82980672773388	-6.00087322093773	ENSG00000065833
Q14004	-0.291373691574268	23.6336261152915	-0.444548223793625	0.658187640718726	0.904691039418433	-6.16344286771756	ENSG00000065883
P13995	0.844708033510166	23.2990747678765	1.41607362378537	0.161737049641516	0.535165128455817	-5.29385921920751	ENSG00000065911
P67809	-0.208221881555296	29.9590528716634	-1.56379357845258	0.122934593098735	0.462957414480249	-5.08594185928372	ENSG00000065978
Q15172	-0.0669833830319071	26.8632801219439	-0.447721871822163	0.65590776718651	0.904691039418433	-6.16206032691365	ENSG00000066027
P26232	-0.302820055223275	27.2457745677842	-0.946248067122963	0.347679806351075	0.747004721840982	-5.82472416424779	ENSG00000066032
Q15717	0.0729767143004523	29.4711065022127	0.743888188182855	0.459742124565814	0.827657248351728	-5.99026372828881	ENSG00000066044
Q9P265	0.0414771109096321	25.2442794730438	0.102842751265333	0.918418277474592	0.983723210974062	-6.25490830937188	ENSG00000066084
Q13952	0.276276041406952	25.0959309444395	0.795910855482735	0.42910778437295	0.809662542624808	-5.95140864920928	ENSG00000066136
Q8N5V2	0.449138492264957	22.3457123631488	1.34599634229938	0.183183974813404	0.566271096744612	-5.38575240593591	ENSG00000066248
Q9BW60	0.225418530953007	27.0318042329062	1.054878431216	0.29555694517515	0.695816210097395	-5.71999036429885	ENSG00000066322
P54252	0.0383535073452279	23.3955007925585	0.0724869261976268	0.942446751045696	0.988539327237031	-6.25751505636113	ENSG00000066427
Q8TBA6	0.307641650039361	26.407819508028	1.36050692547621	0.178574343429036	0.558638010716796	-5.36708404922599	ENSG00000066455
Q9H9A6	-0.236032474402027	25.9936233137002	-0.682837328344846	0.49724241027167	0.844666697233339	-6.03257170167868	ENSG00000066557
Q96CN7	-0.160898275782845	28.1091347421813	-0.976447302924855	0.33262129938993	0.730804631863019	-5.7967128093237	ENSG00000066583
O00423	-0.15469435121366	25.9084139496244	-0.574695499624621	0.567567928669515	0.883685586392464	-6.09874813874408	ENSG00000066629
Q7Z4G4	-0.650444792365288	25.9205420545571	-0.758251808733779	0.451213910144862	0.82423633035234	-5.97973522375834	ENSG00000066651
Q9NXG2	-0.139299996375357	27.36740176053	-0.84001134830603	0.404115921904999	0.792040155984799	-5.91645821352336	ENSG00000066654
Q9Y6D6	-0.622501856301067	27.4573313793184	-1.87007532451642	0.0661759313884736	0.33883319611394	-4.59504863872201	ENSG00000066777
P22830	-0.412436875323909	26.2441225278519	-2.1796474951446	0.0330738509990279	0.231054278979374	-4.02043068454176	ENSG00000066926
Q01813	-0.0732215670528511	29.4045046133783	-0.391079523920595	0.697073461212363	0.918627247586294	-6.18526546715643	ENSG00000067057
Q13907	-0.0574055133279465	26.1795798976909	-0.294170516785212	0.769606036387414	0.943735409601169	-6.21772988314347	ENSG00000067064
P23497	-0.0787673226529542	24.3551926296385	-0.138854349940887	0.890013360704467	0.975169321159376	-6.25064580740422	ENSG00000067066
O14494	0.219942575659942	24.3891521569574	0.298129720994073	0.766596726132187	0.943016530674842	-6.21658285207665	ENSG00000067113
Q92859	-0.0658801548910048	24.8344113817297	-0.205346264675791	0.837971448584173	0.966467493470706	-6.23944067060171	ENSG00000067141
Q15629	-0.196136617925063	25.9159732937199	-0.348115534679852	0.728930245402303	0.932189640754868	-6.2007849616789	ENSG00000067167
P14618	0.274625363959004	33.7199517682808	3.09810161057031	0.00292107669546705	0.050407060823993	-1.89914485517662	ENSG00000067225
Q7Z478	-0.165821612909735	26.4911481228084	-0.368689368360806	0.713611180116836	0.925432813102111	-6.19357742038017	ENSG00000067248
Q12888	-0.115813236951169	27.0190340533229	-0.581067525567754	0.563292397343466	0.881123344319671	-6.09516058430186	ENSG00000067369
P61586	-0.191369121766261	30.8051085601702	-1.14195362697471	0.257845744114889	0.658433566917771	-5.62813574664659	ENSG00000067560
Q14562	0.354659761307595	24.1921557094021	0.825446537989496	0.412269524297515	0.798938038798591	-5.92820485673569	ENSG00000067596
Q9NSE4	-0.111197089520012	29.682519795163	-1.05157515822043	0.297058525051666	0.695816210097395	-5.72333700557574	ENSG00000067704
P21579	-0.344124313782558	24.0333780693135	-0.509974485958007	0.611872318528044	0.89744488760617	-6.13296766324126	ENSG00000067715
P51553	-0.0892369906739994	28.5112871236801	-0.702234393572883	0.485149890472644	0.836812812052665	-6.01951558081998	ENSG00000067829
Q13464	0.219975137847545	27.11980460595	1.28471014814107	0.203652462062614	0.589339500519797	-5.4625155431206	ENSG00000067900
Q13951	0.383259949394287	25.4854251806674	1.79964211662227	0.0767623949397065	0.363987251831495	-4.71493005284945	ENSG00000067955
Q15120	0.366261607117892	24.480149507662	1.01512745959848	0.313973421978033	0.712410296188231	-5.7595907816134	ENSG00000067992
P80217	0.766026895369009	26.5634959315494	2.9304934008899	0.00472627077556357	0.0672907429220578	-2.3287958928705	ENSG00000068079
Q13057	-0.236794459029529	27.3843912746631	-1.68030659008115	0.0979084343989934	0.41497039269745	-4.908574054728	ENSG00000068120
O60488	0.415234169101137	24.2363147168245	0.751928774973825	0.454926872825314	0.824632805985357	-5.98442657627206	ENSG00000068366
Q92917	-0.128124380528689	23.8285895822382	-0.386731306619096	0.700273663548172	0.920586375922899	-6.18691800868679	ENSG00000068394
Q4V328	0.29085006670191	26.7646328388583	1.2845052932236	0.203723630750012	0.589339500519797	-5.46276646220735	ENSG00000068400
O95602	0.285398213456645	23.3472977025187	0.44376252456254	0.658752572612158	0.904691039418433	-6.16378363415662	ENSG00000068654
O00139	0.0550276518457906	25.467751942218	0.154683725717783	0.877570970112261	0.973031343616299	-6.24837054877825	ENSG00000068796
Q14997	0.060253747164456	24.8594824997028	0.129513270569504	0.897368991396655	0.976230148794304	-6.2518734036368	ENSG00000068878
Q8IXJ6	0.137238483133171	24.2776666970058	0.305842341778146	0.760744902120074	0.941105081437488	-6.21430450996183	ENSG00000068903
Q96DZ1	0.219967814475101	26.3302484794229	1.02302302843611	0.310255180976409	0.709289509822052	-5.75184196659784	ENSG00000068912
Q8WUM0	-0.355521943045375	26.1697918429558	-1.04037497470426	0.30218867034339	0.700610042254468	-5.73460890738999	ENSG00000069248
Q9H1E3	-0.136320526804713	23.5366842651711	-0.170534803331623	0.8651430506231	0.970506166261881	-6.24584625463563	ENSG00000069275
Q96QK1	-0.289001549388558	30.0479999633962	-1.98542943444683	0.0515051358128512	0.294313244115597	-4.38990915536613	ENSG00000069329
O60884	-0.177133552957802	28.3130083766001	-0.869839684482382	0.387728926186642	0.780467270024275	-5.89177545281156	ENSG00000069345
Q13303	0.105854012834456	25.017882688744	0.196964552958163	0.844496789088932	0.968183200668751	-6.24109134211207	ENSG00000069424
P27338	-0.269040460938122	27.759315795877	-1.81647384943568	0.0741116876720775	0.359227584778523	-4.68665579177414	ENSG00000069535
P54709	-0.479567317290641	29.35052945907	-3.36012612151653	0.00133460742503597	0.0303233928696714	-1.19349403902191	ENSG00000069849
P51159	-0.265872507492279	28.7292699213191	-1.90518297556117	0.0613767170415836	0.326205885017306	-4.53376432130277	ENSG00000069974
Q9BXW7	-0.252107761719927	28.0348420024332	-1.97868861978696	0.0522784935739832	0.295720565828766	-4.40219391505986	ENSG00000069998
Q92890	0.0698061641249268	25.7138989818772	0.434009899908742	0.665781406445572	0.904691039418433	-6.1679635963878	ENSG00000070010
O95163	-0.272963798550794	25.3669278319282	-0.69533709169055	0.489431028950258	0.839530481555759	-6.02419937032809	ENSG00000070061
P80303	0.116207458598662	29.2813868141107	0.790737446114521	0.432098746252178	0.811096200796257	-5.95538780853953	ENSG00000070081
P35080	-0.270641759203194	26.8617503478272	-1.3728542880693	0.174721970443837	0.550349558851194	-5.35105058099453	ENSG00000070087
P11277	-0.282134643714354	29.5181209393548	-1.54407750630336	0.127637082120663	0.475413257379765	-5.11479646710222	ENSG00000070182
Q8WWI5	-0.702285130264869	28.3273169418784	-3.874044926738	0.000259742770763201	0.011997403877357	0.299146244981288	ENSG00000070214
O00471	-0.954610591384693	25.0774677103681	-2.7926687617187	0.00693512582086082	0.0850455563881477	-2.66865422110114	ENSG00000070367
P53675	-0.192101553289671	22.5647510368813	-0.476196630363207	0.635601007776995	0.900553762545728	-6.14921894812904	ENSG00000070371
Q9BV68	0.201963181673939	23.2852157439723	0.452064434082476	0.652793489360789	0.904691039418433	-6.16015274135708	ENSG00000070423
Q6NYC1	0.508753594268665	23.4670491645576	1.7826803665783	0.0795131885430126	0.371416387060208	-4.7431836513927	ENSG00000070495
Q9NSC7	-1.61340399874891	27.0112198677004	-3.58219832890562	0.000669828933900228	0.0197168238765131	-0.566902752291393	ENSG00000070526
Q9HCG7	0.590560207638156	24.8530010121158	0.50289843470504	0.616842918796806	0.897939625005374	-6.13643191834379	ENSG00000070610
P08243	0.0206338558801562	25.3242014209182	0.0433892158780483	0.965530117099783	0.992840982188405	-6.25916658325601	ENSG00000070669
P11940	0.291369336686852	31.3799552636484	2.93998520730276	0.0046011978825258	0.0660271896142452	-2.30493685852285	ENSG00000070756
Q9Y6A4	-0.696505221575922	23.9410391329675	-1.31530603851572	0.193230126516736	0.577677565732325	-5.42461512164075	ENSG00000070761
P19784	0.121690603846837	27.1844415816864	0.90869133998592	0.367016866276282	0.763068823069594	-5.85836759272424	ENSG00000070770
Q9NR50	-0.126552398030839	26.391268496846	-0.349611944372407	0.727809651484189	0.932068114030832	-6.20027653904318	ENSG00000070785
Q13428	-0.491383830583516	26.2689599726205	-1.70581474540679	0.0930265985558004	0.402217476495576	-4.86819299434241	ENSG00000070814
P60953	-0.123301638442229	30.5626597699276	-0.554391928461053	0.581296483353646	0.887666649592057	-6.10991834097447	ENSG00000070831
Q9H4L5	-0.134120155152395	23.1800315909433	-0.269886516036491	0.788140015025435	0.951535863469539	-6.22443068079163	ENSG00000070882
P20020	-0.309138959937155	28.6884918773348	-2.49206847970956	0.0153757533349124	0.147612646012812	-3.36535713454146	ENSG00000070961
O43639	-0.549423517363024	24.4051545092936	-1.0371075232387	0.303696608785139	0.702285336593993	-5.73787534667577	ENSG00000071051
P62899	0.00745878430376123	30.1237149501934	0.0296371306877471	0.976451455929121	0.995421890307053	-6.25965849044912	ENSG00000071082
O75083	-0.342514725830707	32.1426907556473	-3.06711923389226	0.00319663567210592	0.0544726697499799	-1.97988181622732	ENSG00000071127
Q9NZU5	0.335050360976666	24.7464709764766	0.727845651000434	0.469436286721608	0.82980672773388	-6.0017258437759	ENSG00000071282
O43709	0.11682200205799	23.0050023890836	0.20106532804369	0.841302853061799	0.967446610626944	-6.24029232858209	ENSG00000071462
Q9UBV2	-0.204856888389923	27.3175832622136	-0.375378930017863	0.708672791091206	0.924425321684442	-6.19113122692649	ENSG00000071537
Q15904	0.188443917287863	23.781030969087	0.398613171607604	0.691541920281801	0.917066656443741	-6.18235878892837	ENSG00000071553
Q96EP5	-0.522500117724086	26.5281650541799	-1.1989880269715	0.235075668560981	0.631461882100016	-5.56419367253481	ENSG00000071626
Q14320	0.336330189165551	24.4239338302084	0.616669259503598	0.539701147129124	0.868138747874664	-6.07439686940496	ENSG00000071859
P98173	-0.172398002816937	22.9805232102921	-0.315068188278765	0.753763343396395	0.938088839629172	-6.21150296307738	ENSG00000071889
Q10570	-0.148796074647016	25.6426911943082	-0.377665923467112	0.706963102620962	0.923591231095377	-6.19030418516273	ENSG00000071894
Q8TC12	-0.0856596258571471	27.2694035470911	-0.604184467576271	0.547916154220755	0.872601281824116	-6.08181712785435	ENSG00000072042
P17612	-0.164243461015523	28.3573408349295	-1.12783455541828	0.263716971584077	0.663747470142812	-5.64350442514306	ENSG00000072062
P12814	0.110553116738913	32.2595221384198	1.16611344283735	0.248015767388241	0.648327164477087	-5.60141329807636	ENSG00000072110
P51648	-0.323136456507417	29.1097244514337	-3.40854592604817	0.00115018428928596	0.0276297573985742	-1.05878404205667	ENSG00000072210
P02786	0.178422744523047	28.7724686034059	1.30586061331495	0.196403955842338	0.580482802822909	-5.43640551143005	ENSG00000072274
P51668	-0.259928544252634	23.710864599333	-0.508998239985159	0.612552466178212	0.89744488760617	-6.13345284992918	ENSG00000072401
Q8N3R9	-0.301065819235969	23.873335081857	-0.497374573488573	0.620676787867559	0.899037114426398	-6.13915888932758	ENSG00000072415
Q14683	0.0184534859711398	29.1121400841685	0.193585559754024	0.847130528609567	0.968707167377975	-6.24173736402384	ENSG00000072501
Q99714	-0.195794645514304	30.3093192131841	-1.80836036770172	0.0753797005496234	0.362473992149115	-4.70031442806141	ENSG00000072506
Q7KZI7	0.276933971263077	26.9388479378156	1.2752060889086	0.206973822387488	0.593929184154424	-5.47411681273792	ENSG00000072518
O15460	0.20330762303805	26.2592584507335	0.381365188716996	0.704234207676753	0.9220141979499	-6.18892911776417	ENSG00000072682
P31994	0.00288296956559009	23.5840310367582	0.00501344259055261	0.996015896222006	0.998396081268125	-6.26007645054238	ENSG00000072694
Q96Q11	-0.0557286687987748	28.9375909181725	-0.100653065935479	0.920158812216628	0.984234210085773	-6.25512423466094	ENSG00000072756
P49748	-0.0868240599153616	31.6807814619512	-1.16622950100326	0.247969203572619	0.648327164477087	-5.60128363867138	ENSG00000072778
O94804	0.515846186426955	27.0173153802194	2.90535242778316	0.005072939639147	0.0698554036673449	-2.39171206301444	ENSG00000072786
Q15027	1.3139805395559	27.1202026116227	1.6761396863499	0.0988736508123435	0.416982225738368	-4.91538551523322	ENSG00000072818
Q14194	0.137433028938027	25.0328169250344	0.419251806258879	0.676474995456354	0.908575899069828	-6.17411334864203	ENSG00000072832
Q9Y6F6	0.62334340193754	27.4019541466267	0.359658848059642	0.720367292446836	0.928936875612524	-6.19675628624334	ENSG00000072952
Q9BXS5	-0.00302523466818627	26.5303979294783	-0.017426809057953	0.986151842863055	0.996938449968898	-6.25994000017846	ENSG00000072958
P15151	0.140483048400569	24.8520647015339	0.342380178045312	0.733217847885583	0.932508109502526	-6.20272300946856	ENSG00000073008
P18887	0.0116583899588072	25.0361092861246	0.0518870000463106	0.958784834959704	0.992074856506437	-6.25877000193261	ENSG00000073050
P49736	0.172753679822254	27.252654891101	0.894564959820628	0.374464636557832	0.769642517538263	-5.8706790750354	ENSG00000073111
Q9BVL4	0.032901784472422	24.2383139653773	0.116718891907176	0.907458471909166	0.97945453751171	-6.25341621481977	ENSG00000073169
Q6P1M3	-0.251710657170339	28.6579102511406	-1.93867456626174	0.0570768057589432	0.310962481961253	-4.47436104292257	ENSG00000073350
Q9NVX2	-0.0875515023085462	23.2645375684431	-0.153977534139486	0.878125423334495	0.973031343616299	-6.24847727993218	ENSG00000073536
P31040	-0.34098461966973	30.9328750059887	-2.63363561398316	0.0106423407539057	0.116297964190477	-3.04505774534543	ENSG00000073578
Q969G3	0.110605632949142	26.8139301911203	0.695400210173386	0.489391757225667	0.839530481555759	-6.02415671434046	ENSG00000073584
Q8TAX9	-0.126816631812009	25.8410546263049	-0.287105916040233	0.774984506122985	0.945819665405852	-6.21973860119627	ENSG00000073605
Q96AC1	-0.343427795711154	28.6774619974415	-1.61165499945644	0.112094892741099	0.442718267674068	-5.01449540317405	ENSG00000073712
O95342	-0.412384319362051	22.7505827642957	-0.890349732513338	0.376705424361218	0.770243892448389	-5.87431636713029	ENSG00000073734
Q9BPW9	1.07829930031206	25.672616289235	2.79534402961939	0.0068844381112944	0.0850455563881477	-2.66217619713871	ENSG00000073737
O43866	0.762671354632403	23.5810627956147	1.47290267575184	0.145814524021079	0.509696538132655	-5.2161393072312	ENSG00000073754
Q9Y6M1	-0.375113103126711	27.7910056979949	-2.07225249822806	0.0423890269322674	0.266913815082741	-4.22842382178748	ENSG00000073792
P15907	0.327136826711783	24.5056136145062	0.579088596491747	0.564618524113986	0.881549891788552	-6.09627894171091	ENSG00000073849
Q13492	-0.38919195192225	28.0728232095951	-1.35369802098372	0.180726229256872	0.561538534551408	-5.37586738552189	ENSG00000073921
P46459	-0.0738245467505365	29.8579962158766	-0.932817866244553	0.354517146389314	0.752210894654058	-5.83690701494811	ENSG00000073969
Q7Z460	0.43821418366214	26.1506314578374	0.931611753866341	0.355135409028582	0.752936775051656	-5.8379928306238	ENSG00000074054
P82930	-0.339000493164036	26.8687275438981	-1.59018472943373	0.11685811057162	0.451613945391243	-5.04679058107848	ENSG00000074071
P54105	0.226131713771654	25.8588332078023	1.22671776441892	0.224547147194793	0.617787887816955	-5.53203238694754	ENSG00000074201
Q99816	-0.398336072919502	27.5907239138514	-1.92430293591634	0.0588894690779702	0.317728363064856	-4.49996371872455	ENSG00000074319
Q93084	0.14989126560652	29.8982541865344	1.63739653460246	0.106592160052976	0.432630725434814	-4.97525237091333	ENSG00000074370
O43570	-0.709384348504017	29.084671256164	-3.23460055987667	0.00195128714000345	0.0386922500888684	-1.53655146110396	ENSG00000074410
Q99685	-0.461385985481595	27.5313704510449	-2.15843167622628	0.0347573106282304	0.235150886917792	-4.0622337692891	ENSG00000074416
Q9Y276	-0.144473806603386	25.95391165513	-0.659756702558761	0.511842993551966	0.851757974425609	-6.04763796836066	ENSG00000074582
P49257	0.525849582268531	30.5479726438935	3.75100932827133	0.000388700762416519	0.0146628690737605	-0.0703282579088098	ENSG00000074695
Q9P035	-0.884724171808738	27.28697860212	-2.45303515363666	0.0169802933356864	0.15702785126836	-3.45118293002633	ENSG00000074696
O43149	-0.183378431601817	27.7245905824544	-1.29017330013208	0.201761339929524	0.587088893615632	-5.45580996469518	ENSG00000074755
P06733	0.246725562514513	34.3853739645174	2.73537122410135	0.00810655137302282	0.0952694496489083	-2.80624714507482	ENSG00000074800
Q969H8	0.262923258607469	28.9984957221682	1.52941887416794	0.131225339386547	0.482516369301982	-5.13603029453172	ENSG00000074842
Q9HCE6	-0.0233134908156316	25.9379725337414	-0.121738422812512	0.903498217797487	0.97792294197096	-6.25283003665731	ENSG00000074964
P30626	-0.470705279254247	31.2154091471876	-2.81707358677925	0.00648518970533913	0.0815485923929013	-2.60938302106431	ENSG00000075142
O43432	0.405477253466021	24.5865810731357	1.28023969869026	0.205209756905313	0.592068150478663	-5.46798262252972	ENSG00000075151
Q8NFH4	-0.521354838196633	24.7236735075812	-1.2225474796942	0.226108111767539	0.620204996714481	-5.53691384508069	ENSG00000075188
Q5R3I4	-0.548195338779458	28.8799605323642	-2.50249686949715	0.014971104905411	0.145262339945207	-3.34224901844461	ENSG00000075234
P24752	-0.383512124371975	31.6013374313152	-3.14532297856888	0.00254347123277446	0.047336343455014	-1.77496731926436	ENSG00000075239
Q6IC98	-0.191617014745173	25.3911227507431	-0.687275317697515	0.494461247122	0.843033391036102	-6.02961625634417	ENSG00000075240
Q14966	-0.0667732676125112	23.3178463671184	-0.156630573193723	0.876042758286314	0.972742189452835	-6.24807378248802	ENSG00000075292
Q8TBP6	-0.488436133130236	24.6642357913353	-1.01186448411949	0.315518779901749	0.713318369321822	-5.76277616843517	ENSG00000075303
Q9BVV7	-0.46341944264875	23.8456573026661	-1.31139457549354	0.194539735037786	0.57873713865851	-5.42950739660216	ENSG00000075336
P35612	0.386550290264083	22.4732114025707	1.16583300411117	0.248128308363202	0.648327164477087	-5.6017265514392	ENSG00000075340
Q00325	-0.242204183205743	31.0727960020671	-1.32821451000213	0.18895526256714	0.571480600160501	-5.40837226530059	ENSG00000075415
Q53EP0	0.0815982568132476	24.7037684908115	0.200269412036226	0.841922554013668	0.967446610626944	-6.24044869437845	ENSG00000075420
O94915	-0.151592998890806	26.1762326762028	-0.43354568504667	0.666116729005136	0.904691039418433	-6.16816025707219	ENSG00000075539
Q16658	-0.169525545824577	27.9928772959875	-0.727851249904765	0.469432883346856	0.82980672773388	-6.00172188627519	ENSG00000075618
Q13393	-0.170055293412037	23.4234126954443	-0.331607991828143	0.741298843449394	0.934627021605365	-6.20627273507659	ENSG00000075651
Q12959	-0.233390378967407	28.0228219581341	-1.83567273275448	0.071182176857296	0.35032167003866	-4.65411754401069	ENSG00000075711
P51149	-0.0850610820047883	30.8941672984907	-0.803795584575272	0.424573082746551	0.805811698176524	-5.94529519864979	ENSG00000075785
Q9UHQ4	0.447307138365812	25.5901686239067	0.541483316656186	0.590129353938368	0.890665753397709	-6.1167909054601	ENSG00000075790
Q15020	0.0326170239308361	27.8436855201502	0.286123190128208	0.775733565266915	0.946113874166962	-6.22001416751361	ENSG00000075856
Q15024	-0.0862061917235835	24.8783573683743	-0.187785658957649	0.851655296032983	0.96894755612696	-6.2428202042784	ENSG00000075914
Q14566	-0.127816614284409	26.9038529660307	-0.440447316788663	0.661138460601746	0.904691039418433	-6.16521488164415	ENSG00000076003
Q9Y3B8	0.317062945630774	26.5453999812509	1.66582647027854	0.100771720152644	0.421401986190465	-4.93125065784836	ENSG00000076043
Q9Y580	-0.239407544658786	22.5522768891092	-0.653110881434864	0.516089184021417	0.854538367874022	-6.05188148002622	ENSG00000076053
Q9H3S7	-0.0701298609073611	26.9118131988387	-0.412837902856835	0.681143532897005	0.910204077595426	-6.17672011588392	ENSG00000076201
P13051	-0.67866003371871	23.7512866820975	-1.4709244867877	0.146347344524981	0.510904013889066	-5.21889254680608	ENSG00000076248
O75051	-0.380491489536375	23.7478039179601	-0.965601752925037	0.337978938713323	0.735141926956866	-5.80687079705401	ENSG00000076356
Q8IZ07	-0.645689830457723	24.6479502810732	-1.19732549635231	0.235718095358747	0.632564357279158	-5.56609963549378	ENSG00000076513
P55327	-0.157981127371723	29.7122077804091	-1.21958523311837	0.227221707884814	0.621288851913194	-5.54037164696616	ENSG00000076554
P32942	0.634620201872966	24.2862336352488	1.47315230887523	0.145747394141677	0.509696538132655	-5.2157916237498	ENSG00000076662
P49902	-0.0636584677951184	25.9198164200996	-0.145412573238632	0.884854837953154	0.975031286806855	-6.24973290339825	ENSG00000076685
P43121	-0.073775305010571	27.6025700315544	-0.509247022678606	0.612379107522769	0.89744488760617	-6.1333292943694	ENSG00000076706
O75487	0.29489605295856	23.9377734737405	0.807157335365817	0.422648411918042	0.80471431221686	-5.94267071894731	ENSG00000076716
Q9P1Y5	0.0449080479266151	22.5500845135696	0.128829231215047	0.897908001222791	0.976230148794304	-6.2519599432619	ENSG00000076826
P47736	0.0123285704806797	22.9248175903729	0.0264896122833026	0.97895153436032	0.995421890307053	-6.25974504065779	ENSG00000076864
Q9HCS7	-0.0225958986434023	25.0611452018503	-0.043080508285151	0.965775210342963	0.992905773378615	-6.25917965870067	ENSG00000076924
Q92888	0.182347124418225	27.9816893260773	1.49397203172759	0.140233492434624	0.500126379493791	-5.1866016754922	ENSG00000076928
Q15833	0.214245517847939	28.2523398891839	2.01569916968822	0.0481521333897699	0.284354022263212	-4.33429365458778	ENSG00000076944
Q02880	-0.55542084832992	27.6509731039453	-1.73459099076301	0.0877613555136402	0.391943219996626	-4.82197625787908	ENSG00000077097
Q9HD45	-0.284338925312049	29.3002680447911	-1.74587853416376	0.0857644056321449	0.388110625653183	-4.80365668651547	ENSG00000077147
Q00653	-0.285784556038941	24.3934491512488	-0.550232740780607	0.584128297341374	0.88773116258104	-6.11215749108	ENSG00000077150
O60237	-0.219620246565331	25.1307908436915	-0.42268861247008	0.673978637375781	0.908195356389641	-6.17270010694503	ENSG00000077157
Q8IXB1	0.356272771653693	26.1962775133715	0.893002519709103	0.37529423329071	0.769642517538263	-5.8720292456753	ENSG00000077232
Q12789	-0.49731428348872	25.8172109746748	-0.961295263630429	0.340121982161842	0.736823383874757	-5.81087376690863	ENSG00000077235
P09012	0.125127175347494	28.7396607443732	0.557412055107113	0.579244338275148	0.886256839678559	-6.1082819587831	ENSG00000077312
Q9NQT4	0.251717965169235	23.8494163817216	0.848842190753384	0.399220757951287	0.788512970843142	-5.90923834242083	ENSG00000077348
Q13409	-0.302216282412513	29.0181835947259	-2.65239364727238	0.0101263344467217	0.112005885878242	-3.00156103625842	ENSG00000077380
Q7Z5R6	0.0840499158913453	23.8171475855117	0.235504022184058	0.814590410833754	0.956881825291329	-6.23293343941559	ENSG00000077420
O75427	0.484090865683228	23.497885067907	1.24929081748784	0.216234679474193	0.605518844021231	-5.5053357092043	ENSG00000077454
Q8N6T7	-0.0905922476712462	23.7471712060998	-0.190836902208877	0.849274248227001	0.96894755612696	-6.24225463859802	ENSG00000077463
P47756	-0.218481825422195	31.0719621105103	-1.42416744215306	0.159390434047963	0.532595039483722	-5.28296438556186	ENSG00000077549
P49459	-1.53206717748488	23.7975586917146	-2.83261153090992	0.00621290316337974	0.0804725913299518	-2.57144105964573	ENSG00000077721
P23142	-0.362913183375905	28.7015860785565	-1.95324902333844	0.055287324585536	0.305762455339683	-4.4482255490961	ENSG00000077942
P10398	-0.417545278452863	24.4678801760558	-1.23443664859505	0.221678757368346	0.615037198869091	-5.52295547081096	ENSG00000078061
Q96RQ3	-0.51324397572283	28.3252665822644	-2.93465106434886	0.00467110254651531	0.0666793774506492	-2.31835209617172	ENSG00000078070
P61086	0.119817340321053	28.1819652258065	1.04150935095669	0.301666347616718	0.700437313362072	-5.73347256479264	ENSG00000078140
Q8NEB9	0.0755236479877723	23.7989401824347	0.172331510565171	0.863735824380632	0.970506166261881	-6.24554486792098	ENSG00000078142
Q9NQ88	0.214499186333434	25.3966810740106	1.26522830724164	0.210503883713181	0.597374698834224	-5.48620852052612	ENSG00000078237
Q13362	0.214031149992433	24.3026412732903	0.564703180757658	0.574304500028955	0.883685586392464	-6.10429518196329	ENSG00000078304
P62873	-0.119306498897298	29.1622620349989	-0.547476140101066	0.58600876655667	0.887819623430424	-6.11363234289186	ENSG00000078369
O43847	0.57694080469993	25.8838565030764	1.97011414119955	0.0532765761405081	0.299267561614814	-4.41776744938684	ENSG00000078618
Q9Y277	-0.612301882646722	29.1807717219013	-3.00195340745081	0.0038571994089464	0.0607899086040022	-2.14776344770248	ENSG00000078668
Q15154	-0.62168463839895	23.3780805105206	-1.28121802216659	0.204868199287641	0.591708840421348	-5.46678773633071	ENSG00000078674
Q96J02	-0.30836661363691	25.2510192324819	-0.567298466841126	0.572551100140741	0.883685586392464	-6.10286371209573	ENSG00000078747
Q9H0E2	-0.172804050333511	26.9013695424067	-1.16483028187128	0.2485310034228	0.64843998165767	-5.60284601496237	ENSG00000078902
Q9Y2X8	-0.20813488866105	23.6746499102196	-0.368309530718728	0.713891664507683	0.925540960344166	-6.19371523003385	ENSG00000078967
Q12864	-0.668652311729623	32.731437754104	-3.9116847680522	0.000229301208165659	0.0116857896086667	0.413600865426511	ENSG00000079112
Q96FV9	0.256213980511763	23.0654531090796	0.432920250867154	0.666568615381399	0.904923772948542	-6.16842488623518	ENSG00000079134
Q9Y680	0.157504521386993	23.7146177891788	0.503583709379373	0.616330949947896	0.897939625005374	-6.13612709596361	ENSG00000079150
P13010	-0.0497093241947582	31.007090384881	-0.557523397773725	0.579168748696955	0.886256839678559	-6.10822146229139	ENSG00000079246
Q9BS40	-0.0714951758882698	28.1234931647856	-0.414319220392922	0.680064195125977	0.909811103047585	-6.17612162067294	ENSG00000079257
Q9HBL0	-0.495530397318191	28.2165121844378	-3.04039392103483	0.00345363139569187	0.0570686424263871	-2.04905109861572	ENSG00000079308
Q9NR31	-0.339973822831219	27.6673102797243	-0.909957149044864	0.36636404357402	0.762689442260677	-5.85724499157579	ENSG00000079332
P13688	0.762048028455183	26.6943904951358	2.77408487406221	0.00729681410296874	0.0878356011114537	-2.71352238664143	ENSG00000079385
P37268	-0.108983171033888	25.3550023851828	-0.352889876631089	0.725362832182675	0.931121356848429	-6.19915085757055	ENSG00000079459
Q15102	-0.0826238713784626	28.0526025366269	-0.744120076639664	0.459602845874346	0.827657248351728	-5.99009624899716	ENSG00000079462
P43652	0.263845372477903	27.5218053201099	1.98423234187025	0.0516417550190801	0.294313244115597	-4.39209346468245	ENSG00000079557
O76038	-1.10630925579676	28.3029739805376	-5.36140268882174	1.2815256915387e-06	0.00033276950456955	5.22812364095692	ENSG00000079689
Q5VZK9	-0.734328727072679	26.6627344382869	-1.60464699675371	0.113643503691956	0.445308002028273	-5.02509412493283	ENSG00000079691
P36871	-0.182596709454494	31.4831439404312	-2.08325316620212	0.0413402138896676	0.262430950338018	-4.20753507760654	ENSG00000079739
Q92499	-0.209049574655733	30.0033057563785	-1.47587850521355	0.145015857769931	0.50820788715902	-5.21199107090594	ENSG00000079785
P50570	-0.120213096612616	30.4224362685311	-1.20498764184145	0.232767886701745	0.628358062467631	-5.55729461811263	ENSG00000079805
O43491	-0.112825589911278	29.5873921068675	-1.05912871622963	0.29363254891563	0.694654355417322	-5.71566939984258	ENSG00000079819
O15400	0.132972818270332	27.918683979115	0.991044186145865	0.32549968508221	0.72364502748647	-5.78286784914995	ENSG00000079950
Q14145	-1.2153881881156	23.2080716704405	-2.23261086440915	0.0291796197700108	0.216732220796054	-3.91455588760317	ENSG00000079999
Q9UL25	-0.0181856076329936	27.9999129293396	-0.131103333110035	0.896116240609253	0.976133012393579	-6.2516704708532	ENSG00000080371
Q9Y6R1	-1.5331358391631	27.637159581096	-2.53362122469721	0.013885690028962	0.138678878622582	-3.27531413588124	ENSG00000080493
P51531	0.215785953491807	26.8776930491732	1.06903632244776	0.289180177646148	0.688001530848363	-5.70553207235049	ENSG00000080503
Q6ZRS2	-0.519436834637851	25.397274028197	-0.535773830852314	0.5940541627087	0.891538678272224	-6.1197814509716	ENSG00000080603
Q15397	0.179196351887793	23.9391131062653	0.494449129651385	0.622729058398841	0.899037114426398	-6.14057439465452	ENSG00000080608
P49768	0.0536094424708118	25.43874744538	0.110927967301522	0.912030254321978	0.98085768999526	-6.25406183115574	ENSG00000080815
P36551	0.251362855462272	27.266203131222	1.93462084302135	0.0575832165698641	0.313062093674446	-4.48159966473098	ENSG00000080819
Q9NY35	-0.115639812082247	22.2259538847633	-0.384364921783089	0.702017573536341	0.920880882485847	-6.18780962883468	ENSG00000080822
P07900	0.0853707423699177	32.5873842925298	1.04425723674738	0.300403638490522	0.699217267869826	-5.73071496523658	ENSG00000080824
Q9Y2H0	-0.0286539099689236	23.4460794357306	-0.063929907012175	0.949230834336902	0.989108415516392	-6.25808681839484	ENSG00000080845
Q8WW12	0.231345897158622	23.265804339494	0.443001889327365	0.659299673136589	0.904691039418433	-6.16411295954243	ENSG00000081154
P08575	0.212938627061032	29.1463553312209	1.13874215448514	0.259172966905089	0.659566811623273	-5.63164754091244	ENSG00000081237
Q9GZZ9	0.10073086359095	25.7157257577678	0.338926159697449	0.73580571081029	0.933321363351595	-6.20387351320205	ENSG00000081307
Q86V21	-0.10691475853595	26.0840722097577	-0.423248674417302	0.673572178115168	0.908195356389641	-6.17246871824675	ENSG00000081760
Q9Y547	-0.402177872409897	24.3392455978954	-0.656860863404964	0.513690923379139	0.852970763789778	-6.0494922354114	ENSG00000081870
O43520	-0.558698704168783	27.9261886422212	-2.30972658006747	0.0242325137708959	0.192904959989337	-3.75656885989373	ENSG00000081923
O15117	0.0528490162152409	25.0407980020449	0.120153550233198	0.904748372335419	0.978297495610207	-6.25301778180608	ENSG00000082074
Q7L1Q6	-0.472808655973626	28.1540383464871	-1.72279124274665	0.0898898312646364	0.397541970710513	-4.8410122078521	ENSG00000082153
P23368	-0.0280416042707614	30.0540293611738	-0.390557459570765	0.697457400195637	0.918627247586294	-6.18546484898593	ENSG00000082212
Q49AR2	0.29501859251355	22.4111460053294	0.991400246183092	0.325327246699171	0.72364502748647	-5.78252764605714	ENSG00000082213
Q9Y2J2	-0.620416295339052	27.5450660477016	-2.79778780413815	0.00683843456615741	0.084943015237486	-2.65625455937259	ENSG00000082397
Q92796	-0.0543084923050579	26.7328795166464	-0.294928176052114	0.769029878397717	0.94351643232578	-6.21751156279344	ENSG00000082458
Q9NWU5	-0.553106051537423	26.2651812788919	-2.96894541516266	0.00423831082817867	0.0636680687219237	-2.23178612581524	ENSG00000082515
Q8TEQ6	0.346113040073742	24.1606144603128	0.731500158723996	0.467217815722934	0.82980672773388	-5.99913634911721	ENSG00000082516
P49841	-0.274503641443768	25.6426876803817	-0.857183503015507	0.394630673105781	0.786616304109284	-5.90235100826958	ENSG00000082701
P18084	0.725132426286759	24.7500141553724	1.43079537482262	0.157488535570596	0.529787158831868	-5.27399952141026	ENSG00000082781
Q8IUD2	0.118730489790742	26.1475598429325	0.610101748910375	0.544014694543153	0.870769877284913	-6.07831891438055	ENSG00000082805
O14980	-0.608605412686021	28.8431018211347	-2.21366577900679	0.0305284069392045	0.222685321692121	-3.95274286296862	ENSG00000082898
P21953	-1.0483073999276	25.1404093240244	-1.89903754500517	0.0621948425074116	0.32867916919315	-4.54456485532002	ENSG00000083123
Q5VYS8	-0.226017745868344	24.8335423392988	-0.303214291764276	0.762739616794382	0.941638924695442	-6.21508583284724	ENSG00000083223
Q92973	0.0688891607435131	28.1614208151682	0.47655365652071	0.635348125636195	0.900553762545728	-6.14905295078952	ENSG00000083312
Q02809	0.197678076720283	25.155751488041	0.466540315413865	0.642457017009375	0.902647786771382	-6.15366176024356	ENSG00000083444
Q9Y2L1	-0.100161840128305	27.1235562026684	-0.291670737225369	0.771507903126688	0.943995624264784	-6.21844622574013	ENSG00000083520
Q9NTI5	-0.377900709968838	27.8320307567585	-1.33269686293295	0.187487678636338	0.570433147813047	-5.40269708827264	ENSG00000083642
P55809	0.089844517148947	28.3463635399052	0.890422732392374	0.376666546143159	0.770243892448389	-5.87425351837663	ENSG00000083720
P46782	0.269469317687474	30.465142857247	2.05757271615996	0.0438244612525198	0.270639623114372	-4.25614941629151	ENSG00000083845
Q14517	0.108190214469396	22.7963705798333	0.221106938252662	0.8257326369332	0.960887765513602	-6.23615082174136	ENSG00000083857
Q96MU7	0.0530068398959713	23.1463225029587	0.0932687634616312	0.925989507197743	0.985606697198344	-6.25582787965412	ENSG00000083896
Q9UQN3	0.346448917917581	23.804590173738	0.487430291675272	0.627665180434649	0.899825244544314	-6.14393675207658	ENSG00000083937
Q8WU79	-0.156733844089437	25.2149981959592	-0.39008233502381	0.697806887466979	0.918672370197353	-6.18564607369084	ENSG00000084070
Q9UNP9	0.345399820277478	25.1991650909685	0.602546727721975	0.548998467988849	0.873198952852428	-6.08277938553966	ENSG00000084072
O75844	-0.132440189067282	27.3976285181241	-0.613211465408078	0.54197004225751	0.869735915370865	-6.07646699523949	ENSG00000084073
Q9NQZ5	-0.364819263000548	23.5124732820087	-0.482894025294226	0.630864511139526	0.899825244544314	-6.14608446687872	ENSG00000084090
Q8NC60	0.314127298769044	22.4102516234097	0.763809061639764	0.447865675295455	0.821463682269127	-5.97568925562646	ENSG00000084092
P09211	0.114018320266474	33.2739070893095	1.16081864875472	0.250146765471677	0.649857223495501	-5.6073154888482	ENSG00000084207
Q06481	0.25486921900529	23.2233368765458	0.532050295853358	0.596584527500036	0.892433047957529	-6.12175018002128	ENSG00000084234
Q9Y2W2	0.370667578992247	23.4324701928323	0.670406492814572	0.505077689738271	0.849010062312821	-6.0407495474035	ENSG00000084463
Q13347	0.0603352326291322	29.3522216359536	0.504701557778529	0.615550011109021	0.897939625005374	-6.13557731162049	ENSG00000084623
P40222	-0.145927291749352	27.3227949941696	-0.281302326340691	0.779422688738488	0.948560620820994	-6.22134511555444	ENSG00000084652
P04114	0.085242312437888	30.7155056650069	0.469160083413705	0.640593855440406	0.902647786771382	-6.15246535146413	ENSG00000084674
P61026	-0.0241058354154795	29.7730539221309	-0.0998983069548183	0.920746072100912	0.984476143365936	-6.2552006615347	ENSG00000084733
P40939	-0.409506992255388	31.9734317741957	-4.35679288249514	5.02517334939969e-05	0.00455447739469671	1.8137131918055	ENSG00000084754
Q9UPY8	-0.09577723774796	22.327334470346	-0.286774098423995	0.77523740216084	0.945819665405852	-6.21983175158794	ENSG00000084764
P27708	0.366692014886763	27.9750808591564	2.36710334745323	0.0210500454822497	0.176243805267246	-3.63611474584872	ENSG00000084774
P13987	-1.19263179229155	26.594366431238	-2.17286134955587	0.0336309588421827	0.232727942343176	-4.03416388035647	ENSG00000085063
P27701	0.00436785247662286	23.8803835963451	0.0119322354076807	0.990517828923945	0.997028532073778	-6.2600190194262	ENSG00000085117
P46100	0.230485496338762	22.5131882545713	0.583613791788651	0.561588350871864	0.88047421331762	-6.09371605630005	ENSG00000085224
O15126	0.125466550373936	26.5964761774007	0.535602759457369	0.59414112540643	0.891538678272224	-6.11990106410415	ENSG00000085365
P48147	-0.535870589000275	30.0043282072445	-3.62692868070285	0.00057962109718535	0.0178569143669588	-0.435461738834213	ENSG00000085377
Q96EE3	-0.698624147941992	25.6289147997704	-1.70011744554809	0.0940992518891842	0.405631004388713	-4.87726011939497	ENSG00000085415
Q8IWB7	-0.745038760839783	26.4982512440501	-1.57779495766374	0.119691483621153	0.456098993840774	-5.06525737183489	ENSG00000085449
Q6NUK1	0.0233368257634794	30.1187988723677	0.172808993528399	0.863362070866889	0.970506166261881	-6.24546418208591	ENSG00000085491
P08183	-0.765010268938401	25.8598696216877	-1.60632855160123	0.113261699630503	0.445308002028273	-5.02254441934553	ENSG00000085563
P15121	-0.469110555251987	28.9832217850763	-2.03004239438468	0.0466300338617391	0.279769486276351	-4.30768391389346	ENSG00000085662
O75131	-0.240348557473627	28.9052395232006	-1.32476636394067	0.190090124035722	0.572400269927018	-5.41272574803168	ENSG00000085719
Q14247	0.0645180207348055	29.1803902272594	0.239200153853307	0.811737751806566	0.956784310461773	-6.23207380648542	ENSG00000085733
P46199	-0.330840644448195	24.477979706959	-0.742226656261902	0.460740794775834	0.828783482631863	-5.99146225517933	ENSG00000085760
O94830	0.468649333588388	24.3150118553913	0.660210404463537	0.511553793761276	0.851757974425609	-6.04734672496703	ENSG00000085788
Q5SRH9	-0.479931877995142	24.607901497453	-1.23410144043031	0.221802761948296	0.615037198869091	-5.52335077847231	ENSG00000085831
P42566	0.00164573260933665	27.2860877765783	0.00941506153332452	0.992518079516301	0.997182823919789	-6.26004534112158	ENSG00000085832
Q99735	-0.463585618034269	27.211576358234	-0.924635939653519	0.358765063941081	0.755637656883243	-5.84420492124593	ENSG00000085871
Q8IWX8	0.085874538260498	26.4181756288909	0.425613669794956	0.671856884315241	0.908195356389641	-6.17148826579816	ENSG00000085872
Q676U5	0.0686170100483565	24.2026228879057	0.154133693115218	0.878002812727327	0.973031343616299	-6.24845372067271	ENSG00000085978
P31689	0.15057605051221	28.2487276133548	1.0204127697669	0.3114811154302	0.709289509822052	-5.7544101256656	ENSG00000086061
P15291	0.311202301018543	25.2413593349472	1.05171483999957	0.296994923829462	0.695816210097395	-5.72319569476696	ENSG00000086062
Q9NZZ3	-0.297068104237567	25.3409298901074	-0.879359283939825	0.382587611051611	0.775620641885966	-5.88372124706394	ENSG00000086065
Q9UI26	0.32470849957723	22.6467361863354	0.672235030497814	0.503920979209114	0.848373294111547	-6.03955589449789	ENSG00000086200
P49903	0.234998075550813	27.160741677197	1.76435814195168	0.0825763422579653	0.378914294428102	-4.7734329611963	ENSG00000086475
Q13084	-0.459316971284039	26.0087227492008	-1.71088704702225	0.0920800929792187	0.400728449334142	-4.86009738195339	ENSG00000086504
P09105	-1.03059393238059	23.3655772838369	-2.18616134792431	0.0325715271117911	0.230068053549996	-4.00752597598146	ENSG00000086506
Q9NW64	0.140673391524068	24.3766689639397	0.258360887951297	0.796980490744478	0.952932026374727	-6.22740958547224	ENSG00000086589
Q15363	0.00820483505372493	27.9414834907001	0.0382632441540271	0.969600210954736	0.993813704858371	-6.2593716012489	ENSG00000086598
P37059	-0.537005013123085	27.7650469602566	-2.2934575200858	0.0252094568892404	0.199516935293219	-3.79027419795949	ENSG00000086696
Q7Z6Z7	0.00903886575510526	29.8225153885445	0.0934694849797252	0.925830701140082	0.985606697198344	-6.25580952176157	ENSG00000086758
O43264	0.17303894445007	25.6213829543959	0.814715441155586	0.418340402381018	0.802405808888372	-5.93673106142225	ENSG00000086827
Q9H6U8	0.0253934478641682	24.4789728272995	0.0620291481360385	0.950738303038333	0.989251460912291	-6.25820408823875	ENSG00000086848
O15254	-0.0715987439367645	24.4634601127885	-0.168714779906139	0.866567856873115	0.970506166261881	-6.24614878600566	ENSG00000087008
Q15654	-0.0268008452618496	24.0808003286033	-0.0477315428612914	0.962082963400229	0.992154633017358	-6.25897277003144	ENSG00000087077
P02792	0.537742427218348	26.2641470041162	1.15870526568799	0.251000986834667	0.650526797152776	-5.60966413976483	ENSG00000087086
Q9BXP5	-0.275371290757338	28.519047518347	-1.20385415014074	0.233202624075154	0.628908956024637	-5.55860055275383	ENSG00000087087
Q07812	0.456790070977114	28.479543174613	3.99431271580134	0.000174036741351451	0.00981194235106624	0.667118868149036	ENSG00000087088
Q96S52	0.250641171932223	27.3525140578277	1.96631768943774	0.0537236695229996	0.299851760398073	-4.42464384591656	ENSG00000087111
P62195	0.207946862988525	29.0922421201342	1.91628759112238	0.0599215279775897	0.320659560413932	-4.51416972923007	ENSG00000087191
P08253	-0.941269034433201	23.3787186322588	-1.44205005430544	0.154299390130154	0.524901707373501	-5.25868754939947	ENSG00000087245
Q7L5N7	0.638314776530688	25.7772705522042	1.69459364758273	0.0951489163250666	0.40825384206869	-4.8860248193492	ENSG00000087253
P09471	-0.415033983312085	27.3081826623163	-2.08635931997002	0.04104817597118	0.261501955372193	-4.20161960509495	ENSG00000087258
P78316	-0.0537665163900485	22.9161064067352	-0.123871269599053	0.901816206041516	0.977800741991114	-6.25257349682928	ENSG00000087269
P35611	-0.425574797126636	28.9954936430932	-4.02126701318736	0.000158965460525432	0.00942215930701284	0.750479607074514	ENSG00000087274
Q9H9P8	-0.624652269906829	26.9242134767608	-2.98198031251745	0.00408381078551775	0.0625534275658098	-2.19868755752664	ENSG00000087299
Q9Y224	-0.605744379353055	28.3521021723719	-2.41355783763951	0.0187524209075119	0.165234458872314	-3.53679878115428	ENSG00000087302
Q14112	-0.315773121729642	28.6172190793144	-2.43501670439833	0.0177690186881551	0.160404317123718	-3.49038543439487	ENSG00000087303
Q13435	0.0503831563672392	29.4649124075259	0.553605982041341	0.581831096553605	0.887666649592057	-6.1103427439761	ENSG00000087365
P63092	-0.0746206543260115	29.4546362826978	-0.731822574832193	0.467022379059556	0.82980672773388	-5.99890728135441	ENSG00000087460
O00429	0.0264616981216115	28.2867188052303	0.207294584679837	0.836456255860699	0.966103794968921	-6.23904713533384	ENSG00000087470
Q96RQ1	-0.464156267078369	25.1890161110296	-0.86273622913689	0.391593302571872	0.784314072507352	-5.89772974507201	ENSG00000087502
O00625	-0.0375215859644804	23.3006660100537	-0.0802669230588105	0.936282394317171	0.987531394271817	-6.25693296933387	ENSG00000087842
Q9H7C9	-0.486643110894608	25.6611495303865	-0.934000702960243	0.353911491634944	0.751510655718594	-5.83584082799717	ENSG00000087884
P48378	0.314454595269073	23.1502323444147	0.867237653061812	0.389141695572799	0.781867968297154	-5.8939620667155	ENSG00000087903
Q9Y672	-0.150742470160612	23.458273633851	-0.261142420489504	0.794844486578507	0.952502718023134	-6.22670254568919	ENSG00000088035
O75175	0.177160217484087	25.2939470161549	0.705047904569957	0.483409533220828	0.836450271297841	-6.01759193463879	ENSG00000088038
Q9NVP1	-0.0992031054345368	26.441429759947	-0.455106577782991	0.65061549104513	0.904691039418433	-6.15880550599278	ENSG00000088205
Q92945	0.12402752487111	29.667357517989	0.757247257522103	0.45175785355445	0.824285416019342	-5.98053172719792	ENSG00000088247
P29992	-0.47397602981551	28.5468283350395	-3.06109901803899	0.003252919737136	0.054615290031022	-1.99550154417218	ENSG00000088256
Q9H4G0	-1.16875242223777	25.4699332723006	-3.32824873607876	0.00147091452955596	0.0326052720718238	-1.28146505096277	ENSG00000088367
Q9BZ29	0.27778589889364	23.105265282749	0.571650023739505	0.569617002528779	0.883685586392464	-6.10044897257221	ENSG00000088387
O75208	-0.561192316642735	28.6767516423211	-2.62932405879823	0.0107642805892656	0.117160922262006	-3.05502099092236	ENSG00000088682
O75882	-0.00177248989884404	22.2337987981565	-0.00589621232297965	0.995314380676324	0.998059823065097	-6.26007173298906	ENSG00000088812
Q9BZZ2	-0.974743026532433	23.5021590638252	-1.61154703452071	0.112118446666572	0.442718267674068	-5.0146587960975	ENSG00000088827
P62942	-0.0462484870501534	30.3170900529403	-0.478515706205888	0.633959181054009	0.900541279433307	-6.14813850292799	ENSG00000088832
Q9UNZ2	0.10758997766926	28.7802054503274	1.12536213136203	0.264754740339633	0.664872198406943	-5.64617681831018	ENSG00000088833
Q7Z434	-1.79826743988056	26.2821024553179	-3.72533748764833	0.000422819372690885	0.0150695035247281	-0.147153099971326	ENSG00000088888
Q9H0D6	0.289926996452266	28.151441216489	1.89897121363545	0.0622037231995839	0.32867916919315	-4.54468126336251	ENSG00000088930
P63167	-0.490305918884292	26.570136994771	-1.51185717702069	0.13562919316273	0.491092955057348	-5.16122258739508	ENSG00000088986
Q9Y5X3	0.0253994557172383	28.4706011956258	0.194019321052365	0.846792336991987	0.968707167377975	-6.24165505880816	ENSG00000089006
Q02878	0.174540378898548	31.703342016324	1.27045676176798	0.208648571539468	0.59489105820224	-5.47988357317498	ENSG00000089009
O75884	-0.59514607676752	26.3357481712549	-1.61981746983801	0.110325689369963	0.440092161034682	-5.00211336098232	ENSG00000089050
P00973	-0.172413805050446	24.1697351146497	-0.286667188075974	0.77531888948545	0.945819665405852	-6.21986174140075	ENSG00000089127
Q92616	0.18251538431057	29.2820573623747	1.23341125122231	0.222058246015471	0.615037198869091	-5.52416439038664	ENSG00000089154
P05388	-0.0724131144262152	30.9634936373561	-0.382102362303871	0.703686473690373	0.9220141979499	-6.18865703647285	ENSG00000089157
P49023	-0.303829784274985	25.6573125294901	-0.74331440998255	0.46008685580601	0.828004496604017	-5.99067791400065	ENSG00000089159
Q96L93	0.257186449101276	22.7864323833065	0.601464996322791	0.549713931086562	0.873551345937024	-6.08341354410085	ENSG00000089177
P05060	-0.594015548232999	23.3433423586163	-0.820257382697069	0.415198467019372	0.799744698218523	-5.93234143150703	ENSG00000089199
P30086	-0.501094475164059	32.4249731737645	-4.32263548668031	5.66130127991178e-05	0.00476428087839616	1.70340891953027	ENSG00000089220
Q7Z569	0.187539851808552	22.6975221135513	0.439076273387237	0.662126206234638	0.904691039418433	-6.16580367409841	ENSG00000089234
P30040	0.341586901143572	30.6549742713798	2.76553428703184	0.00746898413080534	0.0893166018975472	-2.73408897595589	ENSG00000089248
P35637	-0.336235095450565	29.4283771814644	-2.68357611603278	0.00931881343280334	0.106531424840831	-2.92871621677785	ENSG00000089280
P78318	0.207451254925935	25.2136768460849	0.463130544629702	0.644885477432456	0.903303495617566	-6.15520898919944	ENSG00000089289
Q14802	-0.365927037502896	28.9302854181846	-1.47603395694335	0.144974231458601	0.50820788715902	-5.2117741608574	ENSG00000089356
Q9BQS7	0.0268912608441276	27.8047522604065	0.150394534041154	0.880939487247527	0.974126248849495	-6.24901128193594	ENSG00000089472
Q14697	0.0958250241913916	32.4198234277318	1.14051613612915	0.258439225765362	0.658844833145637	-5.62970883568126	ENSG00000089597
Q9P107	-0.0991305858071634	24.8891364586083	-0.218134755721979	0.828037440662076	0.96169542700088	-6.23678980470261	ENSG00000089639
Q15773	0.232467445938443	23.1628481927844	0.694060294632463	0.490225813055089	0.83962710572044	-6.02506142214826	ENSG00000089693
Q9GZR7	-0.190768595509983	23.7855703662111	-0.385389433779843	0.701262360311543	0.920880882485847	-6.18742427573362	ENSG00000089737
Q8NC96	0.293538425483185	23.8746308400345	0.523262180704166	0.602649080213777	0.89396966294435	-6.12627215505359	ENSG00000089818
P98171	0.72569984689622	25.4962535461708	3.52476731672967	0.000801017688662788	0.0217310918222795	-0.730206969823429	ENSG00000089820
Q7L7V1	-0.503849142698982	24.9840605760972	-1.0033832479649	0.319559425565804	0.717692564913645	-5.77100936038046	ENSG00000089876
Q9UKL0	-0.297426891349712	24.3378562785361	-0.641957449429989	0.52325724311524	0.858342138609559	-6.05890799831084	ENSG00000089902
Q8N2S1	-0.684134713206561	27.1093872873392	-2.31197393217364	0.024100238233574	0.192308893337546	-3.75189725441934	ENSG00000090006
P30043	-0.775234599538219	30.3291571708534	-3.85280920594053	0.000278591988395535	0.0123509114855354	0.234863234740479	ENSG00000090013
P19634	-0.644803193361501	23.4530616257136	-1.32814430647008	0.188978316974388	0.571480600160501	-5.40846100771576	ENSG00000090020
O15269	-0.347935377096675	26.6607243574517	-0.682172599144563	0.497671949167969	0.844666697233339	-6.03299957325984	ENSG00000090054
P51003	0.0875957773784357	24.7822187770018	0.255093872090611	0.799491298145026	0.953041917187918	-6.22823038308244	ENSG00000090060
O75909	-0.323192579437389	23.5096190461933	-1.02704247640935	0.308373794764694	0.707728241941025	-5.74787495676062	ENSG00000090061
Q9Y291	0.28239422187589	25.2076702213391	0.651952193235461	0.516831411658918	0.854538367874022	-6.05261699352447	ENSG00000090263
O95178	-0.947084587256803	24.6071081941758	-1.3816273084285	0.172023631510826	0.549694273430874	-5.33957586390848	ENSG00000090266
Q9Y266	0.226608379338082	28.9503606428711	1.7103222366085	0.0921850946154395	0.400790008309212	-4.86099992242205	ENSG00000090273
P05362	0.681734158301591	27.3106142806709	2.83691362218418	0.00613939876905038	0.0797098606848374	-2.56090768159043	ENSG00000090339
Q9NRL3	-0.246013800363443	26.9212979750911	-0.5163091334305	0.607476183015108	0.8955305828552	-6.129788405449	ENSG00000090372
Q9Y616	-0.485317854693417	23.7271458202736	-0.514161149052851	0.608966624088576	0.896515929037529	-6.1308694462236	ENSG00000090376
P61626	1.51216656424469	28.4815523744795	3.89617920075616	0.000243547555775828	0.0117942375582988	0.35966680113121	ENSG00000090382
P14410	-0.892075144464826	24.2835618897167	-1.60086380056034	0.114468968477578	0.446494481479421	-5.03077702090937	ENSG00000090402
Q9NZD8	0.148645619437609	24.3197825645367	0.374754419640215	0.709116488162939	0.924425321684442	-6.19137475519899	ENSG00000090487
Q9UBS4	0.219718737297459	29.007690077236	1.31936422711465	0.191878414537383	0.575529699929784	-5.41952479332145	ENSG00000090520
Q08378	0.232110643278471	28.421671907884	1.56753960643573	0.122056990025357	0.461885334218091	-5.08042136552087	ENSG00000090615
Q13310	0.396338142188107	27.9309664846136	2.52859225616229	0.0140003139040698	0.139313342552724	-3.28408267621684	ENSG00000090621
Q9NNX6	-0.530243830892239	25.071393252363	-0.87113028729388	0.387029384588625	0.779634737407377	-5.89068852640037	ENSG00000090659
Q86UV5	0.306951132943137	25.1571768451668	1.25755274507516	0.213249655861895	0.601578051430374	-5.49544896805771	ENSG00000090686
P98172	-0.0809603827634149	25.0388319873035	-0.315172352672573	0.753684634468738	0.938088839629172	-6.21147085846919	ENSG00000090776
Q8NCN5	0.126576915763945	26.2972155931377	0.487495106841132	0.627619519406148	0.899825244544314	-6.14390592068708	ENSG00000090857
P49588	0.284768875922463	29.9952506865281	2.79147112359598	0.00695792826167027	0.0850455563881477	-2.67155269587176	ENSG00000090861
Q92896	0.110703509543104	29.1358849548795	0.731491846026589	0.467222855185334	0.82980672773388	-5.99914225374848	ENSG00000090863
Q9NV70	-0.220842386868828	26.180168627173	-0.701328091792974	0.485711241958985	0.836812812052665	-6.02013362381843	ENSG00000090989
Q9P2N5	0.192841182530792	22.9495185841168	0.384804193136354	0.701693730178589	0.920880882485847	-6.18764452924313	ENSG00000091009
Q9BZF1	-0.020501153327956	24.9324176882376	-0.0936514128731914	0.925686766762905	0.985606697198344	-6.25579284863931	ENSG00000091039
Q96PZ0	0.181939705113034	23.656261721836	0.32992992756444	0.742560342576231	0.934627021605365	-6.20681552549452	ENSG00000091127
P07942	0.0583525277386876	29.428591886707	0.495075443367775	0.622289430585493	0.899037114426398	-6.14027204325898	ENSG00000091136
P40879	-1.07893208878678	28.5038283890458	-3.55221405566622	0.000735667116478928	0.0205722706982543	-0.652498835535963	ENSG00000091138
P09622	-0.338562661386735	30.5306277590383	-2.03531183129498	0.046081352641239	0.277966389328181	-4.29786669502842	ENSG00000091140
Q9Y4E6	0.21308789810772	23.3467278772977	0.491326456789712	0.62492300713465	0.899239504746031	-6.14207619197771	ENSG00000091157
O43396	0.124938742507883	29.5017014520533	1.50579966695726	0.137175042473318	0.493433304729305	-5.16984957959085	ENSG00000091164
P23229	0.0702761906993743	29.8276803372445	1.06279819277471	0.29197806384047	0.692184402136749	-5.71192544002593	ENSG00000091409
Q9NYL2	-0.020192288408257	22.0843135974969	-0.055686225472637	0.955770073447596	0.991970729065425	-6.25856981445173	ENSG00000091436
P07954	-0.0428634202592946	31.0690644005148	-0.386990741319985	0.700082571053322	0.920586375922899	-6.1868199261569	ENSG00000091483
Q68CR1	0.242143277818222	22.7781460255164	0.679215003553865	0.499518730378808	0.846186901756955	-6.0349699882861	ENSG00000091490
P02787	-0.26376684862619	34.2144222566747	-1.94160780756463	0.0567127413784335	0.310496564996584	-4.46911490329758	ENSG00000091513
Q9UKY7	-0.58431319976404	22.9257750399547	-1.1382712500867	0.259367986900273	0.659566811623273	-5.63216168585171	ENSG00000091527
P02749	-0.454702593285404	27.9206090634765	-1.59532609499067	0.115702913921309	0.449433952526891	-5.03909325154477	ENSG00000091583
O75391	-0.308458665649699	25.1071043235586	-0.748198833391059	0.457156990026731	0.825729402655106	-5.98714202749359	ENSG00000091640
P23946	-0.356900816488075	29.3170634358261	-1.27456009117174	0.207211951344093	0.593929184154424	-5.47489771433918	ENSG00000092009
Q06323	-0.069806534637749	31.5343393032846	-0.521533381537858	0.603845439005535	0.89396966294435	-6.127152934286	ENSG00000092010
Q9NPF4	0.165303578296214	25.6597201994988	1.0084199731606	0.317155656790686	0.715071687757545	-5.76612801941056	ENSG00000092094
Q96EP0	-0.239354949403438	23.4408782179407	-0.708404432742795	0.48133782933462	0.836101427021197	-6.01528712204036	ENSG00000092098
Q8WVM8	0.383435422802307	28.6956869277979	3.24225242346162	0.00190707873991628	0.038092675343456	-1.51589873103983	ENSG00000092108
Q9ULT8	-0.00803791142275756	23.9103145811598	-0.0131007980761324	0.989589260604736	0.997028532073778	-6.26000469019334	ENSG00000092148
P07910	-0.000310400775482833	31.7267905067037	-0.00365403133382094	0.997096193119426	0.998744588736265	-6.26008222221719	ENSG00000092199
Q9Y5B9	-0.467119442825357	28.6659720432012	-2.01286623873365	0.0484577674724853	0.285665087597257	-4.33952987631562	ENSG00000092201
O94842	-0.81871879207792	23.5976533539291	-2.03245779258479	0.046377834824077	0.279137233218203	-4.30318665990587	ENSG00000092203
O00161	-0.150258437686841	28.1320377375089	-1.12070856679681	0.266715826701262	0.666185007808799	-5.65119150979604	ENSG00000092531
O43175	0.453890451382936	27.0140206325159	1.43467400643892	0.156383751236726	0.529007813581802	-5.26873529804061	ENSG00000092621
P15311	-0.00611908749529633	31.8288584593738	-0.0617331507409914	0.950973071355627	0.989251460912291	-6.2582220317396	ENSG00000092820
P60660	-0.0403647021848386	33.3649477699865	-0.372193263063228	0.711012723232662	0.925389179133615	-6.19230968347575	ENSG00000092841
Q9UL18	0.120445835534461	25.7217221906426	0.441340491562296	0.66049531235481	0.904691039418433	-6.16483032802797	ENSG00000092847
Q70J99	1.54491920920806	23.8242659421154	2.50957640600118	0.0147019020687472	0.144710238232633	-3.3265170370362	ENSG00000092929
Q16555	0.0026213944220892	31.7438015249235	0.0251319220266038	0.98003010880781	0.995421890307053	-6.25977937157292	ENSG00000092964
Q9UKX7	-0.0849926896990141	26.8124997096554	-0.19105154136451	0.84910824299459	0.96894755612696	-6.24221386951238	ENSG00000093000
P21964	-0.414055412511384	28.3141065592905	-2.0708872353058	0.0425207867916724	0.267126555731555	-4.23100958775315	ENSG00000093010
Q9NZK5	-0.364076796504644	25.9769110613628	-0.83769198804262	0.405407679148808	0.792929725393992	-5.91834223516695	ENSG00000093072
Q9NTX5	-0.337346418449616	27.7879129015849	-1.81382777516508	0.0745232521954989	0.360581450063935	-4.69111634366846	ENSG00000093144
Q9Y608	-0.0971615477573202	26.9255282070848	-0.474497097282007	0.636805385866554	0.900689231275116	-6.15000744376672	ENSG00000093167
O75191	-0.301179088703822	24.9530135673264	-0.600384190867753	0.55042925155159	0.874050876153413	-6.08404603539816	ENSG00000093217
Q9UBN7	-0.02034562779615	23.6232343552284	-0.0228550389628407	0.981839196529938	0.995531636050159	-6.25983288040903	ENSG00000094631
Q9UJX2	0.0718195075756007	23.3929000575667	0.163117348106622	0.870954298735331	0.972116389555013	-6.24705821111326	ENSG00000094880
Q9NRG9	0.195786282814929	25.0577905296694	0.81167396660234	0.42007080590699	0.803453561771595	-5.93912776450062	ENSG00000094914
P45973	0.106759877452308	27.1231120245013	0.347422835415204	0.729445302339376	0.932192461602207	-6.20102247874	ENSG00000094916
P43246	-0.194673152211692	26.3163375508289	-0.809915176830876	0.421073406937307	0.803666282268273	-5.94050970121016	ENSG00000095002
P49366	0.541436420870067	23.2634327953868	1.32559334557594	0.18981747836395	0.572400269927018	-5.4116826089942	ENSG00000095059
Q96ED9	-0.068930503598164	24.9136274641131	-0.175153108332916	0.861527652591344	0.970442117244495	-6.24506483476806	ENSG00000095066
Q8N323	-0.876060411274864	26.0297456744646	-1.47961590949283	0.144037732393652	0.506010167103948	-5.20677816291544	ENSG00000095110
P48444	-0.0495796920238121	30.4294232933918	-0.602405125342357	0.549092097805057	0.873198952852428	-6.08286246312938	ENSG00000095139
Q9H329	-0.610950010923375	29.4170326148165	-0.768811044049499	0.445026548009005	0.819136714369994	-5.9718457338858	ENSG00000095203
Q16401	-0.323148468226972	28.187355014403	-2.00221451253959	0.049621918073669	0.29102710186343	-4.35916031860124	ENSG00000095261
P23219	-0.12282506313079	26.8617050629558	-0.690502954819571	0.49244394074661	0.841258398775458	-6.0274549980042	ENSG00000095303
Q5SRE5	-0.8263490028198	24.4385132427478	-1.16243654093603	0.24949422648379	0.649532824248837	-5.60551472301603	ENSG00000095319
P43155	-0.418427409599815	27.637321915697	-2.29899938764659	0.0248728197886721	0.197713536891587	-3.77881526575346	ENSG00000095321
Q9NR45	-0.10897265951202	31.6503055525643	-0.876117063335278	0.384333834006393	0.777077424080961	-5.88647397473816	ENSG00000095380
Q9BYX2	0.0663453036971156	25.4633650811044	0.172807927345892	0.863362905394705	0.970506166261881	-6.24546436249958	ENSG00000095383
Q69YN2	0.325010976850372	25.4378098627411	0.578500108621001	0.565013180231247	0.881549891788552	-6.09661078760491	ENSG00000095485
Q9BX66	-0.74840132859234	28.1966215888804	-3.54749451747873	0.000745720740678391	0.0207470163210167	-0.665107945258423	ENSG00000095637
Q9Y5Y2	0.62166047867662	25.0871836076466	2.3679930958161	0.0210037776803662	0.176243805267246	-3.63422752543947	ENSG00000095906
Q13451	0.12481532501171	27.9879180029235	0.944460014168028	0.348585118936825	0.747316439778146	-5.82635590579677	ENSG00000096060
Q96SB4	0.1731557581139	27.4145394054578	0.395891362374478	0.693546318157612	0.918627247586294	-6.18340883363092	ENSG00000096063
Q9NVS2	-0.142325426056669	24.7502921365959	-0.572546647675661	0.569013355664541	0.883685586392464	-6.09994915554272	ENSG00000096080
P08238	0.116057433542011	34.0779658748273	1.49792354510918	0.139205768290629	0.498297910483637	-5.1810185744624	ENSG00000096384
Q99459	0.130494764990651	27.9016523483628	0.917507542086631	0.362417010323298	0.759807749824277	-5.85058895893879	ENSG00000096401
Q14573	0.0224206933641824	27.7069748350333	0.0775996731720223	0.938395325889362	0.988423741949911	-6.25713920677652	ENSG00000096433
P15924	-0.314842401460904	32.1020915023312	-2.51553115247761	0.0144788617761469	0.143031219683567	-3.31325670076485	ENSG00000096696
P31942	0.161399310271271	29.2498647433242	1.20821527390293	0.231533193012184	0.627198460752827	-5.55356953881204	ENSG00000096746
O00154	-0.136771384961435	27.443972886253	-0.880220592261451	0.382124558863178	0.775553978214011	-5.88298830843902	ENSG00000097021
Q9Y371	0.0557640177733063	28.410867885705	0.482836650010705	0.630905022276352	0.899825244544314	-6.14611150385114	ENSG00000097033
Q13445	-0.31435604570024	26.0084875253691	-0.706604580124272	0.482448111771516	0.836450271297841	-6.01652435769671	ENSG00000099203
O14639	-0.0520462778155704	24.0627861700095	-0.131189101496688	0.89604867441745	0.976133012393579	-6.25165945425898	ENSG00000099204
Q7Z2K6	-0.438458254468827	27.8809422062297	-2.6159477069771	0.011150730507449	0.119930835221143	-3.0858490093014	ENSG00000099219
Q9NP72	0.106051876821116	28.0770956654358	1.04091282816822	0.301940939315535	0.700437313362072	-5.73407027050799	ENSG00000099246
O14786	0.098277881160179	24.990606065753	0.295252951558205	0.768782944555602	0.94351643232578	-6.2174178069155	ENSG00000099250
O95858	-0.793118530524907	25.826240832526	-2.70434888815776	0.00881399424709962	0.101612496045315	-2.87981879438348	ENSG00000099282
Q9P0M6	-0.349147390367389	27.6512902463148	-1.92880649063722	0.0583162495745715	0.315474711240217	-4.49195884941096	ENSG00000099284
Q641Q2	0.603610812086437	25.1549940979077	1.32485158449767	0.190062014219836	0.572400269927018	-5.41261828080267	ENSG00000099290
Q13459	-0.399833212438985	24.0106881336415	-1.02128593609909	0.311070660337503	0.709289509822052	-5.75355174755584	ENSG00000099331
P48556	-0.125127612614136	28.1146788855826	-0.889320595549222	0.377253791110322	0.770243892448389	-5.87520186156054	ENSG00000099341
Q14011	-0.12488684219289	27.6009988311051	-0.728266797395306	0.469180325818782	0.82980672773388	-6.00142807933574	ENSG00000099622
P30049	-0.383504086860157	30.0655175396258	-2.01902894408424	0.0477950186701717	0.283289387835268	-4.32813088025086	ENSG00000099624
P35858	-0.0512049196548645	24.8390219079651	-0.193348387499552	0.847315457417294	0.968707167377975	-6.24178228911571	ENSG00000099769
P52272	0.111636512770197	30.1262445862114	0.86135476966526	0.392347607098304	0.784551339019821	-5.89888218687728	ENSG00000099783
P17568	-0.0845184625792257	26.9413518430577	-0.465213575647549	0.643401466202763	0.902647786771382	-6.15426512533571	ENSG00000099795
Q9NZ01	0.0195649060765177	28.8358549120359	0.0719217476069189	0.942894989812424	0.988539327237031	-6.25755498270273	ENSG00000099797
Q9Y5L4	-0.349261063425558	28.042816738658	-2.77581389164921	0.0072624458873646	0.0876153040349539	-2.70935765533929	ENSG00000099800
Q13126	-0.134793142550446	28.5020171122408	-1.18897606960874	0.23896368126053	0.636574965272922	-5.57563347070778	ENSG00000099810
Q8IVT2	0.123558965075052	28.2892902365464	0.516424091187132	0.6073875270068	0.8955305828552	-6.12973910339106	ENSG00000099812
P19388	0.237770984429705	26.5905134478944	1.59270858503668	0.116289879623718	0.450375506809754	-5.04301487570465	ENSG00000099817
Q9HBB8	-0.27871239431618	25.1698698026208	-0.730560584643558	0.467787615441031	0.82980672773388	-5.99980332507399	ENSG00000099834
O75781	-0.15755420647309	23.8843555274639	-0.353882627136759	0.724622356363207	0.930958484961627	-6.19880787107551	ENSG00000099864
P43487	-0.21520003229562	29.0590366122263	-1.80315207446758	0.0762031977037412	0.363566707865816	-4.70905343812009	ENSG00000099901
P05546	0.0169967099914885	26.3244738102865	0.0445608188897946	0.964599972986334	0.992200162880785	-6.25911611002479	ENSG00000099937
O95721	0.564188223930774	25.2918003091552	1.2995610444249	0.198542362078444	0.583011039533524	-5.44422441295006	ENSG00000099940
P46109	-0.104496094428882	28.2332471018509	-1.05757626511073	0.294334449956199	0.695108599225272	-5.71724960771008	ENSG00000099942
Q12824	0.130440404838325	25.2989289495684	0.423936613748858	0.673073046731588	0.908195356389641	-6.17218408039811	ENSG00000099956
Q96Q80	0.910341226095813	24.5411886038705	1.96757139208694	0.053575672320216	0.299851760398073	-4.42237434133028	ENSG00000099958
Q9BXK5	-0.784599433641787	26.5556364076715	-2.49574646424262	0.0152319259635702	0.1470083049192	-3.35721607446366	ENSG00000099968
A6NHG4	-0.003754862049135	29.958097300083	-0.0195099607415749	0.98449667515438	0.996188600782489	-6.25990230932936	ENSG00000099974
P30046	-0.003754862049135	29.958097300083	-0.0195099607415749	0.98449667515438	0.996188600782489	-6.25990230932936	ENSG00000099977
Q15459	-0.0101708680647725	29.5368747764323	-0.113717822629196	0.909827355014003	0.980106199569729	-6.25375489545792	ENSG00000099995
P36269	0.0531405216332779	26.5710859099372	0.242092559149556	0.809504030478742	0.956623819671774	-6.23139352382353	ENSG00000099998
Q13356	0.0382171637869142	23.3347874231919	0.0670108459950614	0.946787776890041	0.988539327237031	-6.25788921903413	ENSG00000100023
P62318	0.110963178242027	29.1789254887652	0.715168918480011	0.477177758132446	0.833093504323546	-6.01060947692133	ENSG00000100028
O00541	0.500055658026508	24.7828443236692	1.07727768266821	0.285512260929664	0.68410885346228	-5.69703040768926	ENSG00000100029
P28482	-0.189782075197638	30.0515068185426	-1.75615895751519	0.0839784989114467	0.382249377766377	-4.78687830226101	ENSG00000100030
P19440	0.232618174113433	27.6016700104018	0.242604622042919	0.809140557206631	0.956623819671774	-6.23125458900697	ENSG00000100031
P49593	-0.0485022437139726	25.7377383591899	-0.184550488562885	0.85418138516254	0.969338923690401	-6.24340991714996	ENSG00000100034
O95985	0.146492312850636	23.5730832043045	0.259279200851447	0.796275123596809	0.952502718023134	-6.22717699416703	ENSG00000100038
P53007	-0.55315259642245	27.8661855942165	-1.85062210629376	0.0689689656193267	0.343773098283536	-4.62856976650885	ENSG00000100075
P05162	-0.794875910953117	25.433290156458	-2.31952946301652	0.0236602209756477	0.190693139145766	-3.73616362792564	ENSG00000100079
Q9UJY5	0.0449470211446297	26.5118689836729	0.26546741597084	0.791526353424401	0.952274204106648	-6.22558816755729	ENSG00000100083
Q9Y3L3	-0.136986672477004	27.5571083488231	-0.767481825681295	0.445695696228823	0.819136714369994	-5.97296094769826	ENSG00000100092
P09382	-0.592023895628106	31.7262334005547	-2.50440875498785	0.0149042832261669	0.145148701933615	-3.33822338795089	ENSG00000100097
Q9H2D6	-0.315424326993181	28.7849721057538	-1.78338327109656	0.0793975851300206	0.371316493751288	-4.742017582174	ENSG00000100106
Q9UBB9	-0.322954788607348	24.4624848012431	-0.734017975503162	0.465692844178407	0.82980672773388	-5.99734487344498	ENSG00000100109
P53674	0.285921134574757	23.1988903177004	0.775099624163932	0.44121448566219	0.816681123664603	-5.96726116823983	ENSG00000100122
Q9Y262	-0.0148986124000317	29.4154335741268	-0.163149618194045	0.870928998404809	0.972116389555013	-6.24705305598337	ENSG00000100129
P55769	-0.22473796056309	27.7931886681381	-1.28805561514207	0.20249283451338	0.58828330050183	-5.45841244773915	ENSG00000100138
Q8N3F8	0.0270658167050257	21.5387549414748	0.0740046613644608	0.941243908564439	0.988539327237031	-6.25740615620362	ENSG00000100139
Q9H6E4	-0.341895846350905	22.7002219148996	-0.976159035580684	0.332762971202762	0.730804631863019	-5.79698422383821	ENSG00000100147
Q92841	-0.00671058156633819	31.3816722568508	-0.0950142320716293	0.924608636002998	0.985606697198344	-6.25566691975168	ENSG00000100201
Q8IWL3	0.458318472265969	24.0143951865234	0.615812180944594	0.540263080670237	0.868530241419458	-6.07491106003941	ENSG00000100209
Q9NS69	-0.0596462537830575	27.8341822182364	-0.478464245409974	0.63399559357133	0.900541279433307	-6.14816253475586	ENSG00000100216
Q9Y3I0	0.314067044843949	30.6066184542427	3.67089819731183	0.00050351033043737	0.0164409690531436	-0.306953325685771	ENSG00000100220
Q9Y3I1	-0.468675374989072	23.657989174768	-0.934998942013053	0.353400878877021	0.751011298720342	-5.83494001278824	ENSG00000100225
O00178	0.0509907080061645	26.1711311836394	0.228012581992215	0.820383566381723	0.958960683275356	-6.23463286135942	ENSG00000100226
O75170	-0.301575493347883	23.9114847665911	-0.579301785778974	0.564475587055303	0.881549891788552	-6.09615864281625	ENSG00000100239
O95248	0.160650878883573	25.4237719271422	0.311556297665803	0.756418534445144	0.93936467053732	-6.21257917614873	ENSG00000100241
Q9UH99	-0.0673916199922431	28.9549171489624	-0.725604122804119	0.470799954057592	0.82980672773388	-6.00330783086377	ENSG00000100242
P00387	0.0731479253732594	30.4143288173358	0.483773673542424	0.630243557589333	0.899825244544314	-6.14566955088478	ENSG00000100243
Q9BU23	0.032740859296247	24.977939664422	0.0833491866309207	0.933841272150873	0.98744518712218	-6.25668596415579	ENSG00000100258
Q9UNF0	-0.266206571814372	29.9819528322761	-2.28487032256243	0.0257390605967086	0.201659622749787	-3.80798415902579	ENSG00000100266
Q10567	-0.199938265472099	29.4151725077803	-2.3337939326128	0.0228489126150477	0.186240837802474	-3.70634258847072	ENSG00000100280
O60784	0.435835300719614	27.2421868667501	2.68115438912694	0.00937935477142617	0.106553378267889	-2.93439753088266	ENSG00000100284
Q9Y259	0.224232173882253	24.7987179454392	0.784399357979023	0.435779865387167	0.81519986482203	-5.96022814384588	ENSG00000100288
P09601	0.129787216520949	27.9397544329724	1.07637567892595	0.285912131691891	0.68410885346228	-5.69796396305206	ENSG00000100292
Q8IVS2	0.0425612914522624	25.6376121881839	0.179975968211639	0.857755875565684	0.970185627365775	-6.2442262987993	ENSG00000100294
Q13769	-0.495717560543319	24.1740935350705	-1.01347997307025	0.314753039549702	0.712452607102569	-5.7612003320753	ENSG00000100296
P33992	0.278390474764795	28.1526785792843	1.81860480809667	0.073781627769078	0.358903850334329	-4.68305934975857	ENSG00000100297
P15289	0.0611436918473807	27.443378466578	0.357158338381907	0.722180933096744	0.92922431056549	-6.19766933560467	ENSG00000100299
P30536	-1.35829572267446	25.7659399429157	-1.3571326518393	0.17976155438958	0.559709824670054	-5.37142290616433	ENSG00000100300
Q14166	-0.00471708974955831	28.5881174076364	-0.0540532554585441	0.957065791053196	0.992072562122132	-6.25865759088774	ENSG00000100304
P39023	-0.114818216114717	30.7027568368592	-0.751713990170431	0.455055121278351	0.824632805985357	-5.98458330229432	ENSG00000100316
Q15750	-0.0714812490720824	24.4681410216908	-0.23427159255618	0.815542748634387	0.956881825291329	-6.23321678259694	ENSG00000100324
Q9H1I8	0.314145983682632	24.1336314262112	0.802089772381627	0.425551698357697	0.806861408603798	-5.94662280637674	ENSG00000100325
O14791	0.444222902947125	24.5724090791551	0.79686352800061	0.428558351958876	0.809466121659768	-5.95067312508572	ENSG00000100342
P35579	0.0464003661408654	35.4674453658717	0.545617138768223	0.587278542822643	0.888330067687065	-6.11462281547916	ENSG00000100345
Q9Y512	-0.621606984198461	27.9989429087549	-2.97458293918771	0.00417083576130991	0.06325673963776	-2.21748435547992	ENSG00000100347
Q99757	0.0260760416570847	26.2331797766408	0.0727893756387464	0.942207041601973	0.988539327237031	-6.2574935350844	ENSG00000100348
O75791	-0.0833937839684218	23.4533802571847	-0.174159311960352	0.862305268378831	0.970506166261881	-6.24523479593026	ENSG00000100351
O15371	0.235674382480425	28.8917927953108	1.97008588031713	0.0532798925198385	0.299267561614814	-4.41781868049299	ENSG00000100353
Q9BW83	0.216426349264264	24.5709851895683	1.0622880687381	0.292207682691875	0.692184402136749	-5.71244666497934	ENSG00000100360
Q15080	0.965603003668871	26.0484723999027	2.97858187015589	0.00412357941805145	0.0629856542482761	-2.20732732547764	ENSG00000100365
P50502	-0.387202910533553	30.3260475839221	-3.42794541900968	0.00108329073540802	0.0262541528007997	-1.00444833084243	ENSG00000100380
P62877	0.108313554697567	24.6285468466114	0.331143596854745	0.741647885233759	0.934627021605365	-6.20642322389598	ENSG00000100387
Q09472	-0.6053539571794	25.6491059287197	-0.797041977919588	0.428486186098017	0.809466121659768	-5.95050198442902	ENSG00000100393
P46060	0.397227419729294	28.0309370661467	3.18791518284254	0.00224257577823073	0.0434679505172916	-1.6618137479616	ENSG00000100401
Q7RTV0	0.0531195528120527	24.0953272171792	0.0807543871054617	0.935896286176576	0.987531394271817	-6.25689452452507	ENSG00000100410
Q99798	-0.379718762791647	32.5877380281555	-2.97530516347634	0.0041622640012737	0.06325673963776	-2.2156506997746	ENSG00000100412
Q92871	0.760934297307919	22.9696977326908	1.08129127842359	0.283737674274035	0.681956781765258	-5.69286729794673	ENSG00000100417
Q00688	-0.1900362628975	29.4097998392666	-1.13244517828653	0.261789405504571	0.661327688639441	-5.63850588215059	ENSG00000100442
Q9NRG7	-0.240996465963697	24.0512696030694	-0.647762646269365	0.519519853529767	0.85604994567216	-6.05526569290419	ENSG00000100445
P08311	1.73374485842706	29.5656543894707	5.22579985872421	2.18146821824804e-06	0.000495647758087774	4.73318449265416	ENSG00000100448
O14744	-0.381841364974349	27.8145271163721	-1.31717420531798	0.192606985362445	0.576282374419745	-5.42227365281958	ENSG00000100462
P06737	-0.207614231194079	29.0839470731425	-0.815584469641236	0.417846771634146	0.802405808888372	-5.93604465035968	ENSG00000100504
P62333	0.310759540403577	29.5197702023411	3.36498054592957	0.00131492784554126	0.0300012616809058	-1.18004732486878	ENSG00000100519
Q96EK6	0.202112050477421	27.2778493507193	1.21974972266026	0.227159766569389	0.621288851913194	-5.54017984922232	ENSG00000100522
O95406	0.127510378242174	22.9833239599443	0.298095842695191	0.766622461118939	0.943016530674842	-6.21659273189985	ENSG00000100528
Q9Y5K8	0.0087939250311031	26.2305706052801	0.041465772503616	0.967057256300192	0.993650462264991	-6.25924653029051	ENSG00000100554
P25788	0.160432762979958	29.9515739995413	1.45154419990613	0.15164838836784	0.521398904016287	-5.24568375872164	ENSG00000100567
Q9UEU0	-0.67085474030468	25.1752585707412	-2.05453997297167	0.0441261967569025	0.271887176175581	-4.26185602303673	ENSG00000100568
Q9Y5J7	-0.197662096358137	27.1595924019196	-0.51519011264819	0.608246787534511	0.895751343634127	-6.13035762828651	ENSG00000100575
O43708	0.0112451499946289	26.8588549763395	0.0542487040188352	0.956910701708204	0.992072562122132	-6.25864722262026	ENSG00000100577
O95433	-0.266127945749854	28.1602403823295	-1.58326723498483	0.11842699704483	0.455071440369543	-5.05711098029314	ENSG00000100591
O15270	-0.0177658824108953	26.2782991821781	-0.0649050316607851	0.948457546739707	0.988700698605532	-6.25802528336768	ENSG00000100596
Q99538	-0.296840671989273	28.6048409568068	-1.40608262070925	0.164670444361943	0.53992655056897	-5.30722768018333	ENSG00000100600
Q13573	0.242457953876727	26.5196831754498	1.2193752473842	0.227300799480437	0.621288851913194	-5.54061645831292	ENSG00000100603
P10645	-1.71079217781325	29.829245519949	-3.94921471488603	0.000206456262177408	0.010620811298617	0.513149520682819	ENSG00000100604
Q13572	-0.139347799820012	23.3225837235799	-0.330778529326305	0.741922310198308	0.934627021605365	-6.20654137778821	ENSG00000100605
Q9Y394	-0.123554095652128	28.6176936993152	-1.05558386449595	0.295236949713947	0.69573256256618	-5.71927435881611	ENSG00000100612
P35813	0.123114513891661	27.7612363189745	0.712503459848382	0.478814570204185	0.834177588282243	-6.01245786119053	ENSG00000100614
P84090	0.312992136515305	29.0216180517628	1.13973979758383	0.258769974197799	0.659379752009626	-5.63055024099434	ENSG00000100632
Q13243	0.137015922931244	26.2745047145975	0.441402369900402	0.660450765132482	0.904691039418433	-6.16480365783344	ENSG00000100650
P55010	-0.0441331780615286	27.7119718100633	-0.162604578641342	0.871356337376652	0.972116389555013	-6.2471399890516	ENSG00000100664
P29622	-0.0880391639730966	22.913526299924	-0.135544074814153	0.892618961166438	0.97562305054463	-6.25109061101208	ENSG00000100665
Q9UPY3	-0.0262409359762401	25.4213715289013	-0.092945188266482	0.926245518498554	0.985606697198344	-6.25585739061842	ENSG00000100697
P11586	-0.0566024036213797	30.4481264368804	-0.647107634046973	0.519940843584484	0.85604994567216	-6.05567828013347	ENSG00000100714
P56279	0.417385850545923	22.3285051980139	0.806568714727224	0.422985030697067	0.805074126489043	-5.94313102234349	ENSG00000100721
Q6PJT7	-0.0329017769236479	22.7424994402671	-0.066690534239422	0.947041747426729	0.988539327237031	-6.25791019563283	ENSG00000100722
Q9P0R6	-0.505491581148917	24.7833037730591	-1.35620263249077	0.17993238999571	0.559709824670054	-5.37264131068304	ENSG00000100744
Q99986	-0.370634087738377	23.9191288925998	-0.685793572893243	0.495388866538109	0.843382918898629	-6.03060510910665	ENSG00000100749
P62191	0.0674256349635876	29.1309486688863	0.518531301481992	0.605925522509136	0.89396966294435	-6.12867555435433	ENSG00000100764
O75582	-0.111005236182461	24.6188093902297	-0.24082346150148	0.810483146239194	0.956623819671774	-6.23169344299524	ENSG00000100784
Q6IN85	0.0628863438159506	24.9387500587004	0.180904398512053	0.857030163999176	0.970185627365775	-6.24406226400148	ENSG00000100796
P28074	-1.02126903294356	26.8923554453483	-3.7521150763052	0.000387306792338368	0.0146628690737605	-0.0670400788291081	ENSG00000100804
P25490	-0.0473237379198821	23.1265492445693	-0.14509792352527	0.885102220685957	0.975031286806855	-6.2497776639418	ENSG00000100811
Q9UKV3	-0.308611934179954	27.1581783742258	-1.62375612131757	0.109480109188176	0.438472067816508	-4.99611813441379	ENSG00000100813
Q15643	0.283506650651599	26.2837187242993	1.13617372628498	0.260237918270372	0.660139965262394	-5.63444933940283	ENSG00000100815
P27695	-0.243805835622307	29.6994906423043	-1.2199284039299	0.227092495092258	0.621288851913194	-5.53997147577816	ENSG00000100823
Q86U42	0.42435971801681	27.3505533409919	1.62289776394449	0.109663939433752	0.438472067816508	-4.99742582127098	ENSG00000100836
Q13017	-0.512192483385579	23.4305383388517	-1.22274481434537	0.226034069801158	0.620204996714481	-5.53668321469407	ENSG00000100852
P61011	0.153551601267125	27.3575456397121	0.87396356669511	0.385496438411523	0.777892617018739	-5.88829687006792	ENSG00000100883
Q16822	-0.39580381068297	30.696730995475	-1.96388367454939	0.0540119986665716	0.300845177455378	-4.42904637115856	ENSG00000100889
O15091	0.0119433717776332	22.967686831384	0.0296801071487957	0.976417104473427	0.995421890307053	-6.25965725710082	ENSG00000100890
P60900	-0.124335173243658	29.8261629613456	-1.03529896373865	0.304533462253316	0.702534321956185	-5.73967908382032	ENSG00000100902
P25963	0.196691119116117	22.7497224914882	0.434802363637211	0.665209133620845	0.904691039418433	-6.1676273926005	ENSG00000100906
Q9UL46	0.212775052165458	31.0817135377082	1.3720166027518	0.174981302612924	0.550349558851194	-5.3521426464427	ENSG00000100911
O15321	-0.377465435702721	24.9325958782213	-0.852855173806536	0.39700838622368	0.787517908358576	-5.90593306972679	ENSG00000100926
Q15436	-0.151172296345223	28.7385072139006	-1.45729538090866	0.150059877434613	0.519669130426993	-5.23776788910458	ENSG00000100934
Q9P2T1	-0.271567648457303	26.3035784087054	-1.09880571886545	0.276083390110704	0.676241278304691	-5.67452624720965	ENSG00000100938
Q9H307	-0.0189098899860447	27.6227658570704	-0.102898585756748	0.918374144381175	0.983723210974062	-6.25490268328721	ENSG00000100941
Q92696	-0.154453108165239	26.3517662467642	-0.485642970609698	0.628924888291205	0.899825244544314	-6.14478534552913	ENSG00000100949
P55058	0.0748674359192307	22.8142802854136	0.146042620988385	0.884359518725694	0.975031286806855	-6.24964298460838	ENSG00000100979
Q9H4Z3	0.067446274994353	23.6959255927727	0.136813647096349	0.89161950705685	0.97562305054463	-6.2509212857513	ENSG00000100982
P48637	-0.0366981086670712	30.3095258135332	-0.311683752348692	0.756322119633902	0.93936467053732	-6.21254032814362	ENSG00000100983
P14780	5.86014958712327	22.684179958292	5.46095127982719	9.02987814778741e-07	0.000249857937553481	5.55727220690643	ENSG00000100985
P11216	-0.483076532144835	31.8346849631521	-2.84708648599411	0.00596876714150211	0.0784281619821952	-2.5359517023721	ENSG00000100994
Q8N2K0	0.139706784854521	25.9343272281551	0.71325609022624	0.478352074935152	0.833760267581496	-6.01193663097335	ENSG00000100997
Q9UNN8	-0.236492633147627	26.882130084356	-1.29996807161207	0.198403670773161	0.583011039533524	-5.44372029862007	ENSG00000101000
Q9NVA1	-0.684084236176545	22.9676931487499	-1.53228737636811	0.130516929071223	0.481209475473551	-5.13188984754548	ENSG00000101019
Q9HBY8	0.370811662062383	22.3789787358183	0.991391922529347	0.325331277114858	0.72364502748647	-5.78253560037148	ENSG00000101049
P41235	-0.356246267001108	24.9880677274777	-1.16939871751941	0.246700100030881	0.646757521859806	-5.59773824557385	ENSG00000101076
Q9UGV2	-0.382322498460585	26.8273813454689	-0.765507484007674	0.446878163971851	0.820204183149951	-5.97441099202768	ENSG00000101079
Q13043	0.328904618309505	27.3024115353319	1.77989423390682	0.0799727903397442	0.371859323383009	-4.74780158271488	ENSG00000101109
Q9NQP4	0.0282441401634408	25.300101401976	0.0908692381384802	0.927888186215353	0.98569641773234	-6.25604428406265	ENSG00000101132
Q05048	0.0560965841151138	25.303075204726	0.229076808321356	0.819559976659978	0.958203377514335	-6.23439478486121	ENSG00000101138
P78406	0.0838398200189978	26.6680355416714	0.4309302641879	0.668007237145639	0.905275850670256	-6.16926434913544	ENSG00000101146
O43399	0.207920826643917	29.0916201496448	1.15292052563255	0.25334981522166	0.65338079680798	-5.61607191751906	ENSG00000101150
Q9H3Z4	-0.399137884288766	28.655399163872	-0.468043608772173	0.641452140331533	0.902647786771382	-6.15291671584857	ENSG00000101152
Q8IXH7	-0.239661365863505	25.6250106842968	-1.06689669175717	0.290137739592164	0.689377383004823	-5.70772900759918	ENSG00000101158
Q9UBR2	-0.345448903328759	29.8688062590587	-1.85229743007178	0.0687245856175264	0.343493724772086	-4.62569519763144	ENSG00000101160
O94906	0.236371207638459	27.4186597357074	1.48416657728293	0.142809554305973	0.503713130420744	-5.20039666832049	ENSG00000101161
O14818	-0.00274872570459905	30.7671503585995	-0.0216519479848986	0.982794831007406	0.99613015120509	-6.25985912085096	ENSG00000101182
Q9BTC0	0.0423281896468453	23.2796344741173	0.0911093801627132	0.927698149250202	0.98569641773234	-6.25602288043884	ENSG00000101191
Q9NWU2	-0.500208294860403	24.9748925487377	-1.08346751553291	0.282778669311635	0.681956781765258	-5.69060376628117	ENSG00000101193
Q8N6T3	0.455025952038714	24.978275131797	1.41675172249413	0.161539430912345	0.535165128455817	-5.29294868040722	ENSG00000101199
Q13882	0.127145565280163	23.731155606222	0.189176389094063	0.850569861973517	0.96894755612696	-6.24256355355122	ENSG00000101213
Q9GZN8	0.0896099769298822	23.9238916217481	0.417361037785055	0.677849930507645	0.908862849114883	-6.17488595635824	ENSG00000101220
Q13795	-0.191864614750834	22.5658735337267	-0.573661563106968	0.568263182121285	0.883685586392464	-6.09932657262228	ENSG00000101246
P50749	0.521939043308496	23.3788086877078	1.36731129223112	0.176443452016345	0.554551091553387	-5.35826518407554	ENSG00000101265
P68400	0.0237477395480177	28.7104540437742	0.208497820377	0.835520819119834	0.966093093015364	-6.23880224383871	ENSG00000101266
O95674	-1.19185497575527	25.9663357956009	-2.39354801592633	0.0197130558615999	0.170087489894469	-3.57977343289393	ENSG00000101290
Q8TCT9	0.33632112053359	28.1345372940167	1.37193781271118	0.175005709709879	0.550349558851194	-5.35224533046849	ENSG00000101294
Q5TFQ8	0.0825536276911158	24.5311085403629	0.169504234341663	0.865949534107557	0.970506166261881	-6.24601805544754	ENSG00000101307
Q15437	-0.169565391840294	29.2390316904077	-0.963457520835729	0.339044862807966	0.735991893667134	-5.80886607309016	ENSG00000101310
Q9BQL6	-0.114031420598099	26.9413155245134	-0.680322051958282	0.498822444682274	0.845846598289547	-6.03423836106384	ENSG00000101311
Q15147	-0.257803023882825	23.7772820405697	-0.566672877024867	0.572973516333685	0.883685586392464	-6.10320935978189	ENSG00000101333
P24844	-1.02195447702124	31.6044737724892	-3.13623044498275	0.00262676823873401	0.0479055759391859	-1.80258188407391	ENSG00000101335
P08631	1.13543795499585	24.8815882493396	2.5044222733009	0.0148974536082403	0.145148701933615	-3.33797399333116	ENSG00000101336
Q92544	-0.42057400846765	27.9058438368678	-2.89701190383384	0.005193051150299	0.071150019905981	-2.4124945637476	ENSG00000101337
Q9BZJ0	0.0727516059594642	26.1763975713666	0.390922521784798	0.697188916101409	0.918627247586294	-6.18532545577494	ENSG00000101343
Q9H488	0.10165813053607	26.8791172758689	0.891198180586665	0.376253715070961	0.770243892448389	-5.8735855916916	ENSG00000101346
Q9Y3Z3	0.0365228790627228	30.4659857020701	0.369440855900095	0.713052600444406	0.925389179133615	-6.19330731144161	ENSG00000101347
O00567	-0.00483901103941164	28.4728878135238	-0.0397427691906281	0.968425359144493	0.993650462264991	-6.25931506877457	ENSG00000101361
O43837	-0.223592091142656	28.963746892784	-2.35841129195766	0.021506847079706	0.178015010487313	-3.65452029441775	ENSG00000101365
Q15691	0.30052968361684	29.7032640142639	2.83077598688645	0.00624451104943945	0.0806903287976145	-2.57593155475557	ENSG00000101367
Q9NQG5	-0.0465115797786098	28.1912272145414	-0.432154853145456	0.667121796359753	0.904929143171575	-6.16874821914714	ENSG00000101413
Q9H444	-0.138457645450849	28.883637132263	-0.447750485823705	0.655893418089686	0.904691039418433	-6.16204227889281	ENSG00000101421
P17213	2.50438469770651	23.3874106502722	3.72524552185911	0.000422572394602981	0.0150695035247281	-0.14677311056297	ENSG00000101425
P01034	-0.737556528399065	29.2199381719099	-3.36964897627061	0.00129626118789835	0.0299513231254649	-1.16710337597415	ENSG00000101439
Q14508	-2.963497929052	25.3756029158229	-5.15736215656522	2.76091692212051e-06	0.000579049229858582	4.51161981609884	ENSG00000101443
P23526	-0.359568060090883	31.1744015097568	-2.5942259288285	0.0118052415134541	0.124755779017181	-3.13564409770761	ENSG00000101444
Q9H490	-0.707899944987606	23.8258347688971	-1.83178116689192	0.0717679972167486	0.352251025043142	-4.66073768483786	ENSG00000101464
O14734	-0.437134532386857	24.292046315958	-1.20684205926914	0.232057917072269	0.627684435414229	-5.55515555541515	ENSG00000101473
Q9HDC9	0.114863342276003	29.4262414197669	1.06024396452471	0.293129028342452	0.693764145638626	-5.714532833492	ENSG00000101474
P54578	-0.164733662387956	29.1637499375113	-1.87718148761686	0.0651797333812375	0.337535694328479	-4.58272576243701	ENSG00000101557
Q9P0L0	0.0333818612111969	29.8555331258446	0.347451019612134	0.729424235734329	0.932192461602207	-6.20101290461793	ENSG00000101558
A6NHR9	0.134852152162704	26.332352334642	0.666297603524421	0.507682141334344	0.850765432297534	-6.04342010715059	ENSG00000101596
P19105	-0.0260118293027993	30.8660993912092	-0.202418642128047	0.840249392803946	0.967097434212591	-6.2400250343852	ENSG00000101608
O43148	0.176905607060775	24.996275913854	0.858652751419383	0.393825569676653	0.786248760604626	-5.90113105711582	ENSG00000101654
P33240	0.572592069529897	25.7608902667054	2.19853203370621	0.0316359442206376	0.22639213101724	-3.98292793511287	ENSG00000101811
Q9NR99	0.456213021068876	24.4209869223422	0.910815273351396	0.365905309092477	0.762689442260677	-5.85650030228106	ENSG00000101825
O75832	0.171020489261988	26.0351698022527	0.606326338781408	0.546502313153416	0.8724942199542	-6.08055477274396	ENSG00000101843
O00264	-0.0305769278336676	29.3579492859994	-0.204769851884417	0.838419838417649	0.966780160476092	-6.23955638711851	ENSG00000101856
P09884	1.01879966508534	24.7168435130576	1.22960634486749	0.223487608177282	0.61705211513454	-5.52863253432274	ENSG00000101868
O15344	-0.0345734386253618	22.4044952389723	-0.0890871166053429	0.929298603257282	0.98569641773234	-6.25620135816989	ENSG00000101871
Q9NP73	0.27671986741646	25.7928948760506	1.11015426044301	0.2712014470028	0.671904357340421	-5.66249098010636	ENSG00000101901
P11908	-0.187379241171193	28.4583244820019	-1.29039383477736	0.20168527604656	0.587088893615632	-5.45553871089429	ENSG00000101911
Q9H1Z4	0.116517246219193	25.1375317528666	0.357521716882017	0.721910281081123	0.92922431056549	-6.19754239285875	ENSG00000101940
P98170	0.292946536374735	24.2024980758203	0.729674326682778	0.468325443129505	0.82980672773388	-6.00043168165653	ENSG00000101966
Q8N3U4	-0.790296182762315	25.6927139910078	-2.41282237520788	0.0187869731342078	0.165234458872314	-3.53838352964042	ENSG00000101972
P00740	-0.247467721472709	23.7955078514571	-0.359059814015913	0.720765068900896	0.928936875612524	-6.1970036500801	ENSG00000101981
P33897	0.185325312227405	22.8719070699883	0.420179821886566	0.67580056169505	0.908575899069828	-6.17373287175939	ENSG00000101986
O60826	0.100815187559185	26.8296896711353	0.536669847721462	0.59340809326133	0.891538678272224	-6.11934324658121	ENSG00000101997
P08247	-1.01490750519559	24.6129192623648	-1.08905196342298	0.280354358458745	0.680452082956815	-5.68475324100977	ENSG00000102003
Q04941	0.311913596520377	27.9262719590023	1.45619171062443	0.150363705881079	0.51999143423668	-5.23928923164342	ENSG00000102007
P13797	0.151021223469456	27.9908102087055	0.986706649786389	0.327605223720348	0.724131043756408	-5.78700271803013	ENSG00000102024
P41227	0.226061208101054	27.2828451589054	1.47549964798479	0.145117346086823	0.508236922422252	-5.21251962152384	ENSG00000102030
P51606	0.032457032001787	24.1851269349629	0.0802310401582326	0.93631081687739	0.987531394271817	-6.25693579011331	ENSG00000102032
Q16576	0.159635554386245	29.0342995838786	0.965317981866377	0.338119878079934	0.735141926956866	-5.80713510192509	ENSG00000102054
Q06787	0.358798303443958	22.7651027454879	0.938982701650251	0.351367885804343	0.74873352141113	-5.83133574425291	ENSG00000102081
Q9UHG2	-0.180791910896634	25.6391811942538	-0.596770150299583	0.552824572376584	0.875288100294738	-6.08615282141957	ENSG00000102109
P50402	0.017934196917011	27.4341331219774	0.0733686898559208	0.941747915094986	0.988539327237031	-6.25745206289359	ENSG00000102119
P00558	0.273733864553115	33.6638583054774	4.23965347404936	7.54913480727202e-05	0.00591044442368663	1.43732309092678	ENSG00000102144
Q9H0U3	0.0193364079972866	26.871595824388	0.0356448793888604	0.971680771784164	0.993917698093988	-6.25946628749128	ENSG00000102158
P52788	-0.645877124989724	27.2102196352566	-3.43459603950022	0.00106121860126915	0.0258685056931553	-0.985773206174002	ENSG00000102172
P11441	-0.0385844761076939	24.6934066134558	-0.0792256387642277	0.937107220988265	0.987639287987826	-6.25701431274773	ENSG00000102178
Q15075	-0.189118955608574	29.7012918664945	-2.32760765754016	0.0231976751256314	0.18795976591392	-3.71929422147088	ENSG00000102189
O75695	-0.278347872396445	27.6522404872385	-0.530060016824233	0.597985702315102	0.893202947043432	-6.12275109474975	ENSG00000102218
P51784	0.496806722902612	21.7665318645964	0.701142881752797	0.485831890138819	0.836812812052665	-6.02025346185836	ENSG00000102226
O43719	0.502656554652116	26.5962480622913	1.46525459128479	0.147882972915942	0.515275304351842	-5.22676481817641	ENSG00000102241
P01033	0.345876216206385	23.46318396937	0.661455753482117	0.510760429566911	0.851520123165617	-6.04654628794077	ENSG00000102265
Q9Y237	-0.79938840511775	25.7156426388528	-1.95791143023747	0.0547250699270696	0.302960209454122	-4.43982835652998	ENSG00000102309
Q9UNF1	-0.323171051425359	23.180673666797	-0.496898035855579	0.62101088514784	0.899037114426398	-6.1393900315064	ENSG00000102316
P98179	0.266082913853889	28.1753445395674	1.51574295471054	0.134644837112257	0.489089612678824	-5.15567164066425	ENSG00000102317
Q96C24	-0.21754002795879	23.1479276357181	-0.468896249299324	0.640781387745052	0.902647786771382	-6.15258614171405	ENSG00000102362
Q9BVG4	0.195864596641155	26.8036305146066	0.967796840263571	0.336890020030085	0.734893495546025	-5.80482374452901	ENSG00000102390
P06280	0.103494479979556	26.5004970436637	0.6209794949899	0.536879742524899	0.866459894084231	-6.07180030797725	ENSG00000102393
Q9UH62	0.193224939585527	25.250355349428	0.81202023050063	0.419873586988769	0.803358129771845	-5.93885534848388	ENSG00000102401
Q9Y2H6	0.412106041619307	25.4140630739949	0.824131023457409	0.413010857588549	0.798938038798591	-5.9292559424367	ENSG00000102531
Q9Y6E0	0.0263530890609331	27.9942596012881	0.222393579047349	0.824735376222616	0.959932125195715	-6.23587153204191	ENSG00000102572
P13686	0.265023601565652	26.4905230805973	0.921992019442054	0.360091484651949	0.757261421445074	-5.84660423338931	ENSG00000102575
Q13217	0.26741381192344	28.9922429392017	2.17966207145392	0.033072719389317	0.231054278979374	-4.02040184380925	ENSG00000102580
Q14155	-0.210958187872563	26.758729977044	-1.29422961449932	0.200365713480082	0.585820834157055	-5.45081375376608	ENSG00000102606
Q9UKK3	0.0479957050312407	28.4073468830932	0.371830888009505	0.71128116762349	0.925389179133615	-6.1924414500254	ENSG00000102699
Q92665	0.172437151617576	26.7319665786725	1.0141664198034	0.314428043475896	0.712410296188231	-5.76052999890766	ENSG00000102738
Q9Y619	-0.696656699699211	24.0119645587295	-1.96029165217044	0.0544399192228759	0.302145938978469	-4.43553468596564	ENSG00000102743
O00505	-0.351462496105498	26.4897618265681	-1.12018230695599	0.26693824354708	0.666185007808799	-5.65175735442965	ENSG00000102753
A3KMH1	-0.304654168971044	26.1034231645997	-0.707654159734407	0.481800480094415	0.836173780380282	-6.01580324300817	ENSG00000102763
Q9UL03	0.137085452018283	22.8409971603213	0.359202300490635	0.720659010972336	0.928936875612524	-6.19695362539684	ENSG00000102786
Q15714	-0.608800438682984	24.8542927788972	-2.12045157180438	0.0379587213696938	0.247890907340048	-4.13619355097282	ENSG00000102804
O75503	-0.153710749725306	24.3281487477292	-0.27798708940675	0.781943259848767	0.949485591087321	-6.22225941599654	ENSG00000102805
Q6UX06	1.6325627961976	22.3552012672927	1.3371406492179	0.18614337392644	0.569042520747818	-5.39702973449296	ENSG00000102837
Q15628	0.187179278639	23.8755349425604	0.350497924776119	0.727148028033108	0.931877367065696	-6.19997331441559	ENSG00000102871
P31146	0.141771113543328	31.293021649582	0.814723110792883	0.418336044290348	0.802405808888372	-5.93672500661124	ENSG00000102879
P27361	-0.0852285116538063	29.0251480619093	-0.664857882231602	0.508596425376767	0.851511705471133	-6.04435202230159	ENSG00000102882
Q7L5L3	0.243787399606941	28.6044748333693	1.41799502636468	0.161177579233849	0.535165128455817	-5.29127813526595	ENSG00000102886
Q96BJ8	-0.224721013901927	24.0893289855159	-0.481706880198441	0.631702953501217	0.899825244544314	-6.14664323623022	ENSG00000102890
Q93100	0.500023846843391	22.58637115857	1.13427879770059	0.261025601276331	0.661327688639441	-5.63651255838183	ENSG00000102893
P61970	-0.120581461821924	29.0790014968283	-0.447694864078993	0.655929871536307	0.904691039418433	-6.16206970389647	ENSG00000102898
Q8N1F7	0.0799028042346919	28.0194608108539	0.49376880012726	0.623206757626118	0.899037114426398	-6.1409023918786	ENSG00000102900
Q9Y2Y0	-0.0727946582371679	22.7746525498763	-0.156612877988137	0.876056646323652	0.972742189452835	-6.24807649654534	ENSG00000102931
Q02127	-0.253807630205529	25.6358489271147	-0.927750918984796	0.357119186216989	0.755076393082127	-5.84145941102578	ENSG00000102967
P49711	0.406092735265076	22.7051740016979	0.636643513597023	0.526690708015663	0.860957035032759	-6.06221372188057	ENSG00000102974
P19387	-0.000281329097759908	25.9751632025174	-0.00123371264929594	0.999019584089683	0.999391935659059	-6.26008801703166	ENSG00000102978
O43169	-0.123614672491044	28.5389156365055	-0.804054662267454	0.424424569145474	0.805811698176524	-5.94509332094964	ENSG00000103018
Q13232	-0.256967178613817	28.2822936444816	-1.82394791452352	0.0729594538201686	0.355856799357226	-4.67402513497233	ENSG00000103024
P51665	0.417576727184414	28.3085740722598	3.747682557296	0.000392923691149618	0.0146628690737605	-0.0802175280422492	ENSG00000103035
Q08AM6	0.00394328802178734	25.8878260840167	0.0163970239550706	0.986970081392831	0.997028532073778	-6.25995706202159	ENSG00000103043
Q9H9E3	-0.115231386955401	26.5104475534463	-0.717307498162737	0.475866764418465	0.832499668390726	-6.00912155527891	ENSG00000103051
Q9NY59	-0.68618307376746	24.1554459127859	-1.37488474278144	0.174094597989325	0.550349558851194	-5.34840094032094	ENSG00000103056
Q9H6T0	-0.0334101502774118	23.5280023884255	-0.068525258425541	0.945587096716258	0.988539327237031	-6.2577886823471	ENSG00000103067
Q7L5A8	-0.253482952185742	22.7740655485805	-0.781578179549952	0.437424326963239	0.816036556596148	-5.96237037585272	ENSG00000103089
Q7L1V2	-0.159439983848252	22.6420643829302	-0.423866247351056	0.673124093998032	0.908195356389641	-6.17221321589408	ENSG00000103111
Q9NRP2	-0.179833742666712	23.3762056651744	-0.443126692319775	0.659209893533501	0.904691039418433	-6.16405896320689	ENSG00000103121
O95822	-0.377558728443766	25.5689667269084	-1.17374692282578	0.244966468055511	0.644070467843153	-5.59285896405899	ENSG00000103150
P29372	0.512807786858271	24.0294874659219	1.51450952010543	0.134956679610058	0.489633249443544	-5.15743506787008	ENSG00000103152
Q14019	0.0487694593736698	30.1924589530728	0.30796080101869	0.759139991229739	0.940498407746265	-6.21366855283756	ENSG00000103187
Q14694	0.23335473484941	26.6761297729512	1.28638115331011	0.203072629949813	0.58933211874206	-5.46046737742235	ENSG00000103194
P49815	-0.243563782438859	23.1016400306142	-0.546151791918291	0.586913218560835	0.888330067687065	-6.11433829495254	ENSG00000103197
P33527	0.383386931711385	23.3648706952094	0.927437263489387	0.357280662304878	0.755076393082127	-5.84174042277182	ENSG00000103222
P69849	0.00821199253688931	28.5301802383205	0.0475862251346978	0.962198312419346	0.992154633017358	-6.25897955479373	ENSG00000103226
Q9H6Q4	-0.0250629003996394	23.4450498832213	-0.0300801558152605	0.976099551973297	0.995421890307053	-6.2596455307155	ENSG00000103245
Q01650	0.302899392648957	23.6155209554092	0.900412919879518	0.37136991041815	0.766996976406406	-5.86560520990726	ENSG00000103257
Q9UNE7	-0.126410774589985	25.3181298627016	-0.434384336317389	0.665510984618115	0.904691039418433	-6.16780481719947	ENSG00000103266
P53384	-0.393960906524644	24.5778395024517	-0.75653048452318	0.452184196087232	0.824354064136084	-5.98105820721654	ENSG00000103274
P63279	0.169848320850157	28.8021835748209	0.71742464855798	0.47579500727487	0.832499668390726	-6.00903992145315	ENSG00000103275
Q14894	-0.703077087005006	26.7542498934684	-3.40267143158566	0.00117120000915109	0.0280112002188636	-1.07519694741047	ENSG00000103316
O00418	0.136969109789508	23.3068207316799	0.363582331264772	0.717401486948859	0.92828714210733	-6.19540622737844	ENSG00000103319
P15170	-0.224251312518177	28.3490509986308	-1.45598134775582	0.150421670966377	0.51999143423668	-5.23957908224953	ENSG00000103342
O14562	-0.0584179618039862	23.6505070391522	-0.0857066751988855	0.931974593325043	0.986424195924196	-6.25649076101983	ENSG00000103353
Q5JPH6	-0.39670608512651	25.4233124398035	-0.566358745273125	0.573193793407876	0.883685586392464	-6.10337454945112	ENSG00000103356
Q15370	-0.592804998283935	27.4399606548948	-2.46821336315816	0.0163386979702332	0.152832345945136	-3.41792245290471	ENSG00000103363
Q9BRF8	-0.179947552204524	27.910841556665	-0.879037136876377	0.38276089259401	0.775620641885966	-5.8839952015262	ENSG00000103381
P30519	0.39181411899354	28.1644994163295	3.32078385442026	0.00150468079033175	0.0330847756035446	-1.30198270660245	ENSG00000103415
Q96EY1	0.113410943286404	28.54433501075	0.925151268006545	0.358458960219183	0.755576617732975	-5.84378571379959	ENSG00000103423
Q15274	-1.9100189196483	26.4057449350322	-3.9936884243182	0.000174737242544913	0.00981194235106624	0.663716823502276	ENSG00000103485
Q9ULZ3	0.128270122538691	29.5065653074814	0.923970358460072	0.359068629980976	0.75598503447346	-5.84484035750963	ENSG00000103490
Q12846	-0.0555979988563884	27.1383500226012	-0.339768056743822	0.735174649750422	0.93329795416072	-6.2035941555819	ENSG00000103496
O14735	-0.496653177953249	26.40989178389	-1.35923583520642	0.17897456971846	0.558699640424966	-5.36872687343131	ENSG00000103502
O14874	-0.174981518054544	24.8062470315931	-0.631936388060911	0.529741910209028	0.86177882946594	-6.06511931389138	ENSG00000103507
Q9H7Z6	0.00401065359647745	23.0739930850299	0.00843574533713856	0.993296298441108	0.997182823919789	-6.26005390437502	ENSG00000103510
Q15155	0.00821199253688931	28.5301802383205	0.0475862251346978	0.962198312419346	0.992154633017358	-6.25897955479373	ENSG00000103512
Q7Z3J2	-0.0478458869823548	25.6274847875992	-0.184645712773871	0.854107010084003	0.969338923690401	-6.24339270571519	ENSG00000103544
O75150	-0.13857796707795	27.0402631698343	-0.662744800243527	0.509939921435308	0.851520123165617	-6.04571619881464	ENSG00000103549
Q6PD74	-0.00384026632126933	23.9711178136082	-0.0146932762144674	0.988323862246684	0.997028532073778	-6.25998300901511	ENSG00000103591
P83111	0.00380657741348145	27.5593330587039	0.0208703986616158	0.983415775944179	0.996188600782489	-6.25987539989637	ENSG00000103642
P41240	0.287930538213562	28.0126717176662	2.5055527867181	0.014854361262518	0.145148701933615	-3.33546264381537	ENSG00000103653
P09668	0.321056302020676	27.1387297710853	1.38512248175308	0.170957551657906	0.54901739057159	-5.33498522788917	ENSG00000103811
Q5ZPR3	-0.0271761173786373	24.2541009839387	-0.0665043083055296	0.947189405799308	0.988539327237031	-6.25792234501281	ENSG00000103855
P16930	-0.343248832483759	27.2826072446582	-1.66384352942691	0.10116909314347	0.422415823056156	-4.9343421219531	ENSG00000103876
Q9H223	0.0994766360797534	29.5755229196661	1.15558990475907	0.252264002840803	0.651941046204218	-5.61311884796343	ENSG00000103966
Q8NBN3	-0.448717127924155	26.0022081150338	-1.5104602704768	0.13598444938953	0.491726261618773	-5.16321488306537	ENSG00000103978
Q07157	-0.525952065321206	27.4388196926092	-1.56951753319663	0.121595637328264	0.460597956469954	-5.07750160083199	ENSG00000104067
Q8TDJ6	0.571868601916492	25.2092586339806	0.573890859547882	0.568139830998357	0.883685586392464	-6.09916687304786	ENSG00000104093
O75822	-0.0478872675632154	27.3668212001981	-0.187783615300724	0.85165689127428	0.96894755612696	-6.24282058003096	ENSG00000104131
Q96JI7	0.179116177284193	22.910166097606	0.285214701781628	0.776426228772418	0.946541847298087	-6.22026807867076	ENSG00000104133
Q9P253	0.105585255222074	25.238645058232	0.270163778714572	0.78792768568605	0.951535863469539	-6.22435742233814	ENSG00000104142
Q9P2K5	-0.453032162278703	23.2064019199672	-0.832289516510816	0.408426345154298	0.795445769428075	-5.92271094097369	ENSG00000104177
P00918	-0.613087141832999	33.878392221378	-2.85259543687559	0.00588194048361678	0.0777164695613261	-2.52279244414733	ENSG00000104267
O60934	-0.123526802817835	23.2771165659105	-0.30426000123382	0.761944346910681	0.941296448505651	-6.21477667022897	ENSG00000104320
Q9Y646	-0.489965246409945	26.1238433520259	-2.92815152908331	0.00475761048675383	0.0673850648942043	-2.33467365717153	ENSG00000104324
Q16698	-0.0671967671345328	30.9477321498892	-0.555158462699082	0.580775301442799	0.887666649592057	-6.10950384628959	ENSG00000104325
Q9NX62	-0.386720632240358	25.8611775637043	-1.21641747658076	0.228416986746125	0.62277891436331	-5.54406050541349	ENSG00000104331
Q8N474	0.241651603759333	23.1513048904492	0.5222668533812	0.603337730375318	0.89396966294435	-6.12677960179985	ENSG00000104332
Q99575	0.0796138255399654	24.4358739173811	0.131338754848435	0.89593078309608	0.976133012393579	-6.25164021466225	ENSG00000104356
O14920	-0.217541857650666	24.1332097260551	-0.307611262878985	0.759404722768625	0.940502828357327	-6.21377378492255	ENSG00000104365
P00750	-0.153665264599788	23.0497971793109	-0.317401549856776	0.752000833177753	0.938088839629172	-6.21078126017094	ENSG00000104368
Q8TB36	0.455455868884265	23.2948413641766	0.929380224896931	0.356281144724901	0.754778975207803	-5.83999818987515	ENSG00000104381
P61019	-0.296445117740259	29.9463100461359	-2.87298076944097	0.00555399155239216	0.074673645781304	-2.47212217455008	ENSG00000104388
P60228	-0.0687554525359033	29.4978024157897	-0.752017792523883	0.454873726373325	0.824632805985357	-5.98436160830158	ENSG00000104408
Q15006	0.0821040726401492	27.1847023783977	0.72674414644363	0.470106123881014	0.82980672773388	-6.00250384378591	ENSG00000104412
Q6NXG1	-0.092659642001415	27.2395173564094	-0.510346493912373	0.611613231806132	0.89744488760617	-6.13278253564596	ENSG00000104413
Q92597	-0.0630038801884396	29.6426801204035	-0.460798924144551	0.646548311023228	0.903814295394978	-6.15626050555077	ENSG00000104419
Q9NVT9	0.0104119245708105	24.64786094856	0.0404169239352625	0.967890053762004	0.993650462264991	-6.25928859824549	ENSG00000104442
Q07617	-0.354708891850954	25.7122382012751	-1.15089330193282	0.254176644913046	0.654711971993785	-5.61831022099556	ENSG00000104450
Q9NRG0	0.144912250911968	23.3763067792618	0.476910224363331	0.635095611590923	0.900553762545728	-6.14888704330659	ENSG00000104472
P57764	0.676420514888424	26.3061985501371	1.80228926908055	0.0763403411895028	0.363566707865816	-4.71049895895094	ENSG00000104518
Q13630	0.0126186725971209	28.8867345701709	0.0959636693200879	0.92385761676091	0.985606697198344	-6.25557811379466	ENSG00000104522
Q53H96	0.173003014081658	23.9510661173272	0.357220689951842	0.722134489792256	0.92922431056549	-6.19764756282572	ENSG00000104524
P29692	0.334166301740286	31.380884201405	2.59241147076803	0.0118614630556853	0.125107462364898	-3.1397886016679	ENSG00000104529
P27216	-0.534032663093505	28.6414679224814	-2.4101049400969	0.0189151341557019	0.165826730789457	-3.54423551745752	ENSG00000104537
Q14534	0.128102947092387	22.5004117477856	0.443690028553581	0.658804708607222	0.904691039418433	-6.16381504629902	ENSG00000104549
Q9H788	0.12631198487378	23.1355346872397	0.194137127190649	0.846700491810955	0.968707167377975	-6.241632673593	ENSG00000104611
Q9NVR2	0.0453938803630258	22.749232230821	0.0928484185109788	0.92632208383303	0.985606697198344	-6.25586619637456	ENSG00000104613
Q15043	-0.591683668441689	24.9926131249881	-1.09233730913946	0.278893294714575	0.679234093826966	-5.6813329253377	ENSG00000104635
Q96QG7	0.00983604942300431	22.9232443256009	0.0248223879765528	0.980276013734095	0.995421890307053	-6.25978694575034	ENSG00000104643
O00399	0.183831808283127	24.9506152669069	0.384476357023686	0.7019354150526	0.920880882485847	-6.18776776380186	ENSG00000104671
P00390	-0.371091154449466	30.7121858265933	-3.34033983303562	0.00141773508692605	0.031684055036917	-1.24816505247959	ENSG00000104687
P62714	-0.331734388827599	28.6974830621651	-1.55433413176447	0.125173186138337	0.468475898429891	-5.09982797406616	ENSG00000104695
P07197	-0.0454535535687377	23.0101278406864	-0.119279289929778	0.905438096455776	0.978297495610207	-6.25312029494516	ENSG00000104722
P33991	0.179844457827777	27.0721390137491	0.809152027954981	0.421508888320292	0.803666282268273	-5.94110841899007	ENSG00000104738
Q13510	-0.627070622791578	30.2233871117438	-4.34819739472379	5.17838984909584e-05	0.00455447739469671	1.78591385856876	ENSG00000104763
O00754	0.195240966293362	27.8960775614683	1.27687686544125	0.206387040807619	0.593929184154424	-5.4720832645442	ENSG00000104774
Q02818	-0.0293632512562176	30.5962190266976	-0.360166321791448	0.719941599111327	0.928936875612524	-6.19661465404295	ENSG00000104805
P13807	0.0870197093445881	27.755330593518	0.475350494939542	0.63620050049558	0.900553762545728	-6.14961186104461	ENSG00000104812
Q13011	-0.231284990940253	31.0643351904784	-1.53909726266658	0.128847317390254	0.477312786500719	-5.12203161431684	ENSG00000104823
P14866	0.173824103520385	30.7739004985262	1.65761002888936	0.102426592750133	0.423609952894413	-4.94403846625307	ENSG00000104824
Q15653	0.124561074854881	23.2868637485184	0.22607874239502	0.821880656273003	0.959819588560582	-6.23506264508312	ENSG00000104825
P04350	-0.0574232067272931	25.0730895156246	-0.169775872388082	0.865736799012772	0.970506166261881	-6.24597293226484	ENSG00000104833
Q9NP81	-0.0898972478541182	27.6321678972437	-0.672362654492477	0.503840299323152	0.848373294111547	-6.03947246313434	ENSG00000104835
P08621	0.131550775930435	28.887566788936	0.856044379825281	0.395255579178331	0.786616304109284	-5.90329544566641	ENSG00000104852
O96005	0.083462480589354	27.0132885887882	0.466211478732458	0.642691046648317	0.902647786771382	-6.1538114652149	ENSG00000104853
P55899	-0.381167501853334	26.0362981194688	-1.55533262250088	0.124935365933012	0.467906971451041	-5.09836589493983	ENSG00000104870
Q9NWS0	-0.231581972615942	23.6108291977792	-0.421262896092072	0.675013776298628	0.908575899069828	-6.17328776484964	ENSG00000104872
Q96HA9	-0.872417497686225	23.7611379281276	-1.33341459790722	0.187253484997919	0.570433147813047	-5.4017866789269	ENSG00000104883
Q15428	-0.0024588384453601	27.159447875753	-0.01520873561276	0.987914279566648	0.997028532073778	-6.25997545893008	ENSG00000104897
Q9NXH9	-0.486410258104097	23.6478695187028	-1.23000577544898	0.223321995457326	0.61690721440162	-5.52817251384536	ENSG00000104907
O60499	0.398125263806214	22.7903633392495	1.08862144097114	0.280516464787625	0.680452082956815	-5.68522565029712	ENSG00000104915
Q9HA65	-0.197596168973998	23.6907025057509	-0.32865462775947	0.743519534150757	0.934627021605365	-6.2072262018578	ENSG00000104946
Q96RQ9	-0.340748657343909	25.7981178204366	-1.65766138295936	0.102416181166008	0.423609952894413	-4.94395871951399	ENSG00000104951
O43765	-0.292556189580818	26.615514675018	-1.55286786989812	0.1255230748352	0.468820087038591	-5.10197343538108	ENSG00000104969
O43615	0.15192756213753	27.5415203780809	1.2025479676343	0.233704325973745	0.629802413100515	-5.56010399806352	ENSG00000104980
Q9UPN7	0.61543551435744	23.8817625976625	1.48483141958324	0.142633721160997	0.503713130420744	-5.19946398871542	ENSG00000105063
Q86YV0	-0.164441852455081	25.7097811355232	-0.342089204181757	0.733435735708485	0.932508109502526	-6.20282037857912	ENSG00000105122
O43823	-0.227309302564233	22.5128683315847	-0.558453738151189	0.578537334101054	0.885672117589289	-6.10771550735832	ENSG00000105127
A1L0T0	-0.185280828572193	28.1988940177639	-1.28928907308197	0.202066530931437	0.587663356356868	-5.45689710819713	ENSG00000105135
O14737	0.0656701642919906	27.6729927396813	0.486081644468662	0.628615607330331	0.899825244544314	-6.14457735610732	ENSG00000105185
P62249	-0.0239425767630159	30.2326988375566	-0.135301346768655	0.892810065577455	0.97562305054463	-6.25112280446589	ENSG00000105193
Q3ZCQ8	-0.424851014060998	26.1223205856049	-1.05705700836907	0.294569475507095	0.695362489151597	-5.7177776500228	ENSG00000105197
P22087	-0.235805538176468	28.8202770396499	-1.72196038555538	0.0900412943168143	0.397889123103394	-4.84234815554449	ENSG00000105202
Q05315	2.7826524428709	28.7479633809663	6.28958794525288	3.76410596322217e-08	2.12249991334288e-05	8.53079898854332	ENSG00000105205
P06744	0.0993807741069546	32.7122870867512	1.10042383409166	0.275383576776902	0.675209822016387	-5.67281747530292	ENSG00000105220
Q8IV08	-0.641702484790876	28.1724867261076	-2.82085833419734	0.0064178713180086	0.0815485923929013	-2.60015576954985	ENSG00000105223
Q9Y6R0	-0.358326031260262	23.5032403753756	-0.613668499013827	0.541669871937279	0.869735915370865	-6.07619403581784	ENSG00000105245
Q9BW85	0.43296375910726	23.5523159094299	0.571698768540475	0.569584177330647	0.883685586392464	-6.10042182002571	ENSG00000105248
Q99426	0.175420143437805	26.1503077110206	0.729972998748789	0.468144154130466	0.82980672773388	-6.00022000697798	ENSG00000105254
P36954	0.392059161374469	23.6882464317623	0.628210988755294	0.53216325591691	0.864012679706439	-6.06740382610526	ENSG00000105258
Q15758	0.256579855767821	26.2910729201075	0.997505664467886	0.322379889390472	0.72046620362551	-5.77667573185086	ENSG00000105281
Q9BZL6	-0.077093959942264	23.3645061010414	-0.232069484448802	0.817245082178823	0.95736409139799	-6.23371936614631	ENSG00000105287
O95049	0.147906761390718	26.1163199469767	0.862122658760033	0.391928212942958	0.784314072507352	-5.89824182045652	ENSG00000105289
Q9Y3X0	0.278580044218561	23.3032861117407	0.576311833282931	0.566481888425738	0.8825787821673	-6.09784181980544	ENSG00000105321
Q9BUJ2	-0.0162753300679945	29.3078962777287	-0.150999783407943	0.880464019389155	0.974065793818029	-6.24892195880159	ENSG00000105323
O60664	0.368528636341839	29.5040959654682	3.40060359390539	0.00117868367927666	0.0280487824269923	-1.08096979924297	ENSG00000105355
Q7Z406	0.0213287077850666	32.7156544848798	0.156973066845417	0.875773960716686	0.972742189452835	-6.24802119110215	ENSG00000105357
Q9BYD3	-0.228820411952082	27.270815180799	-1.46419583844196	0.148171116750456	0.515949616628504	-5.22823169024622	ENSG00000105364
P39019	0.266504059742065	31.0389189380418	1.76917586387359	0.0817615588731337	0.377196091823349	-4.76550634972958	ENSG00000105372
P38117	-0.21833501024971	30.9822864225216	-1.6183250918348	0.110647461809576	0.440463102503524	-5.00438150282128	ENSG00000105379
P06731	0.5274626561533	29.5359726896697	2.9976818974775	0.00390465665624546	0.0611841745589267	-2.1586753291988	ENSG00000105388
Q9NWV8	0.0716600688336939	24.7424755172476	0.244180431096606	0.807893890912848	0.956623819671774	-6.23089668479225	ENSG00000105393
Q06520	-0.057185726939327	24.1631310809578	-0.0725492359581638	0.942397441778424	0.988539327237031	-6.2575106167303	ENSG00000105398
Q16543	0.036163781697276	29.6926908499874	0.298803268659873	0.766085133607092	0.943016530674842	-6.21638619509099	ENSG00000105401
P54920	-0.0226850247014561	29.9224299555528	-0.259190462231563	0.796343277364289	0.952502718023134	-6.22719950592227	ENSG00000105402
Q9UI14	-0.189466199311315	25.7644317371335	-0.644914285208747	0.521351865683267	0.857079205176621	-6.05705685678653	ENSG00000105404
P13637	-1.56758211077369	24.9985055518198	-2.63925882749993	0.0104851949803355	0.115273726265665	-3.03204407646672	ENSG00000105409
Q9BQ67	0.73375127580394	26.2814958186016	1.67215712661057	0.099511601285763	0.418496783472986	-4.92135852021587	ENSG00000105447
P18858	0.624951448853245	24.0630312773736	1.36256464677105	0.177927878007439	0.55760960849113	-5.36442148149894	ENSG00000105486
O95716	0.00584639563249922	26.1244955081273	0.0297233050362006	0.976382791029235	0.995421890307053	-6.25965600012734	ENSG00000105514
Q6UW68	0.0179299177782255	28.24335491166	0.109880379643171	0.9128576204326	0.98085768999526	-6.25417511719508	ENSG00000105518
Q13938	-0.792733025590834	25.0037230301779	-2.0650842369393	0.0430847928821309	0.268391999461911	-4.24198381093582	ENSG00000105519
Q2M2I3	-0.430852498638735	22.5116480027018	-1.59481963225625	0.115816299584048	0.449499132834031	-5.03985250927584	ENSG00000105523
O15382	-0.650824894694015	29.2559048508555	-3.38912565951695	0.00122105260262219	0.0288242417406875	-1.11297011233773	ENSG00000105552
P30153	0.0708278111067351	31.0995901626719	0.670608510377222	0.504949825535939	0.849010062312821	-6.04061782954265	ENSG00000105568
O14787	-0.235219244680842	23.9006640165506	-0.423837172423468	0.673145186839406	0.908195356389641	-6.17222525308361	ENSG00000105576
Q92947	0.0714989295981567	27.6002605136353	0.562362433459193	0.575888160995915	0.883685586392464	-6.10558068671746	ENSG00000105607
O75023	-0.524404146666438	23.8139291766786	-0.9870637617897	0.327431532158659	0.724040610243783	-5.78666295498833	ENSG00000105609
O00115	0.00610959949280598	26.2029725686251	0.0258782959289564	0.97943717071022	0.995421890307053	-6.25976072205927	ENSG00000105612
Q8WWY3	0.0560872999486222	26.6019942632404	0.38242799704134	0.70344618997409	0.9220141979499	-6.18853538158485	ENSG00000105618
Q02543	-0.0431743273258718	28.6538805891006	-0.19797949813664	0.843706041251491	0.967963190183964	-6.24089511676177	ENSG00000105640
P20336	-0.271333011546652	23.5723731542377	-0.582196444901819	0.56253657172197	0.88047421331762	-6.09452090518545	ENSG00000105649
Q9NPH2	-0.18099352485946	23.1059855255517	-0.442599300113912	0.659589318241514	0.904691039418433	-6.1642870378085	ENSG00000105655
O14579	0.165275865482133	29.6282653099213	1.37915361481705	0.172781218533013	0.549694273430874	-5.34281828932589	ENSG00000105669
Q86X29	-0.589546791749889	25.1386116398952	-1.8330629146113	0.0715746029711289	0.351618297298708	-4.65855862524215	ENSG00000105699
Q14318	0.471040204886329	25.4690217910114	1.77998605489771	0.0799576083455766	0.371859323383009	-4.7476494957031	ENSG00000105701
P49840	-0.677489487239054	25.0819941105266	-1.7207206109021	0.0902676930469144	0.398173196293906	-4.84434052243825	ENSG00000105723
Q9HD20	0.0983509366020989	28.4201205202993	0.561491116198152	0.576478200163607	0.883685586392464	-6.10605785217637	ENSG00000105726
O95571	-0.150735497149903	31.2057397411481	-0.725886282473873	0.470628174876337	0.82980672773388	-6.00310895686203	ENSG00000105755
Q8NBF6	-0.054888762145513	24.8167456959416	-0.145902554757648	0.884469629396534	0.975031286806855	-6.24966300808193	ENSG00000105778
A4D1E9	0.0867902244506169	22.7026391240371	0.256924268876543	0.798084315625702	0.953041917187918	-6.22777180222686	ENSG00000105793
Q00534	0.143813943665517	26.1318431854368	0.277029663337587	0.78267700934119	0.949485591087321	-6.22251809203638	ENSG00000105810
O75439	-0.0761152996803034	27.5841018289374	-0.505783864109731	0.614794326950419	0.897939625005374	-6.13504385599635	ENSG00000105819
Q99543	0.590100651124384	23.5615796393016	1.20712725120898	0.231948870261926	0.627684435414229	-5.55482630969701	ENSG00000105821
O15155	-0.123681699965331	24.851907784447	-0.268205199563753	0.789427921584074	0.952274204106648	-6.22487331166588	ENSG00000105829
P43490	1.09138282658046	29.9779392034349	6.29348817571005	3.4795227121719e-08	2.12249991334288e-05	8.6013344706934	ENSG00000105835
Q15165	-0.157434048506783	26.5024088585251	-0.475601992629558	0.636022287151393	0.900553762545728	-6.14949514757424	ENSG00000105854
A4D1P6	-0.616078621295554	23.3258391149209	-0.848797853788833	0.399245243443593	0.788512970843142	-5.9092747753319	ENSG00000105875
Q96DT5	0.0728838712320794	23.8081698619534	0.145787147792962	0.88456035632481	0.975031286806855	-6.24967949190936	ENSG00000105877
P58546	0.00981033638940687	29.2344556269597	0.120508559562303	0.904468318266592	0.978196298990029	-6.25297594086185	ENSG00000105887
Q9NZW5	0.380255881759336	22.4873675299463	1.02746995960271	0.308174158005908	0.707728241941025	-5.74745216692451	ENSG00000105926
Q7Z2W4	0.180630346324872	26.68794681416	1.00394825260245	0.319289171681483	0.717676773775404	-5.77046296313038	ENSG00000105939
Q02218	-0.28923457004457	30.7265416957825	-3.57169465336978	0.000690839021238919	0.019827079909557	-0.595491598844577	ENSG00000105953
O75689	-0.287887370743299	23.9521450499128	-0.565161218906892	0.573994855970406	0.883685586392464	-6.10404301592857	ENSG00000105963
Q71UI9	0.237051925732992	29.7444911369244	0.842072859336578	0.402982719255321	0.791514322635313	-5.91476563145553	ENSG00000105968
Q03135	-0.46635625236117	29.6903966521835	-2.17848430686078	0.0331642628531	0.231089208243698	-4.02273164232602	ENSG00000105974
O75190	0.123392413458237	24.9369755513427	0.325593343377055	0.745823680706519	0.936448552581215	-6.20820553890656	ENSG00000105993
Q04837	0.128888210972956	29.5533028953306	1.55596435473985	0.124785086600342	0.467906971451041	-5.09744040896784	ENSG00000106028
P31937	-0.297844018288348	29.3579284449466	-2.91002041073339	0.00500684384231376	0.0694715508196869	-2.38006101756271	ENSG00000106049
Q9H3G5	-0.549440799406895	27.8526463342567	-1.71503997163551	0.0913134587073478	0.398437514790136	-4.85345817507977	ENSG00000106066
Q8NFV4	-0.35345551133366	29.482684378521	-2.11559691640205	0.0383859032110709	0.249574421511901	-4.14556584878564	ENSG00000106077
P41250	-0.00097431812022819	29.2873352950341	-0.00903383933915125	0.992821018974859	0.997182823919789	-6.26004878625976	ENSG00000106105
Q9Y6H1	-0.413934881693393	26.111998594074	-1.023683086517	0.309945695533187	0.709246276853742	-5.75119155054242	ENSG00000106153
P04792	-0.00219168803383241	31.847353921548	-0.0188860834212083	0.984992369902976	0.996505267733011	-6.25991404320832	ENSG00000106211
Q13442	-0.288695879046156	24.0912163502983	-0.702238832951174	0.485147141665629	0.836812812052665	-6.01951255150003	ENSG00000106244
P41223	0.368942290816978	24.6473220920408	1.58474187818339	0.118091136970338	0.454126212904973	-5.05491438929674	ENSG00000106245
O75127	0.0594697022061297	21.9632453586179	0.176169050925072	0.860732850138022	0.970442117244495	-6.24489008748735	ENSG00000106246
P20815	0.298799933262863	22.6612255384122	0.481074186363242	0.632150003170895	0.89994864018964	-6.14694047712981	ENSG00000106258
P55884	-0.170260555641558	29.773330992675	-1.61575744213652	0.111202850260703	0.441652689345676	-5.0082793775641	ENSG00000106263
Q9Y5X2	-0.128104276328958	23.3133607857284	-0.222729312639873	0.824475200506527	0.959906141301175	-6.23579838856532	ENSG00000106266
P36639	-0.0339088457552634	24.1720775242025	-0.0575797185737217	0.954267787916668	0.991204722396621	-6.25846476386416	ENSG00000106268
O00401	-0.458108724704378	25.4329653872787	-0.998139267302774	0.322075046143832	0.720375400583394	-5.77606644616353	ENSG00000106299
Q13155	-0.0628285804997013	26.8631790426358	-0.343012473370112	0.732744446730138	0.932508109502526	-6.20251113904741	ENSG00000106305
Q15113	-0.755533632584186	23.9140769658769	-1.62600192240655	0.109000317057472	0.437686840143147	-4.99269371506645	ENSG00000106333
Q9NW13	0.839625666263892	24.2759835006087	1.05613894380933	0.294990381907609	0.69573256256618	-5.71870614719902	ENSG00000106344
P20839	1.08798762857113	22.9871455059542	2.45211644767224	0.0170187896753349	0.15702785126836	-3.45315955410458	ENSG00000106348
O95081	0.100301927915694	22.9540278971256	0.198224496206391	0.843515186419294	0.967963190183964	-6.24084759892444	ENSG00000106351
Q9Y4Y9	0.457120967011733	25.7952596373146	1.27308875012809	0.207719218405741	0.594277491063225	-5.47669026061675	ENSG00000106355
P61966	-0.0793379306291655	26.1369836479508	-0.381368060702069	0.704228421177211	0.9220141979499	-6.18893098799022	ENSG00000106367
Q9NS00	-0.116611805159135	22.8340325938857	-0.240980966661363	0.810361613605102	0.956623819671774	-6.23165630614327	ENSG00000106392
O60568	0.225914090803887	27.5624016912483	1.65964207919848	0.102015270170861	0.423609952894413	-4.94088121497965	ENSG00000106397
P35244	0.1186571085487	27.1118765857776	0.648589814857137	0.518988472512549	0.855773855642858	-6.05474407756773	ENSG00000106399
Q16656	-0.0729737075331265	23.3418410466576	-0.180364788650999	0.857451937360955	0.970185627365775	-6.24415770472438	ENSG00000106459
Q8IV38	-0.410926059037205	24.1136306273242	-1.03289689871901	0.305647363725181	0.703543720723264	-5.7420700470524	ENSG00000106524
Q99969	-0.543673387847353	23.2220678216931	-1.38298324970148	0.171609445943373	0.549694273430874	-5.33779623327439	ENSG00000106538
O95994	-0.0547213544693861	34.1543039200614	-0.423764489901654	0.673197916614643	0.908195356389641	-6.17225534048083	ENSG00000106541
P35869	-0.00566166176821881	22.3209677341648	-0.0141629935792921	0.988745226719769	0.997028532073778	-6.25999050458534	ENSG00000106546
Q9NX63	-0.16070760176693	29.6241574437309	-0.90839466617456	0.367172301460602	0.763068823069594	-5.85862808074059	ENSG00000106554
Q3YBM2	-0.0329734109461413	24.8315081474705	-0.112406935681535	0.910862357868423	0.98085768999526	-6.25390006636711	ENSG00000106565
P25787	0.328984377722588	29.7755597542739	2.8093786305959	0.00662406802921354	0.0826676212482811	-2.62811416908464	ENSG00000106588
Q9BYC8	-0.0588093185320773	25.6360340375159	-0.235228053731358	0.814803636157107	0.956881825291329	-6.23299701520716	ENSG00000106591
P53004	0.268397403773225	27.5717823589092	1.51647457485444	0.134460135335806	0.489048381864632	-5.15462502356125	ENSG00000106605
Q15382	-0.489797314219633	24.9915281504028	-1.24941569631411	0.216189332744561	0.605518844021231	-5.50518673175346	ENSG00000106615
Q8IUX7	0.0223589552480696	25.3861371049859	0.0861327947057339	0.931637228977558	0.986424195924196	-6.25645489694789	ENSG00000106624
O15498	-0.460477357843438	26.5584406381323	-1.39721420463905	0.167308468861963	0.54273235021076	-5.31901981291111	ENSG00000106636
Q9Y4P3	0.224394069323161	27.8787582918243	1.32832445953167	0.188919160087344	0.571480600160501	-5.4082332721412	ENSG00000106638
Q9UDT6	0.634805673989227	26.1252915062653	2.06712551404188	0.0428856626948359	0.267569243335172	-4.23812653364317	ENSG00000106665
Q15056	-0.484972961539544	27.2638150846212	-1.49567758893288	0.139789173894692	0.49886804008361	-5.18419356919517	ENSG00000106682
Q9Y657	0.411317331990631	23.2787794759014	0.651761009600438	0.516953933690599	0.854538367874022	-6.05273822954168	ENSG00000106723
Q9NWW6	-0.40671540392287	23.2397904567884	-0.632883149282613	0.52912747230392	0.861720690647627	-6.06453661097803	ENSG00000106733
Q9H330	-0.378524415296209	22.8241806086318	-0.960971008586984	0.340283701935779	0.736823383874757	-5.81117446626473	ENSG00000106771
Q14142	0.05211511769906	22.2984039134797	0.1715909585393	0.86431555901311	0.970506166261881	-6.24566956639175	ENSG00000106785
Q92828	0.195060540973959	26.3308789812873	0.697725831804629	0.487945989712128	0.838290074277954	-6.02258238392587	ENSG00000106789
P60468	0.294947323064143	29.0055789880479	1.21197930209786	0.230099332791263	0.625606871662582	-5.54921340589908	ENSG00000106803
P01031	0.285219503128292	27.1472108302709	1.26734335865538	0.209751892398747	0.596960892093092	-5.48365288577576	ENSG00000106804
P20774	-1.12339138654885	31.194533666654	-4.53074996849655	2.73089419792145e-05	0.00316841831090759	2.3792809104555	ENSG00000106809
Q9BXN1	-1.32047742299521	28.3742505302477	-3.49681623233826	0.00087885723457683	0.0230404254814782	-0.813532843496755	ENSG00000106819
Q04727	-0.0248231180315273	23.2930934071889	-0.0390960020885025	0.968938931361279	0.993813704858371	-6.25934004547864	ENSG00000106829
Q14914	-0.682801855564801	28.2786465918915	-4.23628019890122	7.63754968780932e-05	0.00591044442368663	1.42656410080217	ENSG00000106853
P02760	-0.14566045338443	26.8902000729418	-0.568451924533457	0.57177264970818	0.883685586392464	-6.10222542037653	ENSG00000106927
P17813	0.189975839293503	23.4550394982141	0.506574442076727	0.614242596801239	0.897939625005374	-6.13465347363253	ENSG00000106991
P00568	-0.249530435485301	28.8304378024462	-1.87128594387353	0.0660053147252008	0.33883319611394	-4.59295222773099	ENSG00000106992
Q9HBL7	-0.42786005276378	28.5608279450677	-2.4054622476414	0.0191359076871758	0.167224526631682	-3.55422098527248	ENSG00000107020
Q9NVG8	0.26657454483955	22.4147471816747	0.918006788969842	0.362157639126203	0.75955600236738	-5.85014628273497	ENSG00000107021
Q8NF50	-0.0763708456865153	25.5618308534425	-0.197315605203977	0.844223264683488	0.968149203431979	-6.24102358504843	ENSG00000107099
Q96I24	0.0767507969089927	27.3090973045017	0.385086043201861	0.70148597149679	0.920880882485847	-6.18753849741925	ENSG00000107164
O95786	-0.165560016212265	24.8861397856146	-0.452813592397998	0.652256853148293	0.904691039418433	-6.15982180405032	ENSG00000107201
O60869	0.265444034691452	26.8709034396303	1.08990464220782	0.279955193964449	0.680301101910935	-5.68388281628587	ENSG00000107223
O14986	-0.766319562819664	23.531760035384	-1.19656603143086	0.236011986998518	0.63274917144611	-5.56696946443561	ENSG00000107242
Q99933	-0.0714320860105886	25.4850572812785	-0.206534950464398	0.837046943672069	0.966105890456611	-6.23920101292693	ENSG00000107262
P41222	0.842387432874315	22.8975881855037	2.24825871830863	0.0281091907326207	0.212679426206073	-3.8828636171271	ENSG00000107317
Q712K3	0.219130532096596	23.3311182139918	0.392355777777098	0.696135207359988	0.918627247586294	-6.1847769367835	ENSG00000107341
Q9NQT5	0.189715319695324	24.9040557867602	0.335073824510204	0.738695630961315	0.934528311827964	-6.20514298414513	ENSG00000107371
O00151	-0.0787010284703094	30.7858577120129	-0.562178430322519	0.576012740027386	0.883685586392464	-6.10568151460097	ENSG00000107438
O75477	-0.418107302550574	27.4311921412607	-2.53438891909159	0.0137925468549486	0.13810605910648	-3.27109587978049	ENSG00000107566
Q14152	0.0685262716016233	30.3982274196734	0.78952779075248	0.432799878181484	0.811864035934065	-5.95631455653814	ENSG00000107581
Q9BQ39	0.113768073272464	25.0796433495297	0.254510313218877	0.799940006412819	0.953041917187918	-6.22837589797548	ENSG00000107625
Q9Y6Y8	0.0814937530808955	28.2162376702152	0.740046057173838	0.462053335484827	0.82980672773388	-5.99303121232478	ENSG00000107651
O95260	-0.210968577029465	24.5145418050115	-0.550594065125106	0.583882026266105	0.88773116258104	-6.11196362971795	ENSG00000107669
Q9BPX6	-0.0536070627951837	25.3544254982627	-0.169357185758093	0.866064700309125	0.970506166261881	-6.24604245232331	ENSG00000107745
P16298	0.621486227387713	23.818804546943	0.759349352556517	0.450512565947001	0.823548448578276	-5.97898085105469	ENSG00000107758
Q9UNW1	0.31276763783854	24.5718173073904	1.3408314003718	0.184846357931746	0.568585001269604	-5.39235180889438	ENSG00000107789
P62736	-1.57326310522103	28.2887815561107	-2.21324113956599	0.0306771220336042	0.223340916487642	-3.95522982846723	ENSG00000107796
P38571	-1.46944175355662	26.4886375406016	-3.53389577760902	0.000778354726929753	0.0213284840499897	-0.704092467175256	ENSG00000107798
Q9BWM7	0.0151725112217775	28.2430329159661	0.151388851580028	0.880158401039536	0.973925276150282	-6.24886435055776	ENSG00000107819
O75607	0.706976105578374	24.3693036274435	1.12107126375758	0.266562613598709	0.666162205295033	-5.65080138273321	ENSG00000107833
Q92538	-0.243080137407404	26.8546527981622	-0.617723814083914	0.53901015222108	0.867340545628485	-6.07376323724193	ENSG00000107862
Q5T8D3	0.229733522196103	24.2026579377246	0.554553660411604	0.581186499925413	0.887666649592057	-6.10983093344362	ENSG00000107897
Q9H008	-0.0501010830966955	27.452573310006	-0.206082146440353	0.837399086629826	0.966115617593003	-6.23929246818708	ENSG00000107902
Q92615	0.0865633618954931	24.4948561177014	0.234453511832759	0.81540215619324	0.956881825291329	-6.23317505158822	ENSG00000107929
Q9BZE4	-0.0297564822362304	24.8067632318787	-0.0728980244326619	0.942120932180456	0.988539327237031	-6.25748578213131	ENSG00000107937
Q9P287	-0.434236205688279	25.0046510730379	-0.844405431072529	0.401675584822591	0.791026015603495	-5.91287494008423	ENSG00000107949
Q9NVV4	-0.611200470232774	24.441493315207	-0.926478024434166	0.357774789825067	0.755076393082127	-5.84259925583429	ENSG00000107951
Q5JRX3	0.076249689006417	28.7128910411459	0.46939148610759	0.64042939461354	0.902647786771382	-6.15235935365522	ENSG00000107959
O76003	0.241704084356769	27.9157179309961	1.38828573048601	0.169997089169885	0.54746034321112	-5.33082117055319	ENSG00000108010
Q9NQW7	-0.202059159048254	29.5752733133462	-2.17421582900452	0.0334979000951627	0.232101714382366	-4.03116634222201	ENSG00000108039
Q9UQE7	0.107782879983244	29.6121749642654	1.103662845506	0.273986474824125	0.673692917132797	-5.66938973976223	ENSG00000108055
Q9UQ13	0.0522304471254209	24.8285535893153	0.245038106478746	0.807232703875078	0.956623819671774	-6.23069135480929	ENSG00000108061
Q00059	-0.832023065771445	28.4066914893077	-4.67424974635276	1.62798579157777e-05	0.00213880006845441	2.85916759452303	ENSG00000108064
Q16204	0.160341666569558	27.0484278120019	0.714999883950288	0.477281466080137	0.833093504323546	-6.01072689682459	ENSG00000108091
Q13617	-0.289790996820084	27.1718708158361	-1.16546638058065	0.248275490771248	0.648327164477087	-5.60213596564245	ENSG00000108094
Q8ND76	0.0316306745659887	24.5458843416024	0.154460584854322	0.877746158388827	0.973031343616299	-6.24840432619061	ENSG00000108100
P46779	0.176946659746754	28.8705192978909	0.921030705891953	0.360589185504819	0.758015739613639	-5.84746000829987	ENSG00000108107
P30405	-0.415249416454916	28.0677707822829	-2.58029223256318	0.0122432591050845	0.127652948183605	-3.16741146199626	ENSG00000108179
P30039	-0.633498766331634	26.5962214863827	-2.12809412629145	0.0372946107535735	0.245612937728546	-4.12140156446009	ENSG00000108187
Q8NG11	0.104052477025203	23.8109791622442	0.244496919474884	0.807649891754991	0.956623819671774	-6.23082100020357	ENSG00000108219
Q7Z417	0.44153149874435	24.1264915067932	0.9204406033027	0.36089491821134	0.758174032552373	-5.84798489608162	ENSG00000108256
Q9Y2X7	-0.312352480243714	23.9347067567351	-0.787298355605453	0.434093853120292	0.813161724859138	-5.95801894304551	ENSG00000108262
P84098	0.400808059573137	29.8394509071621	2.0405194834889	0.0455445847871854	0.277181496478261	-4.28814282195169	ENSG00000108298
P17480	0.0749000037695531	28.1307591052762	0.459206607470065	0.647684938507163	0.903814295394978	-6.1569755816475	ENSG00000108312
O43242	-0.138899934725458	29.5167746032038	-1.18500334625968	0.240519244976335	0.638972536474603	-5.58014739929096	ENSG00000108344
P45381	-0.834313311084461	23.486019603945	-1.5188724337479	0.133856187932918	0.487587035937342	-5.15119149497798	ENSG00000108381
Q14974	0.34165241710447	30.6739300188471	2.79994988553152	0.00679796985139026	0.0846331726018975	-2.65101219514422	ENSG00000108424
O14653	0.40984693821542	26.1601936526944	2.05250321275794	0.0443298459808287	0.272526099361284	-4.26568442135816	ENSG00000108433
Q9NVS9	0.117172956561468	27.7176389558535	0.584630971000162	0.560908334906177	0.880182201508887	-6.09313725241208	ENSG00000108439
Q96JB5	-0.00776261416450197	28.6802098176992	-0.0621138502987254	0.950671122900053	0.989251460912291	-6.25819893776139	ENSG00000108465
P83916	-0.1335700058832	26.8617400698781	-0.751069799357287	0.455439893997536	0.824632805985357	-5.98505309745992	ENSG00000108468
P51570	0.0714290274544069	27.4600313782111	0.477020469442061	0.635017547079649	0.900553762545728	-6.1488357224392	ENSG00000108479
P07737	-0.119576721816543	33.7176711424144	-1.05201324385241	0.296859083024949	0.695816210097395	-5.72289375019579	ENSG00000108518
Q02978	-0.351747122863443	28.9012011952856	-1.91769361505867	0.0597393844260423	0.319998883374468	-4.51168155162343	ENSG00000108528
Q99567	-0.27656389926349	26.5511915399369	-0.98617915404904	0.327861898285126	0.724404753382817	-5.78750436959065	ENSG00000108559
Q07021	-0.792731764406174	29.8414183950665	-2.94285703989138	0.00456782769477102	0.0660271896142452	-2.29823274968889	ENSG00000108561
Q13867	-0.19357088480783	26.8253728660122	-0.59917003358708	0.551233389030989	0.874435875947227	-6.08475522405873	ENSG00000108578
O75976	0.0809139310596017	26.5527188617872	0.54768707356076	0.585864772563912	0.887819623430424	-6.1135197472135	ENSG00000108582
O95249	0.318566217073322	26.5738610938564	1.86683613774884	0.0666342718059052	0.339423354629152	-4.6006519527855	ENSG00000108587
Q96A33	0.310825076058347	28.7361727128084	3.27989563521324	0.00170298072567185	0.0361336727513176	-1.41380301447261	ENSG00000108588
P55039	-0.232674243476211	25.9003874519876	-0.913238232062832	0.364639887784973	0.761759890831768	-5.8543649408606	ENSG00000108591
Q8IY81	-0.047319930115286	23.9945300560603	-0.127024806185055	0.899330084228242	0.976901782728407	-6.25218602812316	ENSG00000108592
P30838	2.22809069376599	26.1413164517719	2.05284884119715	0.0444262427986678	0.272811150879657	-4.26610559063575	ENSG00000108602
Q92925	0.213805755648707	26.6138551527112	1.35333790249113	0.180840587900794	0.561573875753433	-5.37633077631621	ENSG00000108604
O43760	-0.529633012661581	28.8426550751532	-2.27106164217973	0.026611371883727	0.205540808614679	-3.83634573562769	ENSG00000108639
P17844	0.164210238784065	28.7599862570832	1.51287711756724	0.13537026959003	0.490807234092044	-5.15976685027105	ENSG00000108654
Q9HAS0	-0.24074744202019	22.7311992029558	-0.562017175758308	0.576121927885899	0.883685586392464	-6.10576985014293	ENSG00000108666
Q15438	0.206277602929266	24.2909862442374	0.937802207015419	0.351969523348043	0.749137318820015	-5.83240533710506	ENSG00000108669
O00231	-0.032456032958347	29.5963398924821	-0.240972242362508	0.810368345243171	0.956623819671774	-6.23165836380825	ENSG00000108671
Q08380	-0.627304563364348	29.9035763642216	-4.96446146281874	5.6507372059851e-06	0.00114123962904581	3.84382741526764	ENSG00000108679
P51148	0.0784505925462966	29.9175557106201	0.994510060907806	0.323823764154294	0.722804333169614	-5.77955129836621	ENSG00000108774
P54802	0.125481748340434	25.603554940264	0.380193966335486	0.705095275023046	0.922253050754061	-6.18936792672433	ENSG00000108784
Q9UH92	0.436000755616195	22.9314799242629	1.08204095454211	0.283407059251219	0.681956781765258	-5.69208804454398	ENSG00000108788
Q9P2A4	0.131026244791187	25.3397465397029	0.317792899839808	0.751705355419574	0.938088839629172	-6.21065969687791	ENSG00000108798
Q96SB3	-0.242498368923357	25.3672331454032	-0.594220780322225	0.554517392738629	0.876227885395874	-6.08763140211355	ENSG00000108819
P02452	-1.17746958117346	31.3241506196822	-3.79527488248306	0.00033923116505923	0.0137473789607232	0.0556956225850085	ENSG00000108821
Q9BTE6	-0.00535330728612493	23.1471275306309	-0.0120361622652998	0.990435245563162	0.997028532073778	-6.26001779924496	ENSG00000108825
Q9P0M9	-0.261625654355782	26.4580344891158	-1.38036872358531	0.172408763753857	0.549694273430874	-5.34122625140741	ENSG00000108826
Q99536	0.043202426507932	29.8759133007379	0.380213546000074	0.705080815803844	0.922253050754061	-6.18936065115344	ENSG00000108828
Q96AG4	0.049078762757425	30.2539096033504	0.274704442438498	0.784452727289687	0.950793670129064	-6.22314700962389	ENSG00000108829
O15438	-0.0787874335469532	28.2153613366333	-0.431095932148511	0.667887422973008	0.905275850670256	-6.16919460986355	ENSG00000108846
O95232	-0.372270261193606	26.1437564432167	-0.886188950531115	0.378925559607222	0.771864429039291	-5.87789026853681	ENSG00000108848
P51452	0.00465306766568574	27.1297095481462	0.0297640773543698	0.97635040433224	0.995421890307053	-6.25965481205617	ENSG00000108861
Q15029	0.0423531347723411	29.5106451066558	0.53111880761083	0.597225984362613	0.892973208864636	-6.12223301783979	ENSG00000108883
P10644	0.0709174065642095	29.1099674121789	0.641248017350577	0.523714943244252	0.858634271049581	-6.05935089364451	ENSG00000108946
P62258	-0.209071266148008	32.8594018446813	-1.85896952282372	0.0677585446981554	0.340855483615352	-4.61422402629563	ENSG00000108953
P52564	-0.338044738843823	25.6576902532297	-1.53962805549774	0.128717897679077	0.477157509207348	-5.12126152263411	ENSG00000108984
Q6IAN0	0.187084346575205	26.0911524960862	0.898485782876122	0.372387946609841	0.767724564409627	-5.86728080715245	ENSG00000109016
O14745	0.238522521035819	29.5345796202264	1.64624644309009	0.104751755502136	0.428623652295028	-4.96162929250885	ENSG00000109062
P04004	0.0714213805358455	29.8964278871261	0.632546303662563	0.529346038941909	0.861720690647627	-6.06474402792483	ENSG00000109072
Q5BJF2	0.330747112098113	22.7169893165972	0.713142060959268	0.478422130435082	0.833760267581496	-6.01201563612102	ENSG00000109084
P09972	0.0773976566326482	29.8404483166415	0.655190694146349	0.514758327964853	0.853703516542684	-6.05055802415898	ENSG00000109107
Q7KZ85	0.0423664886574997	25.9839050150932	0.170218023266311	0.865390547004696	0.970506166261881	-6.24589932995126	ENSG00000109111
Q9BZG1	-0.0415154604760737	22.8953043394499	-0.0662539015514759	0.947387956013337	0.988539327237031	-6.25793862800376	ENSG00000109113
P57088	-0.529527625312006	27.2994329416352	-2.66928989280007	0.00968118311044872	0.108624468109623	-2.96217313683435	ENSG00000109133
Q9NX40	0.220998198023619	28.7441774140884	1.5387019068339	0.128943781665284	0.477345852967273	-5.12260505011711	ENSG00000109180
Q9H720	0.0137516943693612	23.9686581910193	0.0307962851376446	0.975530503629489	0.995421890307053	-6.2596241918891	ENSG00000109182
P62068	-0.573775047698458	23.1113599329567	-1.90336209672286	0.0616181691508147	0.326852019824312	-4.53696772101636	ENSG00000109189
Q9UHA4	-0.271963994977362	26.8574080650216	-0.680274255156032	0.498852495892019	0.845846598289547	-6.03426997329594	ENSG00000109270
P10720	0.582289804171424	24.0972583124263	1.58164816903122	0.11879663353711	0.45508096841666	-5.05952053356529	ENSG00000109272
P19838	0.090585588435367	27.6410214767222	0.783358406914888	0.436386209020064	0.816036556596148	-5.96101945944374	ENSG00000109320
O00462	-0.510423738544631	23.60428734901	-0.990919941885591	0.32555987038382	0.72364502748647	-5.78298653242273	ENSG00000109323
P61077	-0.127277717336458	28.374000652698	-0.567098466172851	0.572686129859357	0.883685586392464	-6.10297425647361	ENSG00000109332
O43677	-1.58382114692332	25.6753360153596	-3.29192347978497	0.00164222843774662	0.0353896911585735	-1.38100879615758	ENSG00000109390
P16870	-1.00393674917629	26.1264394101215	-2.24722769617396	0.0281786386815333	0.212679426206073	-3.88495754387379	ENSG00000109472
P49207	-0.0773084170451668	28.8154123509218	-0.186372941711444	0.852767238438033	0.96894755612696	-6.24307502344486	ENSG00000109475
O76024	0.45607406048989	24.6850032680428	0.467674325396991	0.641666800182877	0.902647786771382	-6.15312946949195	ENSG00000109501
Q9HAV7	0.137656204368586	28.0606892857586	0.821862750724066	0.414290997800911	0.799180456352335	-5.93106442489602	ENSG00000109519
Q9NY12	0.23057802765738	26.2395346361193	0.438611406116893	0.662464756177381	0.904691039418433	-6.16599980040088	ENSG00000109534
Q14331	0.0448373030319047	24.0865338637214	0.107835218428905	0.914473130395569	0.981232188124171	-6.2543931842558	ENSG00000109536
P51790	-0.481116128160593	22.5475035698078	-1.06758991792589	0.289827256773273	0.688998418455678	-5.70701767917666	ENSG00000109572
Q86SF2	-0.63075208315265	27.7658192861526	-2.35829014871359	0.0215132756117988	0.178015010487313	-3.6547764201557	ENSG00000109586
O43143	-0.100913760233688	31.8662609839797	-1.22518758462399	0.225118984824548	0.618736806576743	-5.53382535021933	ENSG00000109606
P08294	-0.5214522274247	28.9979550918105	-3.45594229618096	0.000993217747369784	0.0247317661083726	-0.925669311867177	ENSG00000109610
Q9HD40	0.278462254919219	23.0217771719939	0.599720756212286	0.550868571623077	0.874435875947227	-6.08443372304051	ENSG00000109618
Q9C040	-0.103535256556711	26.5141101164254	-0.586581137119979	0.559605730957719	0.87940347288543	-6.09202476576937	ENSG00000109654
Q14728	-0.32749801547471	23.7599315639785	-0.697766534214256	0.487920707305459	0.838290074277954	-6.0225547843643	ENSG00000109736
Q10588	1.22678625305882	24.5953938120243	2.12709507312965	0.037380845409673	0.24588389628341	-4.12333780748601	ENSG00000109743
Q9Y4G8	0.525986090290299	22.8295257646906	1.67807938855672	0.0983444578872335	0.415714983611693	-4.91207359435225	ENSG00000109756
Q9NUQ7	-0.941519875819676	25.9534434121377	-2.22762067729821	0.0295284608454983	0.217299186222	-3.9246233536872	ENSG00000109775
Q9BPX3	0.368528139337304	22.4905986770689	0.844400775402467	0.401678165634711	0.791026015603495	-5.91287874633812	ENSG00000109805
O60701	-0.244458061421767	32.3137738524614	-2.10749002228913	0.0391085961474931	0.252079402827754	-4.16117561527083	ENSG00000109814
P02511	-0.477361860229308	28.7064420240666	-2.60462093634667	0.011487788795201	0.122110940156395	-3.11185576334837	ENSG00000109846
Q9BUP3	0.1682515770623	27.4434356862319	0.633973304061122	0.52842043378651	0.861720690647627	-6.06386458745237	ENSG00000109854
P53634	0.236577547024204	29.742118358775	1.86611940909942	0.066736048889332	0.339423354629152	-4.60189061930852	ENSG00000109861
O75312	0.393390376701504	25.4141203562447	1.9328275123469	0.0578084659004319	0.313349467748563	-4.48479770077279	ENSG00000109917
Q9Y6C9	-0.384444053367858	29.654105745998	-3.25897380587436	0.00181372865150916	0.0367667744857971	-1.47064837820486	ENSG00000109919
P11142	0.123202944296871	34.2289191910753	1.69754287822128	0.0945872971627621	0.406770135196011	-4.88134845055201	ENSG00000109971
O00534	0.0281039311371423	28.6748361745099	0.318332628284054	0.751297909854783	0.938088839629172	-6.21049179852398	ENSG00000110002
Q9HAT2	-0.762958935117723	28.9214418968156	-3.28530876854279	0.00167538172467588	0.0358268884104218	-1.39905425357264	ENSG00000110013
Q9NRS6	-0.667952979403879	23.5034391672341	-1.45116071113835	0.151754775029519	0.521435909411446	-5.24621055144364	ENSG00000110025
O60711	-0.262461146718017	24.2310056373724	-0.495924374692627	0.621693761222197	0.899037114426398	-6.13986161774842	ENSG00000110031
Q9H4M9	0.378512749608401	29.8819311966864	3.88283746352556	0.00025230222647034	0.011997403877357	0.325823801434301	ENSG00000110047
P22059	0.115353942210191	28.5229522920893	0.931885666811206	0.354994937975854	0.752931698476208	-5.83774635731964	ENSG00000110048
Q9H1C4	-0.0918082690485669	23.4363670850156	-0.332679873605391	0.740493419519272	0.934627021605365	-6.20592458581632	ENSG00000110057
Q96C86	0.189878792206173	29.0259780389531	1.83610021555538	0.0711180707585677	0.35032167003866	-4.65338956600921	ENSG00000110063
Q96CU9	-0.658336287140177	23.8832945108739	-2.11645087100106	0.0383104581105493	0.249574421511901	-4.14391856150285	ENSG00000110074
Q5H9R7	-0.758385771700524	25.3751518181516	-1.59979520490868	0.114706250046511	0.446693119627642	-5.0323838411144	ENSG00000110075
Q11206	0.127637111049548	26.8876289392316	0.7373244490643	0.463694514045708	0.82980672773388	-5.9949830699484	ENSG00000110080
P50416	-0.437711689584823	29.8216675186028	-2.45799600862745	0.016767484158482	0.156295882249918	-3.44031065680781	ENSG00000110090
Q9UMS4	0.0795135218547074	28.8237008023493	0.76208921677201	0.44888392143519	0.822501352011455	-5.97696242752399	ENSG00000110107
Q9BVC6	0.750799398389312	26.8731798092486	0.858668904992607	0.393917405826488	0.786248760604626	-5.90101044944573	ENSG00000110108
P02790	-0.388429407244526	30.8258598668942	-1.34217117360381	0.184448385525767	0.56856814373771	-5.3906350464358	ENSG00000110169
O75382	-0.744876832144573	23.7473379120726	-1.5866048875619	0.117667918436255	0.453258356168952	-5.0521366095089	ENSG00000110171
Q9UHD1	0.12154428206043	26.3494183925645	0.309754897046715	0.757781642923377	0.939944725386421	-6.21312654664058	ENSG00000110172
Q96RD7	0.684126982614487	23.2165333022147	1.47354724690031	0.145641239214723	0.509696538132655	-5.21524145088118	ENSG00000110218
P06727	-0.351072391203417	30.1908977718537	-1.96872402059742	0.0534399145037885	0.29949419711116	-4.42028668414889	ENSG00000110244
P02656	0.205737117857051	27.77312037887	0.722818730136	0.472497605468359	0.830067475070542	-6.00526697606311	ENSG00000110245
P78344	0.253403931205312	28.3939805276086	2.23015216672135	0.0293510395553781	0.216959766755131	-3.91951857649302	ENSG00000110321
Q14139	-0.455902423710526	26.4671764198274	-2.15923703499615	0.0346920625188917	0.235001014801884	-4.0606532931034	ENSG00000110344
P26196	-0.259235335846533	28.2532468101306	-1.37305564509661	0.174659677791352	0.550349558851194	-5.3507879845084	ENSG00000110367
P22681	-0.103606498286961	23.6393369189512	-0.235448331967964	0.814633438403368	0.956881825291329	-6.23294627495269	ENSG00000110395
Q15223	-0.624438740108406	25.4328154962064	-0.916024341975009	0.36319823879685	0.760276390080315	-5.85189242618209	ENSG00000110400
O00330	-0.398455903535847	27.781159893579	-2.41703964400928	0.0185896162066426	0.164293642098577	-3.5292909188188	ENSG00000110435
Q9P000	-0.0634914215689122	25.6449052936958	-0.178716928618998	0.858740205949658	0.970185627365775	-6.24444739864047	ENSG00000110442
Q8WUK0	-0.214232474607808	22.6781621290319	-0.845149239910329	0.401263394650675	0.790780372616599	-5.91226657426159	ENSG00000110536
P49589	0.0844788041452738	28.1329292833698	0.559481546903275	0.577840154010819	0.885350480421747	-6.1071555747237	ENSG00000110619
Q96BI1	0.157290170096942	25.6973079411212	0.458438430825247	0.648233579550662	0.903814295394978	-6.15731967478509	ENSG00000110628
P60033	-0.137553643824845	27.4844974477265	-0.730685207297619	0.467712016015506	0.82980672773388	-5.9997149075654	ENSG00000110651
P62277	0.281696890914414	31.1249044650976	1.81003249575619	0.0751168988412464	0.361848453517064	-4.69750396764874	ENSG00000110700
O00170	0.109047417595722	27.0691882063764	0.550113868688195	0.584209328885006	0.88773116258104	-6.1122212419854	ENSG00000110711
P52948	0.309657926728281	26.7637420488254	1.67623745112121	0.0987062562953778	0.416921158465294	-4.91496458722884	ENSG00000110713
O00217	-0.508243882669035	28.0044772234567	-2.67970999090609	0.00941563448979824	0.106743149423846	-2.9377841385862	ENSG00000110717
Q13488	0.507206406571068	25.5006981305875	1.86357640483068	0.0670982196184971	0.339423354629152	-4.60628207997658	ENSG00000110719
P04275	0.00248563401975943	27.278615702741	0.0133974649194607	0.989353524163128	0.997028532073778	-6.26000083945743	ENSG00000110799
O00233	-0.181169496254	26.2378732825308	-0.509752261420982	0.612027111603814	0.89744488760617	-6.13307818813828	ENSG00000110801
Q86W92	0.239106598207577	24.1475413944087	0.703130993730995	0.484594902317227	0.836497626570383	-6.0189033811469	ENSG00000110841
Q5HYK3	-0.550417593047595	27.9194267456432	-3.30681099569046	0.00156985918006171	0.0339700083685577	-1.34030281518287	ENSG00000110871
Q9ULV4	0.0778855023362226	29.0718644929098	0.740757381909517	0.461624941918645	0.82980672773388	-5.99251990705239	ENSG00000110880
Q14165	-0.482344859218266	29.7516786674043	-2.9962063232677	0.00392117637258037	0.0612669763887701	-2.1624421276729	ENSG00000110917
Q03426	0.00563648870836531	23.1106865301348	0.0117028777965962	0.990700083645314	0.997028532073778	-6.26002167481685	ENSG00000110921
Q9UBW5	-0.0780904163841676	25.0816988866849	-0.225672563299566	0.822195186133642	0.959819588560582	-6.23515245145004	ENSG00000110934
P06576	-0.0790631915557825	34.7219335885324	-0.669418132678174	0.50570351028901	0.84925215710981	-6.04139340645236	ENSG00000110955
Q15185	-1.4737457860382	27.8882807251218	-2.21108255078395	0.0308216390408877	0.223544334653118	-3.95937617098246	ENSG00000110958
P05783	0.0700358359613062	35.083256280133	0.582179940999317	0.562547617678083	0.88047421331762	-6.09453026562781	ENSG00000111057
Q63HR2	0.337434609390414	23.5714935578451	1.04862317990949	0.298404829323022	0.698129225045828	-5.72631917972607	ENSG00000111077
P50579	0.205934538831581	27.4594262090524	1.39387944104708	0.168308808701689	0.544681266380006	-5.32343588808308	ENSG00000111142
P09960	-0.0701919690783832	30.6962582583174	-0.756648923051917	0.452113731806894	0.824354064136084	-5.98097124615943	ENSG00000111144
Q96A72	0.904879414668024	23.4668453887962	2.42958884823676	0.0180132905037508	0.160679227046404	-3.50215718103923	ENSG00000111196
O15145	0.333166001306562	30.1731891798621	1.81671188746773	0.0740747572231366	0.359227584778523	-4.68625423974648	ENSG00000111229
Q9UBQ0	-0.22779393065823	28.2883125147463	-1.65902206394008	0.102140629133317	0.423609952894413	-4.94184492343199	ENSG00000111237
Q6JQN1	0.189565950909429	25.3680064939318	0.723431050221002	0.47212411052232	0.829881697198043	-6.00483692708354	ENSG00000111271
P05091	-0.15270792217941	32.6970136259723	-1.81924447456253	0.0736827916415109	0.358743091804606	-4.68197904099952	ENSG00000111275
P46527	0.467511259643445	22.3371438949866	1.34791105503655	0.182570598363195	0.56469510656523	-5.38329985076748	ENSG00000111276
Q14CX7	1.45178056199258	27.1329554412781	2.16908627418718	0.0339973984581296	0.234341760096094	-4.042422530866	ENSG00000111300
Q6N063	-0.00411733325171681	21.8475971832778	-0.00776255882898594	0.993831253583944	0.997306188037035	-6.26005924587296	ENSG00000111325
Q9Y6K5	0.18912262716475	25.4641624649636	0.529863125079134	0.598091201328647	0.893202947043432	-6.12288257555961	ENSG00000111331
P29728	0.136843597137226	23.7570781988366	0.243970319938338	0.808055888305482	0.956623819671774	-6.23094687644359	ENSG00000111335
P52566	0.0242275997133206	30.5107527864947	0.17241286741404	0.863672139462701	0.970506166261881	-6.24553113587357	ENSG00000111348
Q14232	0.173809235598672	26.3036633897962	0.562167174398812	0.576020361255548	0.883685586392464	-6.10568768143045	ENSG00000111361
P40937	0.177084370258065	23.2439382214613	0.455185342466668	0.650559140561524	0.904691039418433	-6.15877050530236	ENSG00000111445
P61923	0.297378359979252	28.8134140255723	1.42731111718246	0.158486142999631	0.531238114160085	-5.27871713587441	ENSG00000111481
Q86VP6	-0.344106176723983	30.1391800642096	-1.94681631773556	0.0560711548435609	0.308532802585205	-4.45978219032946	ENSG00000111530
P61020	-0.0532490586995209	27.2575750529346	-0.522973912425186	0.60284849087414	0.89396966294435	-6.12641922107504	ENSG00000111540
P57740	0.0384515482601309	26.2384330047717	0.169253589746517	0.86614583686995	0.970506166261881	-6.24605962726847	ENSG00000111581
Q16630	0.118836222116627	27.8854239474345	0.905158020632675	0.368870793754485	0.764406933657715	-5.86146457056528	ENSG00000111605
Q13601	0.475406216981302	22.8963703531707	1.27374335543222	0.20748855599013	0.593929184154424	-5.47589507535327	ENSG00000111615
Q4U2R6	-0.541020115416501	24.811680353826	-0.853627350562455	0.39658355309955	0.787081086147184	-5.90529532465173	ENSG00000111639
P04406	0.0485647047165685	35.1664207616182	0.489194762594563	0.626422666543889	0.899825244544314	-6.14309597382625	ENSG00000111640
P46087	0.309828753124155	25.3942180932844	1.69926694265657	0.0942602473839826	0.406004051330851	-4.87861131329498	ENSG00000111641
Q14839	-0.0144935896605851	28.4211351796946	-0.0879617819735088	0.930189339645415	0.985780021659967	-6.25629894178127	ENSG00000111642
Q9UBW8	0.134001047678289	25.9046838826538	0.714146925055451	0.477804975595079	0.833217311135262	-6.01131898879278	ENSG00000111652
P45974	0.00705212316680459	30.1595082806459	0.11003750347279	0.912733520635147	0.98085768999526	-6.25415819433178	ENSG00000111667
P60174	0.130557697811497	34.3248090964964	1.72001008356341	0.0903976557879801	0.398173196293906	-4.84548178202803	ENSG00000111669
Q3T906	0.36594678036478	23.3162045644982	0.810053093838185	0.420994735181112	0.803666282268273	-5.94040144143358	ENSG00000111670
P09104	-0.0842015853566913	28.3609704890865	-0.531947253973885	0.596655470099442	0.892433047957529	-6.12180363310767	ENSG00000111674
Q99622	0.00712190825113268	24.0852148589807	0.0259778922928981	0.979358049740076	0.995421890307053	-6.25975819219161	ENSG00000111678
P29350	0.41101331352413	28.9848015326986	4.1545612936485	0.000101130019840624	0.00715834260079461	1.1673319043327	ENSG00000111679
Q6P1A2	-1.24511152472259	26.4253249315071	-2.27795377930227	0.0261898528681421	0.204018953842827	-3.82249996637018	ENSG00000111684
Q86UY8	-1.34196293250088	24.221421016083	-1.87881762034881	0.0649521700297331	0.336676980201649	-4.57988264235918	ENSG00000111696
Q9Y3E0	0.126273619155285	25.6029734826615	0.400338097906482	0.690277757680762	0.916044411370331	-6.18168550544411	ENSG00000111711
P07195	-0.144356485166639	32.5765530283802	-1.42346535060751	0.159592938660627	0.532595039483722	-5.28391174799455	ENSG00000111716
Q9Y478	-1.0233439431209	25.0851910528779	-1.79739584828879	0.0771220592889019	0.364276332198039	-4.7186855186034	ENSG00000111725
Q8NFW8	-0.627232421917551	28.2003474483655	-2.45626842898509	0.0168409763927885	0.15644607201001	-3.44408862925541	ENSG00000111726
Q86YS7	-0.495563335401833	25.2251274765478	-1.2619412198337	0.211676546442736	0.59899958886987	-5.49017230380934	ENSG00000111731
Q15286	-0.938279803330612	25.746634711258	-2.52902414884435	0.0139847367806558	0.139313342552724	-3.28311589394595	ENSG00000111737
P12074	-0.130076022477173	29.0659237305314	-0.49500992861182	0.622337176083757	0.899037114426398	-6.1403020121358	ENSG00000111775
Q13242	-0.131503357698691	27.3900845680939	-0.778869341681746	0.439006742629353	0.816585927218465	-5.96442018550877	ENSG00000111786
Q99715	-0.074504340974844	27.7562391255715	-0.225144175702323	0.82260530331865	0.959819588560582	-6.23526856464437	ENSG00000111799
O00478	0.53477898948681	23.1802928458607	1.00725239478507	0.317711797511951	0.715606126324935	-5.76726168171961	ENSG00000111801
O95551	-0.39289206463447	25.1948171692289	-0.878019583185642	0.383308553895089	0.776153562714415	-5.88485988852627	ENSG00000111802
Q9H446	-0.181957605127277	24.6347712877932	-0.475748311037532	0.635918614645536	0.900553762545728	-6.14942721685238	ENSG00000111832
Q9P0S9	-0.508403507028309	23.6861945415294	-0.792081240572325	0.431320656206658	0.811096200796257	-5.95435666391517	ENSG00000111843
Q5SZL2	-0.0741702677162976	25.7632881219825	-0.153935284688816	0.878158596651395	0.973031343616299	-6.248483649885	ENSG00000111860
Q9Y294	-0.185363023498912	24.3779736597423	-0.356513242596547	0.722661501849535	0.929623300208897	-6.19789437689105	ENSG00000111875
P33908	0.144824806369584	26.0875433867445	0.532424665852233	0.596326813171057	0.892433047957529	-6.12155588885813	ENSG00000111885
Q7Z4H3	-0.161498093866069	26.0670802010336	-0.487506408162134	0.627611557993982	0.899825244544314	-6.14390054443887	ENSG00000111906
Q9NQE9	-0.577318233874813	25.9995529519659	-2.38631292647198	0.0200710886304083	0.171817341132836	-3.59523944572637	ENSG00000111911
O94885	0.24705719827395	22.8993391918164	0.474266845891468	0.636968629774097	0.900689231275116	-6.15011405330913	ENSG00000111961
Q16539	0.145582450126366	27.9076751548114	0.823592538363723	0.413314543820067	0.798938038798591	-5.9296857150168	ENSG00000112062
Q15208	-0.374010917185657	25.6228894962308	-1.49119140906403	0.140960263523867	0.501733888378358	-5.19052221672958	ENSG00000112079
P84103	0.475445428202729	29.9577038358891	1.5899125826493	0.116948892397565	0.451632342118036	-5.04722943395687	ENSG00000112081
Q9H0U6	0.158953578887871	25.6627904362916	0.333850879173193	0.73961384579306	0.934550976632596	-6.20554296149968	ENSG00000112110
P25205	0.153449044799579	27.8006303046806	0.857198770627094	0.394622301679599	0.786616304109284	-5.90233834169878	ENSG00000112118
Q9NU22	0.0910676363010765	23.7166219343905	0.0922074567401099	0.926830952366199	0.98569641773234	-6.25592391006452	ENSG00000112159
P40123	-0.482252522743266	24.3232600067562	-1.28520403791274	0.203480955935131	0.589339500519797	-5.46191044039243	ENSG00000112186
O95816	-0.451173761741057	25.6228024736272	-1.50133271400875	0.138323879783527	0.496563605305841	-5.17619075827456	ENSG00000112208
Q9ULC3	-0.217551727584294	25.7756312812324	-1.28508962643524	0.203520676405927	0.589339500519797	-5.46205063437151	ENSG00000112210
Q93096	-0.399516234126015	26.8156965855682	-1.46569653382385	0.147762826286394	0.5151858642837	-5.22615222732249	ENSG00000112245
Q8N3C0	0.169710799640363	25.5737323295179	0.563534096930135	0.575095193897297	0.883685586392464	-6.10493788642116	ENSG00000112249
Q9ULK4	-0.205896591711724	25.816891823053	-0.454202841814576	0.651262195650822	0.904691039418433	-6.15920666898752	ENSG00000112282
P51649	-0.353365700803831	27.5623554826103	-1.8069676111891	0.0755991809207146	0.362686039118903	-4.70265355199621	ENSG00000112294
Q9Y4K1	0.320985487363981	25.8534767669285	0.60776317107223	0.545554904061403	0.872046688752682	-6.0797054735193	ENSG00000112297
Q9NPJ3	-0.211163538209394	27.9361995536913	-0.927881629935485	0.357051907519177	0.755076393082127	-5.84134227658204	ENSG00000112304
Q8IYB5	0.238094693217011	25.7836576415989	0.948342324363197	0.34662140812528	0.74681483208041	-5.82280917786284	ENSG00000112305
P25398	0.21242295122304	31.1920493586171	1.05677026485201	0.294699316317322	0.695367967061166	-5.71806913801908	ENSG00000112306
O60493	-0.0506487371224935	27.8237062056701	-0.240774599158932	0.810520849886614	0.956623819671774	-6.23170495892177	ENSG00000112335
Q9Y450	0.403016765980396	23.3380364981934	0.699598245124753	0.486783684987694	0.83736007389208	-6.02131109493645	ENSG00000112339
O00635	0.329869838629115	24.2172502344407	0.805186515960692	0.423776110611143	0.805455256592039	-5.94421061478902	ENSG00000112343
Q96FX8	-1.03088553155794	25.7648419599278	-2.81501960111219	0.00652199517234525	0.081757332585744	-2.61438669197259	ENSG00000112378
O60888	0.453130464102937	27.2290133182199	2.03531925741151	0.0460805833414342	0.277966389328181	-4.2978528441745	ENSG00000112514
Q96PU8	0.167949960266316	24.9868292062862	0.665148095584398	0.508412056477398	0.851465277632449	-6.04416433035745	ENSG00000112531
Q13895	0.479211375426743	24.1615767931078	1.23071647568215	0.223057825111755	0.616802393678702	-5.52733691497304	ENSG00000112578
Q14738	-0.106841606026869	26.7918880396503	-0.461170067706981	0.64628350255796	0.903814295394978	-6.15609347953567	ENSG00000112640
Q5T653	0.246918937379132	24.7611731802584	0.422635778752829	0.674016985942875	0.908195356389641	-6.17272191938978	ENSG00000112651
Q13308	0.0467568803109515	26.240158362748	0.329014604032788	0.743248743726527	0.934627021605365	-6.20711044160979	ENSG00000112655
O43598	-0.0543270865500247	27.997789207182	-0.321688457244691	0.748766163675215	0.937763410776516	-6.20944149838505	ENSG00000112667
Q96KP1	-0.253840146232097	26.1477272660426	-1.42810652286745	0.158257973078823	0.531065062891583	-5.27764111914674	ENSG00000112685
P14406	-0.425801397491796	30.8540579284864	-2.48042571161794	0.0158391498655221	0.15047192372246	-3.39106361163478	ENSG00000112695
Q9NV96	-0.0775251716480234	26.6303293911237	-0.321957719846949	0.748563142977674	0.937763410776516	-6.20935674946261	ENSG00000112697
O60547	-0.110158827759065	30.4735529247237	-0.679368213734518	0.499422336278613	0.846186901756955	-6.03486880454837	ENSG00000112699
Q13523	-0.0836625292065349	25.2060261121303	-0.159648461891183	0.873674751439533	0.972371164695261	-6.2476064224667	ENSG00000112739
Q99808	-0.26339241656348	23.1835003984515	-0.485817280662558	0.628801985400956	0.899825244544314	-6.14470272182079	ENSG00000112759
Q16363	-0.288242724774374	29.0020546137893	-2.29418868696649	0.0251648125684107	0.199453085662127	-3.7887636895749	ENSG00000112769
Q9NZA1	0.0123054399887721	25.6983011930169	0.0360008423153172	0.971396854372844	0.993813704858371	-6.25945390075039	ENSG00000112782
Q16819	-0.945314296469682	26.373823533113	-2.27292823729996	0.0264919480880182	0.205032879986454	-3.83252039215592	ENSG00000112818
Q96RT1	-0.138908023783092	24.2973011311957	-0.393118465121217	0.695574735475038	0.918627247586294	-6.18448423586068	ENSG00000112851
P49590	-0.466716809412258	25.4017740781659	-2.11014625482557	0.038870512063908	0.251138509815747	-4.15606674443151	ENSG00000112855
Q9BQG2	0.60277734296282	24.0337543492708	1.44734708299894	0.152815914096494	0.522776147784304	-5.25144221261196	ENSG00000112874
Q16706	-0.591828335039303	28.262022803626	-2.04850088543787	0.0447323934300952	0.274073866712707	-4.27319779138454	ENSG00000112893
P10643	-0.633908724001394	24.7268081559288	-1.29393712507538	0.200466106095189	0.585820834157055	-5.45117451271293	ENSG00000112936
Q01581	-0.099345353611973	27.2569628466719	-0.376508232361556	0.707819059373146	0.92426660219391	-6.19073085975603	ENSG00000112972
Q13423	-0.212708288095364	30.4987480000126	-1.6872105784188	0.0965668705459856	0.411389957099421	-4.89769917844959	ENSG00000112992
Q9NP92	-0.0706892081701653	26.5565197502174	-0.318439534019938	0.751217214232899	0.938088839629172	-6.21045850866924	ENSG00000112996
P38646	-0.00825417856465549	32.5616115641574	-0.108620430003398	0.913852834341859	0.9809526585957	-6.25430994473194	ENSG00000113013
Q92552	-0.312960803042184	27.3250275737573	-1.39910521936525	0.166743251264771	0.542188997702322	-5.31651123545891	ENSG00000113048
O60925	0.496916205505439	26.8991645238875	1.91018041351361	0.0607181664610537	0.323968847076444	-4.52495859086919	ENSG00000113068
P49863	0.442233322485038	22.940779786524	0.777472959064668	0.439823778224294	0.816585927218465	-5.9654741204755	ENSG00000113088
P09486	0.384159421850821	23.7836376458626	0.71479300013139	0.47740841293725	0.833093504323546	-6.0108705716144	ENSG00000113140
Q13123	-0.165827291730881	24.890473593643	-0.477522854616714	0.634661860901648	0.900553762545728	-6.14860170495407	ENSG00000113141
Q9Y5P4	-0.154316283006239	24.0500475773527	-0.329720739628043	0.742717651130324	0.934627021605365	-6.20688299755658	ENSG00000113163
Q96CS3	-0.213655019517436	27.1714926830634	-1.30609736215647	0.196323928994651	0.580482802822909	-5.4361109668738	ENSG00000113194
Q9NWX6	-0.421113066182624	24.5137341380662	-0.966648682627567	0.337459298963127	0.734893495546025	-5.80589503342334	ENSG00000113272
P15848	0.0076411239963079	24.3549781971823	0.0225336898526415	0.982094295418086	0.995605166929693	-6.25984003648876	ENSG00000113273
Q14677	0.0221860750354494	29.2436623311706	0.188830672038548	0.850839659475451	0.96894755612696	-6.24262753017274	ENSG00000113282
Q9ULM6	-1.53238338972093	25.827670117923	-2.15069713378838	0.0354295082004759	0.237927473173885	-4.07784112987459	ENSG00000113300
Q6UX41	-0.599576321011718	24.3520427217882	-0.775907113775688	0.44074203168389	0.816681123664603	-5.96665266647368	ENSG00000113303
Q99614	0.185813294434904	26.3391089570119	1.33714131431452	0.186041030073816	0.569042520747818	-5.3970521082214	ENSG00000113312
P20585	-0.0573805217118526	23.7132610637049	-0.122587965230741	0.902828195620721	0.977800741991114	-6.25272838692849	ENSG00000113318
P20700	0.0713497833394712	32.6378500190808	0.789517982037705	0.432805566194815	0.811864035934065	-5.95632206556633	ENSG00000113368
Q9H4A6	-0.0426754237659743	26.8186396348022	-0.206966367074858	0.836711464680867	0.966103794968921	-6.23911369093495	ENSG00000113384
P53999	0.19178270190779	30.7938472437928	1.09418522661418	0.278088525971322	0.678584993023572	-5.67939231014188	ENSG00000113387
P26639	-0.319938027906648	29.2304290457999	-1.71830183549182	0.0907107429445758	0.398437514790136	-4.84822384805121	ENSG00000113407
Q9UIQ6	-0.679745124169763	26.2018299038401	-1.52961835486218	0.131175976698787	0.482516369301982	-5.13574259269212	ENSG00000113441
Q8TDN6	-0.668507775890419	24.7004298832215	-2.35126789953576	0.0218888556194287	0.180574780170567	-3.66960446671201	ENSG00000113460
Q9Y666	-0.320576998517069	28.5276784680203	-0.572738684595543	0.568944382799329	0.883685586392464	-6.09978053751855	ENSG00000113504
Q92878	0.26535097499443	28.9211811439998	2.07529192371057	0.042096965332112	0.265381216134112	-4.22266194411979	ENSG00000113522
P46926	-0.676301723161117	27.8289915720841	-2.89418201914928	0.00523439847546896	0.071483410701256	-2.41953571091806	ENSG00000113552
P63208	-0.257584498825103	28.2153105219528	-1.41429565163431	0.162256092803593	0.536231802459391	-5.29624471225361	ENSG00000113558
O75694	-0.00989508243350201	26.9869700584402	-0.0534990384182399	0.95750557389488	0.992072562122132	-6.25868678782162	ENSG00000113569
P67775	-0.410846918949588	23.8433729492779	-0.722463404291168	0.472714418844443	0.830180910131642	-6.00551636693591	ENSG00000113575
Q96BP3	-0.785642925838559	24.3853669944618	-2.05908877162659	0.0436742950330708	0.270576716224596	-4.25329396921867	ENSG00000113593
P36406	-0.416121544058097	23.6287656459249	-1.19071796904102	0.238283918636956	0.635384942947346	-5.57364972672635	ENSG00000113595
A5PLN9	-0.19806959183154	25.4915212059508	-0.173073307768025	0.863170672322995	0.970506166261881	-6.24541311444561	ENSG00000113597
P02748	0.868329699553115	27.6926112855148	3.47486621861556	0.000936407197995491	0.0237498997705554	-0.872179134107776	ENSG00000113600
O95486	-0.316245123179343	26.7210851371704	-0.609498433415067	0.544424688921108	0.870917620109861	-6.07866369989497	ENSG00000113615
P54136	-0.0650362922751917	29.7891898820614	-0.605137652220633	0.547286732028271	0.8724942199542	-6.08125589417393	ENSG00000113643
O75367	0.0306939680326224	30.7027714464276	0.225645119841584	0.822216438374659	0.959819588560582	-6.23515851339561	ENSG00000113648
O14776	0.0407453250409624	27.9919705679344	0.229197077126968	0.819466915131536	0.958203377514335	-6.23436781010434	ENSG00000113649
Q14195	0.0417967688002143	30.1188984792042	0.348931308318675	0.728318071165022	0.932132700718732	-6.20050896592628	ENSG00000113657
P48729	-0.0974481336158135	26.8389087811915	-0.450752534227214	0.653733671236783	0.904691039418433	-6.16073095613146	ENSG00000113712
Q969X5	-0.252713761457205	28.9602087873987	-1.9806191855585	0.0520559944716936	0.295074155773539	-4.39867931003673	ENSG00000113719
P09619	-0.506785403900125	24.0953550795977	-0.770483993196313	0.443926491806882	0.819136714369994	-5.9707212592755	ENSG00000113721
P47902	-0.467015073979624	23.5489326165277	-0.631419331779541	0.530077630965248	0.862067796496719	-6.06543718296483	ENSG00000113722
Q12981	0.276371825450713	25.0871537132519	0.66320023442135	0.509650195995853	0.851520123165617	-6.045422538583	ENSG00000113734
Q16643	-0.307729070677404	26.4092851659475	-1.81796767812667	0.0738801823110016	0.359062953780652	-4.68413503658896	ENSG00000113758
Q08426	-0.0439658534825433	27.1811229427467	-0.124378432962609	0.901416311550669	0.977800741991114	-6.25251183961446	ENSG00000113790
Q9NTJ3	0.810162133443782	24.5717044306484	1.44866438315601	0.152448724553864	0.522305664210452	-5.24963654779106	ENSG00000113810
Q9Y6D0	0.395889879169051	23.5280251612906	0.651727400292414	0.516975474159586	0.854538367874022	-6.05275953871879	ENSG00000113811
Q9NPL8	0.277224235923921	23.6427557792744	0.458479144516115	0.648204496427425	0.903814295394978	-6.15730145205816	ENSG00000113845
Q96SW2	0.151972099025848	22.6735124091096	0.338563310639912	0.736077748050678	0.933449293051244	-6.20399370058644	ENSG00000113851
P01042	-0.0484754405518864	28.8045444603899	-0.4083861838324	0.684391223656159	0.911797144470554	-6.17850591050794	ENSG00000113889
P04196	0.0845513512298695	28.3577744258245	0.639665342540273	0.524736785684747	0.85953430229466	-6.06033720962663	ENSG00000113905
Q93099	-0.10757479205779	24.6302936206729	-0.24666080146889	0.805982144906386	0.956282547545852	-6.23030091124673	ENSG00000113924
Q9NQR4	-0.149691452187774	29.9117081049677	-1.33179119128858	0.187783511114051	0.570464337662909	-5.4038452261756	ENSG00000114021
Q96A26	-0.476011139178858	30.4373046206439	-2.60659495433891	0.0114283882465701	0.121954992384631	-3.10732978970465	ENSG00000114023
P52294	-0.0707733819040506	23.9378183691219	-0.123114070502101	0.902413299287556	0.977800741991114	-6.25266508295468	ENSG00000114030
P05166	-0.382276827744764	29.1072011709909	-2.48786423091171	0.0155416589558578	0.148262229626693	-3.37465112168946	ENSG00000114054
Q05086	-0.047843023862324	26.1406888078718	-0.288215313449074	0.774139152381336	0.945226331826114	-6.21942638264572	ENSG00000114062
Q8IUR7	0.0562125624644878	23.4194320125605	0.178796836339741	0.858677726552235	0.970185627365775	-6.24443341213225	ENSG00000114098
P09455	0.0274242172766463	26.9859031135842	0.181979159833176	0.856190226765656	0.970185627365775	-6.24387132258995	ENSG00000114115
Q8IZH2	-0.0369701619089895	23.3580665484028	-0.116698644077111	0.907474451660265	0.97945453751171	-6.25341852939959	ENSG00000114127
Q9BUL8	-0.0608227840277173	27.912824815332	-0.400123358977457	0.690435087242263	0.916044411370331	-6.18176948121277	ENSG00000114209
Q02388	-0.152420908807166	25.0660921010147	-0.200910678385002	0.841425333983526	0.967446610626944	-6.2403217868988	ENSG00000114270
P13861	-0.0490323713109504	30.0465542276197	-0.487704371579352	0.627472106422236	0.899825244544314	-6.1438063495127	ENSG00000114302
Q13107	0.00187748012541888	24.8002309269204	0.00852723274963547	0.993223597184431	0.997182823919789	-6.26005314418615	ENSG00000114316
Q15057	-0.145721592985076	25.9252444033784	-0.539449306519826	0.591500748899856	0.891501819721093	-6.11788512972894	ENSG00000114331
P04899	-0.105760026227532	30.0043275903276	-0.501559549842534	0.617746177727454	0.897939625005374	-6.1371195493469	ENSG00000114353
Q92734	0.286813685871707	28.4802377559289	2.00079659800285	0.0497786826510199	0.291248021991429	-4.36176657641584	ENSG00000114354
P83731	0.0538422557538425	29.9760714329471	0.415450101876619	0.679240648418044	0.909601978345677	-6.17566327707018	ENSG00000114391
O14569	-0.0452607860222862	26.1947952287284	-0.229148634086979	0.819504399046492	0.958203377514335	-6.23437867695937	ENSG00000114395
P51114	0.289081273893284	26.1947523533379	1.32253169492487	0.190828344615864	0.573326150518074	-5.41554144602906	ENSG00000114416
Q9HAV0	-0.129383239518738	26.488512257851	-0.311984439769741	0.756094675983635	0.93936467053732	-6.21244861629154	ENSG00000114450
Q04446	0.154102380372098	28.6027344969743	1.31207510563271	0.194311406661307	0.578668983659718	-5.42865720985393	ENSG00000114480
P11172	0.00236434057784507	26.9794750551805	0.0130641018077766	0.989618420139202	0.997028532073778	-6.26000516051863	ENSG00000114491
P52298	0.791588210547246	24.2653658165059	1.8452183895898	0.0697621955759187	0.345850466614266	-4.63782580763456	ENSG00000114503
O95219	-0.402594866511173	27.2174020403334	-1.9868220481618	0.0513465925470615	0.294313244115597	-4.38736663002924	ENSG00000114520
Q96GZ6	-0.881408925845669	24.3791089480619	-1.00532199420358	0.318646175025471	0.717170278446944	-5.76912042123275	ENSG00000114544
P38606	0.180276798268917	30.205775319073	2.08164629340358	0.0414919967898995	0.26278264633603	-4.21059227373835	ENSG00000114573
P09001	0.070649991140769	26.5701990558179	0.266879543202666	0.79044380450076	0.952274204106648	-6.2252203642491	ENSG00000114686
Q9NRQ2	-0.791647398826278	23.6299821172552	-1.90371633195544	0.0615711338677214	0.326852019824312	-4.53634474164313	ENSG00000114698
Q16644	0.469122557751145	22.6100788671707	0.972729722803985	0.334451401303253	0.73302391129688	-5.80020709444573	ENSG00000114738
Q8TAF3	-0.559479595907622	25.3488697819392	-0.869174703201421	0.388094964730346	0.780627754583023	-5.89232926759363	ENSG00000114742
Q86X83	0.11044630255979	25.2054636521844	0.539922677911556	0.591176195602317	0.891501819721093	-6.11763605349916	ENSG00000114744
Q9BQQ3	-0.218600959268233	23.1778758049317	-0.488766762889912	0.626723957932868	0.899825244544314	-6.14330019447215	ENSG00000114745
O43818	0.462240713233371	24.6750775959076	0.687982461650877	0.49401888804866	0.843033391036102	-6.029143598304	ENSG00000114767
Q96IU4	-0.119685745718769	30.1353509233968	-0.63807883556253	0.525762150913234	0.860696790432262	-6.0613235006381	ENSG00000114779
O60739	-0.0101692042466794	27.0259241833309	-0.036545523055453	0.970964292573936	0.993813704858371	-6.25943454514505	ENSG00000114784
Q9UNL2	0.330228629515187	25.4883198189859	0.524756687499281	0.601619939353715	0.89396966294435	-6.12550429929526	ENSG00000114850
P51788	-0.0182703455601931	22.9523815896836	-0.0339687429544121	0.973010734479236	0.995091435693037	-6.25952354800082	ENSG00000114859
Q04637	0.0695259874953322	29.5291546017544	0.609420319184516	0.544463261865857	0.870917620109861	-6.07872348183313	ENSG00000114867
Q9Y6A9	0.0458894223684467	28.196702620729	0.175669334207331	0.861123775558167	0.970442117244495	-6.24497616746759	ENSG00000114902
P24534	-0.0585553602573086	30.2133306286587	-0.360247436488011	0.719881246139994	0.928936875612524	-6.19658609105	ENSG00000114942
Q16854	-0.579126522857695	23.3906796105229	-1.0363588061109	0.304042863843872	0.702389255192565	-5.73862243587702	ENSG00000114956
Q9H8S9	-0.286685089694082	27.3339129936088	-1.31466308848586	0.193444937830029	0.577686334056488	-5.42542023814175	ENSG00000114978
Q9H0V9	-0.474671737787382	25.43743793092	-1.2916239625264	0.201261389560599	0.586573146592169	-5.45402487045031	ENSG00000114988
Q96GK7	-0.10613113641115	26.5138707525877	-0.51513457008443	0.608283004855524	0.895751343634127	-6.13038783195614	ENSG00000115042
P19338	0.0366016290710292	32.6512200418595	0.423754039523056	0.673205498299142	0.908195356389641	-6.17225966606047	ENSG00000115053
P42025	0.462914869190687	26.552718895077	2.20421114740342	0.0312144010745855	0.224258404558254	-3.97159597422651	ENSG00000115073
P43403	0.495547360827668	22.4240281317349	1.19302619493564	0.237385306916198	0.63485143629918	-5.57101676057938	ENSG00000115085
P61158	-0.130504017246285	31.3826052350299	-1.25531401190422	0.214055482218588	0.602137322836109	-5.49813408462733	ENSG00000115091
Q9HCM4	0.212571539596063	22.8550959705611	0.562259314534922	0.575957975894904	0.883685586392464	-6.10563719663943	ENSG00000115109
Q9Y3B4	-0.0904907295483142	26.7387432497948	-0.343443423022917	0.732421853255571	0.932508109502526	-6.20236651268563	ENSG00000115128
Q53FA7	0.259312718830476	28.4787614099838	2.25303349012732	0.0277895362013568	0.211938938330068	-3.8731558552338	ENSG00000115129
O75886	-0.167561074589781	25.9034271067528	-0.483134372325666	0.630694820946865	0.899825244544314	-6.1459711734273	ENSG00000115145
P43304	-0.106396822611767	29.6318558082379	-1.01726323446811	0.312964676562805	0.711378233137547	-5.75750042651799	ENSG00000115159
Q9C0D5	1.22111813377695	23.9944333450013	1.55352872454455	0.125365281004647	0.468551663686321	-5.10100669196061	ENSG00000115183
Q9UI10	0.208699095509019	23.6663884192627	0.45125223259457	0.653375492554029	0.904691039418433	-6.16051091280976	ENSG00000115211
Q9UHY1	0.00740645170386856	25.6287204890469	0.0303824525082138	0.975859214997453	0.995421890307053	-6.25963659347049	ENSG00000115216
P18564	-0.0378752327116061	27.3749523108314	-0.142363130100538	0.887252840391267	0.975031286806855	-6.25016262153583	ENSG00000115221
P13612	-0.867310665998112	24.4661771808272	-1.67089184554143	0.0997624211583511	0.418694636265712	-4.92333835266256	ENSG00000115232
O00487	0.225962394670674	28.2592469421929	1.75639543859304	0.0839377831360437	0.382249377766377	-4.78649130241378	ENSG00000115233
Q15036	-0.0240427233457794	23.943198489217	-0.0541114799693673	0.957019589457688	0.992072562122132	-6.25865450607365	ENSG00000115234
O15355	0.419194694745578	27.9852602039979	3.67886463978043	0.000490783042089594	0.0162196359303912	-0.283565618522899	ENSG00000115241
Q96HR9	-0.429498658681705	21.985241898983	-0.829070641007134	0.410231413249825	0.797048488786876	-5.92530075140449	ENSG00000115255
P01275	-1.15912722367063	27.3386319533062	-2.32947032987544	0.0231297914283062	0.18768862002761	-3.716153780312	ENSG00000115263
Q9BYX4	0.557183999113477	22.4698050103257	1.1998483065727	0.234743742472047	0.630881038787616	-5.56320643868171	ENSG00000115267
P62841	0.301138430686311	30.245779553761	1.82766563854222	0.0723919278231657	0.354356537181079	-4.66772515449043	ENSG00000115268
P28676	0.917337051452318	27.3143639174058	2.98627750018605	0.00403403533979118	0.0621400980448625	-2.18775250010606	ENSG00000115271
Q13724	0.185275878802234	29.183860851877	1.79730389459686	0.0771368124979567	0.364276332198039	-4.71883916340515	ENSG00000115275
O75251	-0.329161517656576	28.08756288087	-1.8480619122603	0.0693438341815323	0.344696379026341	-4.63295813982157	ENSG00000115286
Q01082	-0.253793825027806	33.7694297862029	-3.85889028056976	0.000273064229282406	0.0122050757563685	0.253249818749663	ENSG00000115306
Q9Y679	0.214127124602332	24.9303464138381	0.83225700198967	0.408444554263453	0.795445769428075	-5.92273715021113	ENSG00000115307
Q9NQC3	-0.316544141157621	29.683228325127	-1.95909250988003	0.0545834174618758	0.302483105101228	-4.43769838626189	ENSG00000115310
O43464	0.0355545572627243	25.9938345662072	0.190699413766427	0.849381507670326	0.96894755612696	-6.24228031876359	ENSG00000115317
Q14435	0.0173441986765006	26.8839557632486	0.0454105412509379	0.96392540304506	0.992154633017358	-6.25907866231191	ENSG00000115339
P49406	-0.261707650206073	26.2669050036704	-1.2977252820921	0.199168785863231	0.584535731599678	-5.4464962005782	ENSG00000115364
O43813	-0.332766221767596	27.3579066986404	-1.58015781200697	0.119137703756807	0.45508096841666	-5.0617365329013	ENSG00000115365
Q8IWA0	0.194211153716555	24.430690540328	0.403365259293109	0.688061353964846	0.915025981723255	-6.18049693547821	ENSG00000115368
Q12805	-1.9165354728459	25.9742040565498	-3.87149442301377	0.000261940218401276	0.011997403877357	0.291414451226177	ENSG00000115380
P02751	-0.236951785554009	31.7894555807438	-2.68149635158311	0.0093707842366672	0.106553378267889	-2.93359553907176	ENSG00000115414
P42224	0.309167243209171	29.8514473539347	1.39189332635376	0.16890677117717	0.545968359946121	-5.32606130965184	ENSG00000115415
O94925	-0.340787302991032	27.790743091295	-1.86497369020813	0.0668990158323735	0.339423354629152	-4.60386979704923	ENSG00000115419
Q9BY49	0.618090612091649	25.1360689197159	1.11491390191706	0.269172068733453	0.668699449113221	-5.65740799322031	ENSG00000115425
P18065	-1.33564604769782	26.1542562930496	-4.1472026696428	0.000103706045381033	0.00715834260079461	1.1441231151181	ENSG00000115457
Q70CQ2	-0.123809005280275	25.7264975190658	-0.601096770139361	0.549957585252183	0.873556280914697	-6.08362915764356	ENSG00000115464
P50991	0.0662187466146449	30.0791154369573	0.521784422635956	0.603671646426488	0.89396966294435	-6.12702521449424	ENSG00000115484
O14530	-0.518489213346044	23.8262427892001	-1.86083264289242	0.0674908388788842	0.340397456834124	-4.61101424448553	ENSG00000115514
O75533	-0.317011108818068	29.6652566841928	-2.91576931184084	0.00492653880713651	0.0687069465864844	-2.36569276221259	ENSG00000115524
Q9H2J4	0.0463106145158036	24.6162521511316	0.115586573664538	0.908352165339914	0.97982111346743	-6.25354503652933	ENSG00000115539
Q9Y3A3	-0.0882180969064166	26.1379853012278	-0.336427207980803	0.737679925050217	0.934528311827964	-6.20469864717523	ENSG00000115540
P61604	-0.191976944849642	32.6294784918403	-1.33718551508337	0.186026685483856	0.569042520747818	-5.39699587907465	ENSG00000115541
Q9Y3E7	-0.0345616751161479	26.6498381101558	-0.180536792397206	0.857317490144326	0.970185627365775	-6.24412731336747	ENSG00000115561
P27930	-0.615966299950554	23.6863568032518	-1.67071932357039	0.0997966606003961	0.418694636265712	-4.92360819845753	ENSG00000115590
Q14192	-0.554639828055372	26.2034927493797	-0.821542067646761	0.414507431974854	0.799260617595078	-5.93128170523264	ENSG00000115641
Q9BV36	-0.270818669556924	26.8656248703438	-0.370266816052814	0.712471752277367	0.925389179133615	-6.19298397686211	ENSG00000115648
Q00341	0.379294001148676	30.6476876423106	3.26109961656134	0.00180217384898865	0.0367634316021989	-1.46488401930954	ENSG00000115677
Q15435	-0.0617641480750599	29.2133725373643	-0.810516930482913	0.420730214496619	0.803666282268273	-5.94003721441018	ENSG00000115685
P37235	-0.617875252351574	27.3141113734051	-1.79121407004936	0.0781191308369679	0.367004801979162	-4.72899889671602	ENSG00000115756
Q9NR09	-0.14864343738579	25.0390370181824	-0.421390707846567	0.674920953057552	0.908575899069828	-6.17323516339245	ENSG00000115760
Q9BSC4	0.37897857523787	21.8650532272391	1.31342596652854	0.193858768819111	0.578107494284097	-5.42696834464697	ENSG00000115761
Q9H8Y8	-0.0710226736141166	27.8207074487775	-0.434018499334964	0.665775195351847	0.904691039418433	-6.16795995134084	ENSG00000115806
O43815	0.200235311588738	27.2530824443487	1.5154567484069	0.13471714620275	0.489089612678824	-5.15608094498281	ENSG00000115808
Q03701	0.770547572312196	23.6740511905731	1.27094109265336	0.208477323336239	0.59489105820224	-5.47929641916909	ENSG00000115816
Q15042	0.496708347678329	25.3968384933195	1.24143797119215	0.219100354494711	0.610815047576513	-5.51467556370455	ENSG00000115839
O75746	-0.284244055350509	28.2441158917333	-2.23677561732502	0.0288912667701489	0.215821404012507	-3.90613910650001	ENSG00000115840
Q96LZ7	-0.371878862182925	25.226815081462	-1.04349038783731	0.300755657584904	0.699524043538915	-5.7314852298497	ENSG00000115841
P14868	-0.324581295308949	29.6929504663859	-2.54531320345336	0.0134085568970207	0.135401593998989	-3.24655612593225	ENSG00000115866
Q16629	0.178370718444004	29.569839380347	1.09354423847899	0.278367492943245	0.678584993023572	-5.68006580944093	ENSG00000115875
P18827	-0.766689983678315	25.3415027634546	-1.54110635545378	0.12835799884109	0.477010773802737	-5.11911546340652	ENSG00000115884
P43007	0.216308709478014	24.3566199275722	0.620717707273928	0.53705088727436	0.866459894084231	-6.07195852280118	ENSG00000115902
Q16719	-0.550885140466175	25.9161411031651	-0.798100710127834	0.427875071585681	0.809016215449626	-5.94968457638871	ENSG00000115919
O43516	0.081945953058959	22.7416003273458	0.169494648898852	0.865957041190961	0.970506166261881	-6.24601964641583	ENSG00000115935
Q13416	0.0685674731532195	22.0368187867875	0.0988826350905368	0.921549262082822	0.984755658659147	-6.25529952226915	ENSG00000115942
O14548	-0.638175101651733	28.4688873572229	-3.2767901577351	0.00171900681032193	0.036239356871382	-1.42225666833007	ENSG00000115944
Q9NRX1	0.0194979799954957	22.2993335019573	0.0495093711840776	0.960671841121763	0.992154633017358	-6.25888809012763	ENSG00000115946
P08567	0.356497264594537	28.4652102968675	1.69321987999804	0.0954114539788714	0.408296773479431	-4.8882005751328	ENSG00000115956
Q2M2I8	-0.195708317640662	23.345984853436	-0.497558172547171	0.620548089201742	0.899037114426398	-6.13906977688729	ENSG00000115977
P31483	0.758900296911669	23.8495080057326	1.41241134431536	0.162807582574212	0.536750203582787	-5.29876981422162	ENSG00000116001
Q9UHG3	-1.10141578245619	28.5806657840237	-3.61247662955216	0.000607811276388435	0.0185161725706488	-0.478517377991915	ENSG00000116005
P63165	-0.0537796399590462	27.2407236627506	-0.224861781805788	0.822823112400458	0.959819588560582	-6.2353312334761	ENSG00000116030
P52701	0.207842445562907	25.0540398129113	0.36299844789894	0.717835431282803	0.928357856792892	-6.19561358313153	ENSG00000116062
P35270	-0.337461241361385	28.7203967736808	-2.2547200367402	0.0276773972904026	0.211938938330068	-3.86972272443304	ENSG00000116096
Q9NSD9	-0.073363599161258	29.3221872636128	-0.729152035668479	0.468642560794622	0.82980672773388	-6.00080163487975	ENSG00000116120
Q15392	-1.02496624353576	27.6182211431835	-1.62665362890093	0.108998536311347	0.437686840143147	-4.99188755120591	ENSG00000116133
Q9HB71	0.233879255316442	28.5122793534892	1.14292632843239	0.257444704731037	0.658177329544043	-5.62707021426669	ENSG00000116161
P22307	-0.251584061294587	30.4548192455707	-1.79749944648639	0.0771054406366297	0.364276332198039	-4.71851240862308	ENSG00000116171
O75063	0.184386576695481	23.4120171390508	0.459931782352403	0.647167189635231	0.903814295394978	-6.1566502255781	ENSG00000116199
Q9BZE1	-0.455366198260045	28.3326512790079	-2.0451503892964	0.0450718052681194	0.275336673643	-4.2794777115954	ENSG00000116221
P35268	0.191202247871285	30.4147429117953	1.60944769172016	0.112577240159618	0.443878301222268	-5.01783392270754	ENSG00000116251
O00391	-0.370387669371627	28.6708264492931	-2.38261573769278	0.0202562808730558	0.172296776758946	-3.6031277737984	ENSG00000116260
O00186	-0.560574396033871	27.5126446952029	-3.44633195125921	0.00102330493738167	0.025249239020553	-0.952759518733886	ENSG00000116266
Q99497	-0.200468769907015	31.5138829364512	-1.80356404789455	0.0761377868892195	0.363566707865816	-4.70836301006608	ENSG00000116288
Q6UXG2	-0.914498943853335	25.8526170130811	-1.40950110728376	0.16368662141391	0.537730944942097	-5.30266495440188	ENSG00000116299
Q01433	0.407583794835563	25.199466904357	1.25001127605009	0.215973158816013	0.605502125976206	-5.50447602491181	ENSG00000116337
Q08170	-0.334791836179672	24.4915857675581	-0.849708865442333	0.398742314860223	0.788512970843142	-5.90852579873217	ENSG00000116350
Q9BV79	-0.676250342468418	25.5823764218545	-2.36000677524488	0.0214223415825133	0.178015010487313	-3.65114604348141	ENSG00000116353
Q9BZQ6	0.345989037444618	24.9856686203266	0.78815581135431	0.433595910886472	0.813001676886988	-5.95736398321487	ENSG00000116406
Q9BQA1	-0.145226717829559	25.8733204149705	-0.636875226722366	0.526540747121255	0.860957035032759	-6.06207014169661	ENSG00000116455
P24539	-0.641211897210471	30.8971975757298	-5.16013358473188	2.73246428181037e-06	0.000579049229858582	4.52128470927778	ENSG00000116459
P62834	-1.00151040064627	26.7435868282621	-2.16736880056296	0.0340482248069287	0.234341760096094	-4.0447746460967	ENSG00000116473
Q13547	0.00765991698139246	28.6455810354322	0.0646869443768199	0.948630488740903	0.988700698605532	-6.25803912657463	ENSG00000116478
P52907	0.104197663105442	31.1732723949409	1.26595235092703	0.21024623060024	0.597374698834224	-5.48533410784856	ENSG00000116489
O14828	0.734333993807986	25.2148304094528	0.961288555767417	0.340140119951693	0.736823383874757	-5.81086525395131	ENSG00000116521
P23246	0.0607130071129625	31.5593622075024	0.582412980038337	0.56239165607948	0.88047421331762	-6.0943980696458	ENSG00000116560
Q92974	-0.0314339382135813	25.5725651765149	-0.0824623193172351	0.934543598012918	0.987531394271817	-6.25675798898616	ENSG00000116584
Q9Y2Q5	-0.165401818089844	26.6892502521489	-1.26737799414276	0.209739594599583	0.596960892093092	-5.4836110017469	ENSG00000116586
Q96N67	-0.0551416817046899	24.9313859965308	-0.205966300431128	0.837489184735398	0.966115617593003	-6.23931583402706	ENSG00000116641
P19623	0.285502239809546	26.9555957443859	0.967607117435975	0.336984044659365	0.734893495546025	-5.80500085049588	ENSG00000116649
Q9Y6Y0	0.263370282852247	23.6213333600634	0.442961425855787	0.659328782447623	0.904691039418433	-6.16413046292364	ENSG00000116679
Q8IYS2	-0.170105843632257	26.0231500377745	-1.12558962714436	0.264659131608997	0.664872198406943	-5.6459311575759	ENSG00000116685
O95140	-0.371893673737212	25.9417919883258	-1.03685625040604	0.303812783609981	0.702285336593993	-5.73812613120471	ENSG00000116688
P19878	1.215328943191	24.8165400163948	2.16007141091496	0.0346245765410281	0.235001014801884	-4.05901534034668	ENSG00000116701
P47712	0.151505802912723	23.2404809743323	0.247939914139159	0.804996731684913	0.955933618875835	-6.22999132582162	ENSG00000116711
Q5T9L3	0.200347635220677	22.9214509756864	0.604555449903	0.547671137658082	0.8724942199542	-6.0815987979087	ENSG00000116729
P10155	-0.501511943254382	27.9055636993114	-2.76212394400068	0.00753868780870836	0.0897564729713684	-2.74227813949858	ENSG00000116747
Q9Y5K5	-0.0341527173716187	27.2116329153564	-0.212034718928188	0.832772497126336	0.964551492529718	-6.23807419338589	ENSG00000116750
O75934	0.195246378872568	26.9372747296444	0.768475410364937	0.44510971270939	0.819136714369994	-5.97222065907206	ENSG00000116752
Q05519	0.199973157151977	27.0150530081938	1.17704440642049	0.243657609457127	0.64248788412462	-5.58914720458397	ENSG00000116754
P32929	-0.596040386008156	25.6343974466597	-2.22913229492564	0.0294224047259671	0.217104699554396	-3.92157574990076	ENSG00000116761
Q9BSE5	-0.035184475735619	26.8872244697842	-0.138321642883163	0.890432586401604	0.975169321159376	-6.25071811166863	ENSG00000116771
Q9NRN5	-0.0272009703330305	23.7906669120166	-0.0402614863277339	0.968013476030383	0.993650462264991	-6.25929474095907	ENSG00000116774
Q08257	-0.382741829620148	29.2641114035042	-2.2206574302896	0.0300213672143096	0.219785564266675	-3.93863948786409	ENSG00000116791
P19256	-0.203732473032083	24.3774474244129	-0.403206540262682	0.688177495702717	0.915025981723255	-6.1805594753699	ENSG00000116815
Q9NX46	0.0384291738021894	27.7441992179013	0.292400087410777	0.770952857539223	0.943995624264784	-6.21823785128826	ENSG00000116863
Q9UGM6	-0.279430382361031	25.7153154714482	-0.631973941092307	0.529717531620509	0.86177882946594	-6.06509621753062	ENSG00000116874
P82914	-0.288526410025419	24.4803063064674	-0.441776410214098	0.660181513670357	0.904691039418433	-6.16464236354833	ENSG00000116898
Q8IYI6	-0.229013041099904	25.3400987749764	-0.674894649785009	0.502241095838165	0.846852410515002	-6.037814002233	ENSG00000116903
O15228	-0.168761238351664	24.5290772540589	-0.192721831429655	0.8478065392578	0.968707167377975	-6.24189958071088	ENSG00000116906
Q99598	-0.0598181051197351	28.9014449068646	-0.374085787104462	0.709611354430995	0.924614268987387	-6.19161944932852	ENSG00000116918
Q9HB90	-0.350412242023211	24.4222151166038	-0.526271659133491	0.600569081394357	0.893600115882127	-6.12473201212822	ENSG00000116954
P14543	-0.254606254262459	29.7313892592904	-2.14736079377096	0.0356651829758258	0.238921674161153	-4.08390866144126	ENSG00000116962
P11310	-0.069865019283128	30.474651740648	-0.676211202420788	0.501410651647899	0.846526314155316	-6.03694923189955	ENSG00000117054
P09326	-0.0208475101759653	25.2830745708612	-0.0687544104073301	0.945405427811985	0.988539327237031	-6.25777327405899	ENSG00000117091
Q9Y2J8	-1.20465884231434	30.0230425730595	-3.70891011513255	0.000448863048333959	0.0155901286787585	-0.200634913672975	ENSG00000117115
P21912	-0.684132669695014	30.1389366591482	-4.67096836902138	1.64734279983651e-05	0.00213880006845441	2.84818394167234	ENSG00000117118
P55001	-1.41528805898609	27.090767088123	-1.67279608141494	0.0995397630963622	0.418496783472986	-4.92063261116746	ENSG00000117122
Q16222	-0.527654974303928	27.7526769733647	-1.8340123977832	0.071431624028437	0.351232322657409	-4.65694356000117	ENSG00000117143
Q01459	-0.992727526438081	28.1267113289888	-1.0020320343899	0.320359271880554	0.71801032041293	-5.77216882746039	ENSG00000117151
Q15291	-0.42647247184501	23.813067296691	-0.791390723627793	0.431720378531897	0.811096200796257	-5.95488673802002	ENSG00000117222
P32455	0.450482368481627	29.0500604671218	1.53667390164248	0.129453804765284	0.478584133820402	-5.1255548116046	ENSG00000117228
B7ZAQ6	-0.678851759494073	23.7743404980757	-1.6619864870574	0.101542394925481	0.423326207590708	-4.93723426238013	ENSG00000117262
P42892	-0.203328289518588	26.2045405799937	-0.895068932277927	0.374197294121324	0.769642517538263	-5.87024308089763	ENSG00000117298
P35914	-0.363154401650782	28.6097475187374	-1.75483242024058	0.0842071971361487	0.38297068055331	-4.78904830099197	ENSG00000117305
Q14376	-0.32980591354146	29.7605588503933	-2.43439902167548	0.0177966658048577	0.160404317123718	-3.49172612890072	ENSG00000117308
P15529	-0.67261803296611	24.6905886034861	-1.10535853168313	0.273257046052958	0.673020159206955	-5.66759139494496	ENSG00000117335
Q32P28	0.177313656182871	25.0740014633078	0.222653286888498	0.82453701922881	0.959906141301175	-6.23581346875685	ENSG00000117385
P11166	0.157378053302839	26.3469921538609	0.519305963069457	0.605388460014489	0.89396966294435	-6.12828348892285	ENSG00000117394
Q99848	-0.100867206227232	24.5759167442492	-0.499633215197957	0.619094360506462	0.898329310229307	-6.13806035758429	ENSG00000117395
O43414	-0.458598283983118	24.2734826483246	-1.30436304827429	0.196910736260728	0.581067699030113	-5.43826749695749	ENSG00000117419
P14550	0.144314951014337	31.4330837786388	1.94707523897495	0.0560394229742942	0.308532802585205	-4.45931767532717	ENSG00000117448
Q06830	-0.0841251503744687	33.4780509699533	-0.592454095458183	0.555692019756735	0.876970859227447	-6.0886523721233	ENSG00000117450
O60635	-0.973322369497968	25.3730402978741	-1.40943442306435	0.163695831396274	0.537730944942097	-5.30275348114416	ENSG00000117472
O00519	-0.503705287641889	24.9266038033193	-1.40262254558246	0.165695846594244	0.5411458683704	-5.31183677680747	ENSG00000117480
Q9Y3A6	0.305343982181355	26.9938150810112	0.677621646318042	0.500531806417592	0.846526314155316	-6.03601019942993	ENSG00000117500
Q01658	0.0824799217355938	25.6329560309702	0.242296822038136	0.80934646903178	0.956623819671774	-6.23134510445851	ENSG00000117505
Q15417	-0.0970050105169236	25.8953703159834	-0.22061241359422	0.826116014123302	0.961128787073686	-6.23625773724763	ENSG00000117519
Q9Y520	0.380314170494529	23.3010874296349	0.770949775424569	0.443652370638502	0.819136714369994	-5.9703730064193	ENSG00000117523
P13726	0.139008597097106	23.4538745363338	0.39076360363224	0.697305787289014	0.918627247586294	-6.1853861520742	ENSG00000117525
P28288	-0.427693349494856	28.2969309369119	-2.47965964536107	0.0158700768556594	0.150503528858975	-3.39275160573926	ENSG00000117528
Q9H2P9	0.264695626512019	22.3396798582699	0.97927451926389	0.331233950929867	0.729549463066278	-5.79404676499426	ENSG00000117543
P30041	-0.637649088787434	32.5687814547315	-3.90293521888631	0.000236055693603616	0.0117942375582988	0.386937084374058	ENSG00000117592
Q6PI48	-0.137622515050182	28.2860262821441	-0.881748184969388	0.381304168510883	0.774778980404128	-5.88168666885345	ENSG00000117593
O14896	-0.71364751892612	26.7978428839422	-2.9456818101335	0.0045276153541462	0.0658085276756551	-2.2905899714901	ENSG00000117595
P01008	-0.295637444233112	28.7840828474291	-1.86309758659193	0.067166597211817	0.339423354629152	-4.60710834469305	ENSG00000117601
Q9Y2D2	-0.698953041555967	25.7496923128509	-1.84485006729039	0.0698165409734828	0.345850466614266	-4.63845582874121	ENSG00000117620
P16949	0.410478676719617	27.0989344410364	0.8141615466113	0.418686664823779	0.802405808888372	-5.93713422142161	ENSG00000117632
Q15418	-0.345350240195199	29.135022734245	-3.23974807063517	0.00192144281003906	0.0382395169457774	-1.52266185232154	ENSG00000117676
Q9UMX5	-0.166183575589919	26.4273513993812	-0.893648985796521	0.374950843242903	0.769642517538263	-5.87147088570412	ENSG00000117691
O14497	0.0373516465309116	25.4188976929729	0.154762186200358	0.877509372111078	0.973031343616299	-6.24835866043335	ENSG00000117713
P15927	-0.389007217983259	26.9536025530266	-2.1339212338886	0.036795083757692	0.244091960742938	-4.11009261472457	ENSG00000117748
Q12972	-0.382716018839162	25.0873619591771	-0.633860798044125	0.528493378674825	0.861720690647627	-6.06393399435105	ENSG00000117751
Q86Y82	-0.0620284810150729	27.5136504132629	-0.47585301693241	0.635844430771612	0.900553762545728	-6.14937859269214	ENSG00000117758
Q969Z3	-0.332266196005481	26.4682898047649	-1.36597506959021	0.176860371741915	0.555234756362746	-5.36000027076937	ENSG00000117791
Q96SU4	-0.122969898309503	24.0251525078892	-0.427180184886509	0.670721677721043	0.908066566655102	-6.17083584834223	ENSG00000117859
O95881	-0.23666474853755	27.7980348795443	-1.30747400424822	0.195859075297658	0.579815166991385	-5.43439725611537	ENSG00000117862
A0FGR8	-0.360988087877391	27.9814045760359	-2.3820791372628	0.0202832857019264	0.172296776758946	-3.60427182549768	ENSG00000117868
Q14696	-0.296784772140878	26.8254490137573	-1.38188042199085	0.171946257388173	0.549694273430874	-5.33924378459109	ENSG00000117899
Q14257	-0.611004216740508	25.812181597463	-1.98182901050977	0.0519169751406406	0.294884134550937	-4.39647528543395	ENSG00000117906
Q9HC84	-0.00594515401250817	27.911253554061	-0.0231930030364739	0.981570486528634	0.995444274324092	-6.25982526866972	ENSG00000117983
P07339	-0.343783855438424	32.2668544100303	-2.50419430591584	0.0149061568096139	0.145148701933615	-3.33848029433316	ENSG00000117984
Q8WVM7	-0.33645569959987	25.9841716727113	-0.943426513810131	0.349109091541671	0.747422412948442	-5.82729769136299	ENSG00000118007
P22894	2.36833813907709	22.02506478247	2.47186888996334	0.0162197401021172	0.152493522029043	-3.41089932494469	ENSG00000118113
P02647	-0.353138761773693	33.7525696632156	-2.15728957009412	0.0348500251759494	0.23548598176512	-4.06447423044498	ENSG00000118137
P62851	-0.0794833889063682	29.9559195026379	-0.373588590059944	0.709979419756857	0.924872856171558	-6.19180112261422	ENSG00000118181
Q9NYY8	-0.4694348004947	24.242428605007	-1.08114669819097	0.283801466427565	0.681956781765258	-5.69301752261442	ENSG00000118246
P16220	0.0953017593090202	23.0116102751999	0.163589617978747	0.870584044146872	0.972116389555013	-6.24698266458999	ENSG00000118260
P02766	-0.166011701562493	30.5690063503088	-1.0542126729222	0.2958591615514	0.695816210097395	-5.72066567713339	ENSG00000118271
Q12912	0.166871302712927	31.0760809871782	0.703680554785253	0.484260814800418	0.836497626570383	-6.01852136298473	ENSG00000118308
Q15005	0.375850565339785	29.4273944563967	2.28886900228592	0.0254912334295509	0.200872392906562	-3.79974434250897	ENSG00000118363
O43687	-0.547584130991986	22.9850073875207	-1.04419128931373	0.300433900351917	0.699217267869826	-5.73078122785921	ENSG00000118507
Q13637	-0.795186902629755	25.9861840293363	-2.18011387332351	0.0330376612605598	0.231054278979374	-4.0195078256224	ENSG00000118508
P05089	1.30826461793632	23.169919722627	2.08633981337745	0.0410500043643127	0.261501955372193	-4.2016567779333	ENSG00000118520
Q9BV40	0.215934024850039	27.048037819784	1.02218563430367	0.31064811567681	0.709289509822052	-5.75266654516143	ENSG00000118640
O14950	-0.0260118293027993	30.8660993912092	-0.202418642128047	0.840249392803946	0.967097434212591	-6.2400250343852	ENSG00000118680
P04844	-0.319639750012914	30.758224688516	-1.40047344766435	0.166340232144234	0.541968677328262	-5.31469428762265	ENSG00000118705
O95210	-0.558886585333859	23.5718083933798	-1.61138360282555	0.11215410897781	0.442718267674068	-5.01490611269665	ENSG00000118804
P49788	-0.62178593073504	23.6979909264851	-1.05792136907724	0.294178320529605	0.695108599225272	-5.71689852655118	ENSG00000118849
Q9H2M9	0.240395622024401	26.5394126347894	0.717520025897178	0.475736591085664	0.832499668390726	-6.00897345005264	ENSG00000118873
O60437	-0.452250748028703	25.9177867893479	-1.06324297520829	0.291777958142232	0.692068380056369	-5.71147078191924	ENSG00000118898
P15374	-0.0268230687414146	29.0489538664963	-0.200377573332548	0.841838333628631	0.967446610626944	-6.2404274813572	ENSG00000118939
Q53T59	0.0040905074558637	25.4178570033083	0.0113921442976421	0.990947002979857	0.997028532073778	-6.2600251901305	ENSG00000118960
Q9H6V9	0.126165409971232	23.5441191859261	0.314846586462862	0.753930799363005	0.938088839629172	-6.2115712279992	ENSG00000118961
Q9P2L0	-0.65568763315267	25.7972406286023	-1.09066021606071	0.279634763766156	0.680128620346499	-5.68308331538641	ENSG00000118965
Q6UW02	0.0492352674290188	26.2347658044365	0.173427930079879	0.862877640075995	0.970506166261881	-6.2453592612768	ENSG00000119004
O43676	-0.569743969107947	28.2560150742014	-3.72792660403976	0.00041892013764592	0.0150695035247281	-0.13883314688867	ENSG00000119013
Q9Y5Q9	-0.226485067216348	22.9357283306535	-0.632613328772757	0.529302545084415	0.861720690647627	-6.06470276504997	ENSG00000119041
Q9UPW6	-0.458850755929568	27.5302537597858	-1.19117212491636	0.238119659946849	0.635384942947346	-5.57312385443386	ENSG00000119042
Q9Y2T3	0.164842510029299	24.1274241053618	0.295435385612957	0.768644246533914	0.94351643232578	-6.2173650968998	ENSG00000119125
Q9UDY2	0.207432142354538	28.2198208505929	2.38966108678156	0.0199046865532861	0.171469598380836	-3.58808709015054	ENSG00000119139
Q9UKF6	-0.0418419796819407	25.6430022977849	-0.15881462213091	0.874328914549905	0.972371164695261	-6.24773644455724	ENSG00000119203
Q9H583	-0.0452241584471871	26.0665167319807	-0.121333542151199	0.903817566288974	0.978074457029922	-6.25287823296761	ENSG00000119285
O95758	0.00842810576765984	25.9581479053536	0.0247499342259351	0.980333573864551	0.995421890307053	-6.2597887051086	ENSG00000119314
P54727	-0.685230525147531	29.4396571209071	-3.29067322618353	0.00164844701160419	0.0353896911585735	-1.38442151095512	ENSG00000119318
Q5T1M5	-0.0754914833174851	27.1107366239212	-0.424583623992069	0.672603745825891	0.908195356389641	-6.17191595781977	ENSG00000119321
Q01105	0.0428230726617329	30.5675087761758	0.347740637602192	0.729207769529791	0.932192461602207	-6.20091447708168	ENSG00000119335
Q15257	-0.391102628479135	27.2470309321299	-2.15247723298444	0.0352430634755401	0.237259784113729	-4.07390340944629	ENSG00000119383
Q53GS7	0.400482713865564	25.8425877140045	0.37529438103341	0.708754233602531	0.924425321684442	-6.19114727308364	ENSG00000119392
P61106	-0.190316762432456	29.8557543481123	-1.66000710155409	0.101941526107598	0.423609952894413	-4.94031369609848	ENSG00000119396
Q5W0U4	-0.156526132945434	25.3985272923121	-0.458901375143058	0.647902915677695	0.903814295394978	-6.15711237435759	ENSG00000119411
O00743	0.245997849513738	27.0223971723851	1.0450670560697	0.300032199459933	0.699217267869826	-5.72990094643652	ENSG00000119414
P51970	-0.538603603523864	28.6549098092504	-2.42800022674419	0.0180853514533924	0.16087996978034	-3.50559845362173	ENSG00000119421
Q9BSH5	-0.0204966929895996	29.4260805534408	-0.1003191565589	0.920413261695318	0.984313299867537	-6.25515940891614	ENSG00000119431
Q6YN16	-0.234437865842288	29.1940085182503	-1.86712238592664	0.06659366051908	0.339423354629152	-4.60015713397021	ENSG00000119471
Q8IXK2	-0.605263873745791	25.8673165140562	-2.918919613081	0.00488304062910364	0.0687069465864844	-2.35781017909613	ENSG00000119514
Q9H553	0.419998791285177	25.5982520025984	2.28687947275054	0.0256142734761052	0.201147147526741	-3.80384554630875	ENSG00000119523
Q06136	-0.442334278924822	24.8675410036035	-0.796259760163269	0.428906512800407	0.809662542624808	-5.95113937245594	ENSG00000119537
O75351	0.0940164500518961	28.8325350978906	0.725213244984269	0.471037979542344	0.82980672773388	-6.00358320692095	ENSG00000119541
P49750	0.31518451234232	26.7443751886285	0.833714729999302	0.407628669380898	0.794708306805161	-5.92156112474253	ENSG00000119596
Q8TD19	-0.695483638989732	26.4408596879068	-2.47203189103185	0.01618099770823	0.15239202159409	-3.40953589138886	ENSG00000119638
P07311	-1.04469062081433	24.7344756862987	-2.22057068856956	0.0300275527927146	0.219785564266675	-3.93881385347903	ENSG00000119640
P61916	-0.48965521216779	27.0996064033557	-1.68048522586483	0.0978735311646961	0.41497039269745	-4.90829318631651	ENSG00000119655
Q9H1B7	-0.162112126564445	22.9203028611801	-0.556881408173877	0.579604655071118	0.88655937842996	-6.10857011411479	ENSG00000119669
P49753	-0.606182566151826	23.0502258775188	-1.48968400304919	0.141355491911047	0.502428078504082	-5.19264475043578	ENSG00000119673
P36957	-0.11588048774053	30.061404028772	-0.697250869951644	0.488241066994483	0.838290074277954	-6.02290432979795	ENSG00000119689
Q9GZT3	-0.0299286641134806	29.3351792046406	-0.200291253394837	0.841905546971013	0.967446610626944	-6.24044441168649	ENSG00000119705
P49756	-0.101424486765012	27.5593010621017	-0.607146614376898	0.545961342947095	0.87229041989174	-6.08007015811119	ENSG00000119707
Q02252	-0.510511756307068	29.9573344911235	-3.13628164035287	0.00261203210780888	0.0478783193060975	-1.79884749913242	ENSG00000119711
P49770	-0.191550448732077	26.0963028295873	-0.792145554519781	0.431283437724226	0.811096200796257	-5.95430727037948	ENSG00000119718
Q9Y2Z9	-0.0624571071243452	26.2683226237619	-0.165783542293631	0.868864412916951	0.971681223059092	-6.24662885261439	ENSG00000119723
Q6NUQ4	0.531198010388056	25.7929569700041	1.10906724480075	0.271666422263132	0.672267393113951	-5.66364891451867	ENSG00000119777
Q8NHH9	-0.00741358180596663	25.1766934462288	-0.0249857737828426	0.980146213961948	0.995421890307053	-6.25978295945983	ENSG00000119787
Q8NCA5	-0.0091378514516407	26.6603192189777	-0.0241398771023956	0.9808182315459	0.995421890307053	-6.25980331487032	ENSG00000119812
Q9BSR8	0.285132894779828	24.3224106044967	0.619365123038435	0.537935591810886	0.867089205481751	-6.07277492546216	ENSG00000119820
Q6ULP2	0.0773624375083202	24.0945678231931	0.251608349597814	0.802172377035869	0.954450353911541	-6.2290945861044	ENSG00000119844
Q3ZCW2	-0.0175581175356996	25.5287438204147	-0.0734666021025785	0.941670318215264	0.988539327237031	-6.25744502103801	ENSG00000119862
Q96F85	-0.320241882696482	25.3754486416819	-1.17774354855158	0.24338074914817	0.64248788412462	-5.58835894883465	ENSG00000119865
P16422	-0.280343490152106	30.7693225049934	-1.77164283889081	0.0813469315256701	0.376238182874876	-4.76143989198624	ENSG00000119888
Q9NRA2	-0.250764891377191	23.3340034894583	-0.840967723661995	0.403584008393278	0.791514322635313	-5.9156798660102	ENSG00000119899
P14735	-0.254032815443512	28.2607804904826	-1.21156381822577	0.230257287993178	0.625606871662582	-5.5496948814892	ENSG00000119912
Q9NTM9	0.305134964353918	23.5390025039107	0.719506905592777	0.474520594353552	0.831468294564116	-6.00758675736045	ENSG00000119929
O75940	-0.456915152890534	23.3423980743712	-1.38273400619997	0.171685522414152	0.549694273430874	-5.33812348046044	ENSG00000119953
Q8TCE6	-0.12532427133635	24.5147070850448	-0.261886221758486	0.794273570221237	0.952502718023134	-6.2265121981976	ENSG00000119979
Q9BZH6	-1.24612464920213	25.3237293528333	-3.03342313324604	0.00352376249892774	0.0578767376706414	-2.06701989222511	ENSG00000120008
Q5T2E6	-1.03769261447182	24.5891865811351	-2.18357574600142	0.0327701124615464	0.230362549116514	-4.01265228587373	ENSG00000120029
P17174	-0.0570767499706442	31.076673793296	-0.647134696360182	0.519923446501609	0.85604994567216	-6.05566124193988	ENSG00000120053
P15169	-0.119817124688858	23.1361994793394	-0.256377406581679	0.79850460554727	0.953041917187918	-6.22790915379457	ENSG00000120054
Q14344	-0.247765393475984	28.2292257443086	-1.75864132667737	0.0835519159856324	0.381262424995526	-4.78281357747616	ENSG00000120063
Q8NFH3	0.333928136453686	25.2609196202292	0.940704149837729	0.350491748898319	0.747886658420552	-5.82977367600142	ENSG00000120253
P22061	-0.00567315363653265	29.6722172185501	-0.0550293753466059	0.956291252088891	0.991974138827402	-6.25860543589861	ENSG00000120265
Q9H1C7	-1.22682892818831	25.0710749676024	-2.37908995971308	0.0204343078648398	0.173025280725111	-3.61064096277493	ENSG00000120306
O60783	0.158341431878938	26.1604681743882	0.732385297641077	0.466681388690307	0.82980672773388	-5.99850724474502	ENSG00000120333
Q9BWD1	0.171959472508686	28.8412318262974	1.19611018756729	0.236188513240604	0.63274917144611	-5.56749129797843	ENSG00000120437
P17987	0.0157363763460374	30.08574604381	0.148849672638014	0.882153288315012	0.975031286806855	-6.24923764843423	ENSG00000120438
Q5EBL8	0.0593373469047407	26.1743088222945	0.310300119837389	0.757368994641089	0.939902851110118	-6.21296121006455	ENSG00000120509
Q96RS6	-0.120667719456687	24.5906044637108	-0.361074497873631	0.719265977512743	0.928936875612524	-6.19629449160797	ENSG00000120526
Q9NPA8	0.0574703929434968	25.0678792314841	0.128254636373966	0.89836080818166	0.976432427150607	-6.25203228280793	ENSG00000120533
Q5T5P2	-0.148353014842417	26.2347383949984	-0.681430844623318	0.498125591868341	0.845139655400766	-6.03350440504598	ENSG00000120549
Q6UX71	-0.463398162437116	22.748092298578	-1.3284218987354	0.188887169789829	0.571480600160501	-5.40811008489602	ENSG00000120594
P61960	0.300376431194227	28.24763655902	1.56648376087489	0.122303839795336	0.462264328262721	-5.08197858902224	ENSG00000120686
Q92598	0.320384417797118	29.2630590678342	3.56372588090428	0.000708471815165649	0.020017081907245	-0.618449123933668	ENSG00000120694
Q9Y673	0.392247295829446	27.0352799128781	1.20971960376277	0.230959359235106	0.627198460752827	-5.55183011674736	ENSG00000120697
Q96B26	0.0371171391349243	23.7195475473507	0.0812088914954125	0.935536298468439	0.987531394271817	-6.25685846949581	ENSG00000120699
P62495	0.11633461183818	28.2003440512369	0.936130189440572	0.352822807483249	0.750551211745193	-5.83391804052963	ENSG00000120705
Q15582	-0.206166313093888	30.501577117469	-1.58037662599109	0.11908757870665	0.45508096841666	-5.06141130059955	ENSG00000120708
Q7LBC6	-0.262560348138933	24.6874826209204	-0.608685981851935	0.544946867548067	0.871435562680238	-6.07915896081321	ENSG00000120733
Q14651	0.0729568286096658	31.5273190570032	0.745555978414933	0.458740942155567	0.82722035634071	-5.98905804113225	ENSG00000120756
P42166	0.57396678446764	26.7150120440955	1.59711511605476	0.115303107474081	0.448464939412383	-5.03640948888496	ENSG00000120802
P40616	-0.141835954228551	27.6846613570512	-0.43851257160273	0.662532490762567	0.904691039418433	-6.16604522583755	ENSG00000120805
Q9Y3C0	0.374556578278121	24.68233434059	1.59187902145227	0.116476405075873	0.450777740864965	-5.04425651558441	ENSG00000120860
O14727	-0.0463618772252126	25.1233349022496	-0.1276480313223	0.898838877427184	0.976562741305128	-6.25210830163452	ENSG00000120868
P10909	-0.0450110250163078	29.4278621914042	-0.277448403709006	0.782354907362111	0.949485591087321	-6.22240579230589	ENSG00000120885
O60504	-0.659656455608392	26.0054008562883	-1.45560838348477	0.150524483447523	0.51999143423668	-5.24009287893411	ENSG00000120896
Q14289	-0.13002485328769	24.6529085437863	-0.25268788675451	0.80134173573766	0.953878298401541	-6.22882819310174	ENSG00000120899
Q96JY6	-0.0217067095643024	23.6122798016493	-0.0666791765687789	0.947050752860092	0.988539327237031	-6.25791093757993	ENSG00000120913
P34913	-0.657120244806645	29.3313489290564	-2.62593790527183	0.0108609384685513	0.117742937314136	-3.06283672853764	ENSG00000120915
Q96K19	-0.567680901623056	24.6138503952816	-1.07450003314416	0.286744872037343	0.685197102199663	-5.69990280891565	ENSG00000120925
Q13148	-0.156557943172881	28.1756243722585	-1.17398174818626	0.244873092859297	0.644070467843153	-5.59259496555418	ENSG00000120948
O75608	-0.0386046175200931	28.6621912956446	-0.269176073626772	0.788684149432206	0.951902316700713	-6.22461805168142	ENSG00000120992
Q92905	-0.086273778509085	26.8813375644631	-0.525971318426737	0.600776512308808	0.893626383420603	-6.12488610883406	ENSG00000121022
Q8IZV5	0.48925954160714	23.6682387330768	0.773561031434304	0.442117434670235	0.817797276545722	-5.96841681971394	ENSG00000121039
P11678	2.24483199473638	31.2767886087419	6.28072226526342	3.89235267438636e-08	2.12249991334288e-05	8.4993897187757	ENSG00000121053
Q92667	0.0119131662520324	24.5189736209897	0.0378827257947626	0.969902381577679	0.993813704858371	-6.25938579413289	ENSG00000121057
P38432	0.406073039315366	22.7098597783538	1.23616511472365	0.221040148040689	0.614146753364599	-5.52091548830989	ENSG00000121058
Q14258	-0.0505709480088079	29.4570092782576	-0.538230500460565	0.592336773402792	0.891538678272224	-6.11852543937523	ENSG00000121060
Q9HB40	0.0122917573486667	27.3486034595819	0.0671041709755182	0.946713781909845	0.988539327237031	-6.2578830884562	ENSG00000121064
P78383	0.423944342817439	22.8805897670388	1.07647088901872	0.28586990544908	0.68410885346228	-5.69786545807628	ENSG00000121073
Q86YB7	-0.154079891080578	25.1319092313482	-0.436604713113038	0.663908322085932	0.904691039418433	-6.16686047409684	ENSG00000121310
Q6P4A8	-0.096499857699758	27.4232122772713	-0.527446792556684	0.599757791976976	0.89332948365213	-6.12412824523725	ENSG00000121316
Q8WXF1	0.156966447027759	28.4999699297402	1.570763432901	0.121305748084718	0.460320281354186	-5.07566069487094	ENSG00000121390
P04217	0.534165589345704	29.9083514465933	4.69184899190497	1.52789490835886e-05	0.00208290273382021	2.91813683155943	ENSG00000121410
Q96IW7	0.285601530756413	25.3258775006529	0.21866195580933	0.82764961664405	0.96169542700088	-6.23666642094201	ENSG00000121542
O60513	-0.510318525178604	24.3919402515466	-0.683214317544299	0.497005830488947	0.844666697233339	-6.0323213811971	ENSG00000121578
Q9GZZ1	0.180334791854811	26.7624521047261	0.875851041348742	0.384477331775249	0.777077424080961	-5.88669939420242	ENSG00000121579
Q9Y5Y5	0.710886740261564	23.2565993592273	1.58027597362811	0.119110633652687	0.45508096841666	-5.06156090952784	ENSG00000121680
P04040	0.0595635696790744	31.8810805309445	0.576767059564311	0.566176199026803	0.882354619403589	-6.09758610862014	ENSG00000121691
Q8TC07	0.195295661749494	25.8820767808368	0.895337842455117	0.37405469473516	0.769642517538263	-5.87001034484325	ENSG00000121749
P05413	-0.724650561222955	24.8897145921291	-2.13223656719696	0.0369388980485371	0.244451227012952	-4.11336485789532	ENSG00000121769
Q07666	-0.568357810239231	29.2413766926619	-2.67604419682921	0.00950828644413845	0.107347318576095	-2.94637270814535	ENSG00000121774
Q29RF7	0.0854802307997922	26.4266112935504	0.384123260706373	0.702195756606058	0.920893088208955	-6.18790037683545	ENSG00000121892
Q969K7	0.197517988375029	23.5047165045448	0.35536488757179	0.723517254434433	0.930065909578256	-6.19829397739479	ENSG00000121900
Q96S66	-0.452708074248289	25.2979933289469	-0.724832092622569	0.471270148174242	0.82980672773388	-6.00385159091561	ENSG00000121940
P46778	0.0283729047344217	29.9936843644999	0.194301272535874	0.846572522758078	0.968707167377975	-6.24160146049466	ENSG00000122026
Q9H2K0	-0.0279637052776174	23.04173107814	-0.0422892046560968	0.966403467726103	0.993364393875672	-6.25921274836802	ENSG00000122033
O95164	-0.618107469590036	22.9640543466917	-1.37306324458143	0.174657327115507	0.550349558851194	-5.35077807305588	ENSG00000122042
O75995	-0.0392435600992656	27.3497295359958	-0.130801445717477	0.8963540660889	0.976197068580542	-6.25170918976239	ENSG00000122122
Q01968	-0.433544291334488	25.0025017980036	-1.12770675795307	0.263770542416922	0.663747470142812	-5.64364269661975	ENSG00000122126
Q9Y399	-0.463964425804786	25.9100110939749	-2.14846819805715	0.0355734465430114	0.23860025092133	-4.08174484994391	ENSG00000122140
Q06828	-0.954718046211212	26.5572066800846	-3.56409111683102	0.000707654365423247	0.020017081907245	-0.617397627193785	ENSG00000122176
P00747	-0.241664830708704	28.657058985703	-1.36408963793647	0.177449930435274	0.556431552998016	-5.36244579429982	ENSG00000122194
P53621	-0.0351187455611104	31.6117911106428	-0.407939631426256	0.684717331243316	0.911797144470554	-6.17868398123672	ENSG00000122218
P50995	0.0876618256641883	31.0120467171995	0.728776564619323	0.468870609468524	0.82980672773388	-6.00106743064741	ENSG00000122359
Q9BRX8	-0.374874324933277	27.0982533135356	-1.23092137795631	0.222981704602194	0.616802393678702	-5.52709591789407	ENSG00000122378
P46777	0.0679358479469627	31.680197549717	0.471635100232618	0.638835768404459	0.9017787846517	-6.15132893903054	ENSG00000122406
Q16181	-0.0701630259284833	30.6828473661078	-0.824693762848822	0.412693637520015	0.798938038798591	-5.92880651870476	ENSG00000122545
Q13185	0.364800391848924	29.4999276971835	3.54329080051979	0.000755667175578046	0.0209170208549598	-0.677169451562481	ENSG00000122565
P22626	-0.700129262429087	32.3416636570182	-4.08086616053263	0.000129975421138095	0.00814662036167853	0.935926437646049	ENSG00000122566
O95302	0.219344539007498	25.9909796801293	0.563942871937081	0.574818664577087	0.883685586392464	-6.10471331198768	ENSG00000122642
Q9H0P0	0.248264676272548	27.6808297113654	1.55869528428136	0.124137101005515	0.46619807974041	-5.09343561693568	ENSG00000122643
P86791	0.226524810739445	25.7588484899541	0.311196339201442	0.756701401110617	0.939501990040118	-6.21268157200448	ENSG00000122674
Q2TAY7	-0.0544787430014892	27.2417879089729	-0.259298531017884	0.796260277693876	0.952502718023134	-6.22717208935246	ENSG00000122692
Q9H4G4	0.0861443186504118	28.3972065548567	0.391632062414082	0.696667197330229	0.918627247586294	-6.18505415829403	ENSG00000122694
P09496	-0.335374083519273	28.6124089393315	-1.57927165726999	0.119340873800811	0.45508096841666	-5.06305323777069	ENSG00000122705
O60575	0.307334182273443	24.7037975064012	0.300814447828967	0.764569453476409	0.942616977722393	-6.2157888276512	ENSG00000122711
P21399	-0.205268749524677	30.3282521657201	-2.62249866998816	0.01095991966573	0.118346517600307	-3.07076681274787	ENSG00000122729
Q05682	-0.0908556231160205	29.5756587474698	-0.500525533303506	0.618469690757948	0.898113676986203	-6.13762500207477	ENSG00000122786
P51857	-1.02815201119144	25.8958039342339	-1.64916068773962	0.104171486476908	0.427443221108732	-4.95715999586902	ENSG00000122787
Q9NZ45	-0.411848594964923	28.6635073720435	-2.34324832084976	0.0223249145121841	0.183893895521057	-3.68649351858126	ENSG00000122873
P13674	0.61348832347576	26.6703929413293	3.48866162999974	0.000896950339720116	0.0231710408060665	-0.83306344872237	ENSG00000122884
O75436	-0.792558827664443	28.5327682039836	-4.05571382644872	0.000141527372576133	0.0085749862517517	0.857475633690618	ENSG00000122958
P16219	-0.509650992952501	30.5134753355429	-2.66130224079213	0.00988935243680127	0.110307054196074	-2.98081820668853	ENSG00000122971
Q96D96	0.754660185627372	24.8913533500052	1.42493552426886	0.159169123842794	0.532595039483722	-5.28192747914381	ENSG00000122986
Q8TDD1	-0.500267625002564	30.3387800697881	-2.23676086020251	0.0288922840508216	0.215821404012507	-3.90616895340874	ENSG00000123064
Q14571	-0.344704451527097	25.0523749436064	-0.719017782834275	0.474819781638118	0.831468294564116	-6.00792847801385	ENSG00000123104
Q9Y305	-0.154420479002713	27.5530500287275	-0.911240239550584	0.365683162290092	0.762561803111664	-5.85612617722229	ENSG00000123130
Q13162	-0.099736046509193	28.656837955896	-0.182424298590658	0.855859724958437	0.970185627365775	-6.24378449172381	ENSG00000123131
O00148	0.420008946979152	26.5855066462911	2.8443517021108	0.0060142029873665	0.0786461604079366	-2.54266733051514	ENSG00000123136
Q16512	0.862767286559372	22.6945851258082	2.09577202441307	0.0401741075122151	0.25701673669547	-4.18364721352447	ENSG00000123143
Q9BQ61	0.403800169300137	23.4657407139812	0.690910873822769	0.492189309274735	0.841086901747142	-6.0271811419041	ENSG00000123144
P48960	0.220877276261294	27.6784775978263	1.78625321512398	0.0789270303786574	0.369432700991261	-4.73725225820129	ENSG00000123146
O14908	-0.840209555529469	27.2939580114075	-3.55657565075509	0.00072465716325776	0.0203688428414668	-0.639020246457377	ENSG00000123159
Q5W111	-0.10980820364432	23.5953200642562	-0.293279432468883	0.770283823481774	0.943995624264784	-6.21798593350265	ENSG00000123178
Q5T200	0.19089739650774	21.9077192835897	0.522938677286997	0.602872866998991	0.89396966294435	-6.12643719150124	ENSG00000123200
Q9BYT8	-0.119915179585401	25.4564236686085	-0.343217560224635	0.732590920021789	0.932508109502526	-6.20244233461902	ENSG00000123213
Q96CV9	-0.301774600046315	25.7811753406699	-1.30401667316904	0.197028090135096	0.581067699030113	-5.43869787222713	ENSG00000123240
P43897	0.026572618553697	26.4347300244082	0.0537617487640042	0.957297503831214	0.992072562122132	-6.25867293363391	ENSG00000123297
Q9BRR9	0.888740940321913	22.8487128104748	2.0691865273547	0.0426854161112049	0.267554329024224	-4.23422861141227	ENSG00000123329
P55160	-0.0845568026039452	26.4159237565023	-0.254552503268537	0.79990756350107	0.953041917187918	-6.22836538871418	ENSG00000123338
Q99471	-0.418680050609986	26.9555675590802	-1.71485191904645	0.0913457664246152	0.398437514790136	-4.85375409757909	ENSG00000123349
P24941	-0.0807099959775428	23.4544300670718	-0.265191968053186	0.791737562252907	0.952274204106648	-6.22565968395112	ENSG00000123374
Q07954	-0.405093423725148	29.5424508528158	-2.95869045123856	0.00436365789099589	0.0644851666113837	-2.25775018137077	ENSG00000123384
Q5TC12	-0.314789479948615	24.0503091693529	-0.88166100272937	0.381350959729448	0.774778980404128	-5.8817610147542	ENSG00000123472
Q9P032	-0.159512144011618	25.2508182507518	-0.473346847497375	0.637621071403392	0.90099707239251	-6.15053951255686	ENSG00000123545
P60201	-0.35929772747556	22.8495112036234	-1.03620212960066	0.304115355127388	0.702389255192565	-5.7387787058621	ENSG00000123560
P05543	0.271199986256761	23.3513142460387	0.595505140282894	0.553664233694303	0.875618058681854	-6.08688728240044	ENSG00000123561
P51151	0.155677956135833	26.502426916862	0.733600674146843	0.465945396016736	0.82980672773388	-5.9976422095091	ENSG00000123595
Q13287	-0.23666300126165	25.7068060484823	-0.625930252461628	0.533648462428754	0.864780108654976	-6.06879585407598	ENSG00000123609
Q7Z2H8	0.00933839685346882	22.1536923863185	0.0285629349603028	0.977304524911449	0.995421890307053	-6.25968912963706	ENSG00000123643
Q92604	0.335488420616173	23.167502937781	0.685008059884784	0.495881008487496	0.843957284420198	-6.03112847454836	ENSG00000123684
Q9Y3L5	0.163121897182119	27.0997852887679	0.418660341455146	0.676906848521104	0.90878421961662	-6.17435380724266	ENSG00000123728
Q06265	-0.417735202032517	24.0441615739745	-1.42064289901537	0.160409031367456	0.533685447252433	-5.28771579759042	ENSG00000123737
O60825	-0.163097222946266	28.2312403269675	-1.19377749487863	0.237093349176688	0.634639256542757	-5.57015871255413	ENSG00000123836
P04003	0.0190301784013442	27.5080501432564	0.0650771600572496	0.948321051635998	0.988700698605532	-6.25801432453109	ENSG00000123838
Q9UKV8	-0.392856335809565	27.2492045094504	-2.22683257304971	0.0295838882164816	0.217413669062633	-3.9262115728876	ENSG00000123908
O95573	0.0498733073605102	28.2425751337006	0.295201686251908	0.768821921080659	0.94351643232578	-6.21743261297299	ENSG00000123983
Q9ULA0	-0.342502409086947	28.912030350817	-2.0282812493628	0.0468146647360548	0.280219941608899	-4.31096007059419	ENSG00000123992
Q96KR6	-0.177228557231235	22.638025979813	-0.442564437774174	0.65961440261075	0.904691039418433	-6.16430210477304	ENSG00000124098
Q8TCU6	2.01439356126239	23.3398985450474	2.16655656492261	0.0341194777586258	0.234341760096094	-4.04645147695732	ENSG00000124126
P31431	-0.159125867957297	25.7287150937374	-0.518872434771235	0.605688992459576	0.89396966294435	-6.12850297422154	ENSG00000124145
Q969N2	-0.123229695358667	24.9805014071498	-0.233847888651456	0.815870222754067	0.956881825291329	-6.23331385195394	ENSG00000124155
Q9HCD5	0.308750324595401	25.4452407460732	1.33946511646579	0.185288015267942	0.568585001269604	-5.39409355483932	ENSG00000124160
O95292	0.144879790827279	28.8229755781111	0.75097797125545	0.455494757843654	0.824632805985357	-5.98512003362504	ENSG00000124164
P56381	-0.539630605800276	28.1988159064737	-1.03397170181594	0.305243258326881	0.703207219119765	-5.74091406683784	ENSG00000124172
P19174	0.413816585941895	22.5040672348292	1.19625277729094	0.236133284872529	0.63274917144611	-5.56732808680306	ENSG00000124181
Q13247	0.0391365632041882	28.7812818928823	0.165900958607633	0.868772398057087	0.971681223059092	-6.24660978424523	ENSG00000124193
Q9Y6D5	-0.193034332905508	26.8220960683601	-0.771285747816188	0.443454706369945	0.819136714369994	-5.97012168079346	ENSG00000124198
P55060	-0.0741977155322644	32.4540125840779	-0.314511602528326	0.75418695634225	0.938088839629172	-6.21167225507661	ENSG00000124207
Q9UL26	0.289769953524424	25.2959705623751	1.19594859833491	0.236251111876816	0.63274917144611	-5.56767623396652	ENSG00000124209
Q16647	0.13925576507447	22.4601479689279	0.335106717856182	0.73867093916182	0.934528311827964	-6.20513220590236	ENSG00000124212
O95793	0.0577592949185259	26.9779859371539	0.323916843535276	0.74708652607946	0.937166511780836	-6.20873799862391	ENSG00000124214
O95396	0.0371725027094847	23.1060255921113	0.037447216187414	0.970249124052689	0.993813704858371	-6.25940178258179	ENSG00000124217
Q9Y508	-0.325559475771957	23.1698606469918	-0.67544722223356	0.501892458034868	0.846526314155316	-6.03745125020755	ENSG00000124226
P35558	-2.08929665618358	28.286189423514	-4.1711656691077	9.7552702467653e-05	0.00709273182074815	1.20348135729792	ENSG00000124253
P12955	-0.196854785087471	28.0440616641412	-1.18075205996895	0.242191962086335	0.641414652383092	-5.58496186947983	ENSG00000124299
Q5JU85	-0.0689810957923775	23.2880016373782	-0.111421101331273	0.91164081958333	0.98085768999526	-6.25400813173638	ENSG00000124313
P51809	0.347608167429186	24.0729091616346	0.73772371676226	0.463453540485617	0.82980672773388	-5.99469716887191	ENSG00000124333
O95630	-0.0217364836005167	25.5646677150481	-0.100931009216673	0.919929524530346	0.984182008488126	-6.2550991018031	ENSG00000124356
Q9UJ70	-0.0183380702490865	29.5096783080522	-0.151550008542935	0.880031815401966	0.973925276150282	-6.24884044510755	ENSG00000124357
Q96PE7	0.0282454401231327	24.242458596921	0.0507114170817987	0.959717807994437	0.992102598482212	-6.25882908098451	ENSG00000124370
O00566	-0.119364209511666	23.3120433327693	-0.21636119158583	0.829413490014587	0.962500906799222	-6.23716698618638	ENSG00000124383
Q9Y2Q0	0.251576761124252	25.3654455271931	0.916087962110914	0.363155168449802	0.760276390080315	-5.85184640389691	ENSG00000124406
Q8WVV4	-0.169592839234607	29.4560968288931	-0.920348674465973	0.360942561618552	0.758174032552373	-5.84806663601974	ENSG00000124429
Q93008	-0.473875217107619	28.2071972921586	-1.62292273115101	0.109658588801621	0.438472067816508	-4.99738779327262	ENSG00000124486
P00488	-0.592249461434758	30.8553808420031	-3.57361527894477	0.000686652079222373	0.0198160100730093	-0.589953448367442	ENSG00000124491
Q9NXA8	0.0343142413542132	25.6743876986779	0.158573729510791	0.874517915781868	0.972371164695261	-6.24777388070581	ENSG00000124523
Q96S55	0.147096999699752	23.4057563662499	0.268076662782677	0.789526406446796	0.952274204106648	-6.22490703728814	ENSG00000124535
P09234	-1.10789125505428	26.2594324989511	-2.98859696510006	0.004007403313383	0.0619047316370468	-2.18184531827625	ENSG00000124562
P35237	0.154102281332943	28.8507801921705	0.521215883124602	0.604069542622093	0.89396966294435	-6.1273102099229	ENSG00000124570
Q9HAV4	0.0482670093273789	24.1641596817547	0.115060938185082	0.90876706882174	0.979930161416838	-6.25360441048168	ENSG00000124571
P16402	0.953531030570343	27.047907756606	2.27635965484681	0.0262817883762266	0.204336272264256	-3.82561974167979	ENSG00000124575
P16083	0.56424781681935	26.9264559492488	1.96672389847738	0.0536756790840598	0.299851760398073	-4.42390864862909	ENSG00000124588
Q9Y530	-0.192342021350719	23.0594716260581	-0.472742941421229	0.638049504100141	0.901368897890692	-6.15081834706484	ENSG00000124596
Q5JTZ9	-0.363665305563924	26.5354581197673	-1.56463629844765	0.122736725543347	0.462531696190651	-5.08470101011407	ENSG00000124608
P46783	0.0995364980983879	29.1943255318453	0.505869898842769	0.614734274025064	0.897939625005374	-6.13500140190838	ENSG00000124614
Q9H944	0.0236800304006231	22.9236903014551	0.0535537552401114	0.957462154357818	0.992072562122132	-6.25868391864848	ENSG00000124641
Q15814	-0.163012734722066	24.0844608911584	-0.393341129946725	0.695411139093887	0.918627247586294	-6.18439867584692	ENSG00000124659
Q96JB1	0.0664305852632161	24.7654453814553	0.0684344209900885	0.945661463258327	0.988539327237031	-6.25779438747885	ENSG00000124721
Q96P44	-0.648404021728712	23.767805575159	-1.38047551612908	0.172376059161764	0.549694273430874	-5.34108626870409	ENSG00000124749
Q04760	-0.0640346366736964	30.068426597248	-0.423310323131963	0.673527443148947	0.908195356389641	-6.17244322957113	ENSG00000124767
P43307	0.134402876876354	28.7150298150491	0.744835825912996	0.459173099496822	0.827604025453541	-5.9895789825119	ENSG00000124783
Q9H1N7	-0.0638429723187812	22.6050779188922	-0.175887526578665	0.860953080669788	0.970442117244495	-6.24493861222609	ENSG00000124786
O75818	0.0774965291820884	23.3400932378706	0.122620113285779	0.902802842289885	0.977800741991114	-6.25272452646472	ENSG00000124787
P49790	-0.190344776951992	24.0434981053227	-0.427117703738974	0.670766941222584	0.908066566655102	-6.17086191591759	ENSG00000124789
P35659	-0.0543803131583758	28.4048157750629	-0.489383125707631	0.626290088121044	0.899825244544314	-6.14300603991223	ENSG00000124795
O43324	0.419078225802995	26.9186605618894	3.0159203222091	0.00370574453433919	0.0594336027816223	-2.11200412537922	ENSG00000124802
Q32MZ4	-0.207763560171365	28.2456375767398	-0.810528479397995	0.420723629559117	0.803666282268273	-5.94002814303936	ENSG00000124831
Q9H0T7	-0.178026431102946	22.0999685547134	-0.438580620297396	0.662483439690696	0.904691039418433	-6.16601608266885	ENSG00000124839
Q09666	-0.148914445218125	34.1831670960567	-1.10641490163258	0.272803318372031	0.672816144316005	-5.66646973119956	ENSG00000124942
Q9P0I2	0.135036232286598	25.7896485730527	0.739724343020385	0.462247161659526	0.82980672773388	-5.99326230433314	ENSG00000125037
A5YKK6	-0.325683052600969	27.9485477432764	-1.29687971044378	0.199457820445844	0.584754567145799	-5.44754158883214	ENSG00000125107
P00505	-0.205605683881462	31.5475021758047	-1.72901725645682	0.0887615183296216	0.394471523595295	-4.83098274131483	ENSG00000125166
Q8N0X4	-0.790487116001756	27.2651330461758	-2.396350079679	0.0195759356763565	0.169739212541427	-3.57377325415269	ENSG00000125246
P10114	-0.330560725639824	23.4184080626073	-1.09892921099265	0.276029937660204	0.676241278304691	-5.6743959214318	ENSG00000125249
O15439	-0.395497021064692	24.5615878043778	-1.04211127093031	0.30138944411948	0.700245691854932	-5.73286911641733	ENSG00000125257
P52799	-0.0778073050479335	25.5880497074405	-0.363399724084651	0.717537191267632	0.92828714210733	-6.19547111271652	ENSG00000125266
Q99805	-0.744999367189177	28.9948404027466	-3.73537814711512	0.000408927261490782	0.0149656399792566	-0.116747008761019	ENSG00000125304
Q14141	0.0938108895241285	27.2225865573928	0.66752975435089	0.506900375631334	0.84987201506787	-6.04262097264979	ENSG00000125354
O15239	-0.371018859105583	24.4971131612655	-0.565913754847339	0.573486300721081	0.883685586392464	-6.10362827935712	ENSG00000125356
Q99766	-0.285919392754341	25.6050700937232	-0.75631260592288	0.452313838234947	0.824354064136084	-5.98121814521936	ENSG00000125375
Q3KQZ1	0.00428800124831952	22.0851725002732	0.00927521485916939	0.99262920900558	0.997182823919789	-6.26004662146308	ENSG00000125434
Q9Y2R9	-0.161707573080271	27.8959705442257	-1.265354513147	0.210458956133217	0.597374698834224	-5.48605613837571	ENSG00000125445
Q9NZ52	-0.0692618968269727	26.5292192242409	-0.0704530922463233	0.944065777204665	0.988539327237031	-6.25765626736797	ENSG00000125447
Q9BW27	0.252727638485901	26.1833497280516	0.822712860728219	0.413810941634507	0.799092660138177	-5.93038720741273	ENSG00000125450
Q8TCD5	-0.428693980013261	27.0453740630401	-0.906693022600601	0.368084861274033	0.764343773239642	-5.86009958325342	ENSG00000125458
Q9UKN8	-1.1838013016687	25.8152587674792	-1.65166945651692	0.103687957893441	0.426403042528606	-4.95332933727237	ENSG00000125484
Q9BZL4	-0.572699681307022	24.3411548303404	-1.00227516690683	0.320089889561245	0.717730148163264	-5.77208008510614	ENSG00000125503
Q96N66	-0.571661685637725	27.1722117402569	-1.98374355063615	0.0516976279680972	0.294313244115597	-4.39298501962068	ENSG00000125505
Q9BSY4	0.473303437774231	23.1148558125086	0.987729423264827	0.327107932265189	0.723741788153785	-5.78602931451332	ENSG00000125611
Q567U6	0.182280267916827	25.4306952704288	0.419449193364644	0.67633152243535	0.908575899069828	-6.17403249198048	ENSG00000125633
P35269	0.0823538471070258	24.8044727570216	0.359473323646154	0.720457293652711	0.928936875612524	-6.19685841903111	ENSG00000125651
Q9BT30	-0.0633520132036374	23.1379930986174	-0.138948991020309	0.889938884088283	0.975169321159376	-6.25063293272638	ENSG00000125652
Q16740	0.139627056874978	29.6613050924373	1.14261287880686	0.257573889830733	0.658177329544043	-5.62741367318361	ENSG00000125656
Q8NI27	-0.0849858354984221	25.7903447258517	-0.298980638914532	0.765950429555928	0.943016530674842	-6.21633433435951	ENSG00000125676
P62829	-0.355865131327501	29.8441440340535	-1.45841388377796	0.149757541975597	0.519669130426993	-5.23622646705938	ENSG00000125691
P01024	0.117805714108002	33.0334086550066	1.11705233362005	0.268263785357882	0.667659708606357	-5.65511749485481	ENSG00000125730
Q15642	-0.101158861371403	26.2908161983298	-0.298815542156023	0.766075812252501	0.943016530674842	-6.21638260747018	ENSG00000125733
P62316	-0.219128935131547	29.4339120616159	-1.59526277084699	0.11571708588809	0.449433952526891	-5.03918819531277	ENSG00000125743
O95834	-0.394349541691195	28.5233438559928	-3.12280144702029	0.00271747249621926	0.0490674752380253	-1.83436021252824	ENSG00000125746
P50552	0.120005770679171	29.7622562099719	0.757452822265131	0.451635624911773	0.824285416019342	-5.98038064669591	ENSG00000125753
Q92797	0.199833846124221	26.5119602513246	0.967057491567865	0.337256530973953	0.734893495546025	-5.80551373540984	ENSG00000125755
Q9H190	0.384694566861565	24.0954070232456	1.14714054042968	0.255712329493335	0.656194624777664	-5.62244378203356	ENSG00000125775
Q9H115	-0.473479400739066	22.7759755187673	-1.26555470064484	0.210387706692263	0.597374698834224	-5.48581440062732	ENSG00000125814
Q92530	-0.157660588461265	27.5023375958586	-0.658454417165535	0.512673584668548	0.852319834511461	-6.04847284405922	ENSG00000125818
Q8TEA8	0.19899380174099	24.032304857129	0.267032597677858	0.790326496449121	0.952274204106648	-6.22518038267882	ENSG00000125821
Q9BYM8	-0.547235191556211	24.3266452953518	-1.02168747698305	0.310882028076957	0.709289509822052	-5.75315676926068	ENSG00000125826
Q9H1E5	-0.0194882254786428	25.3960270723477	-0.0715256268462705	0.943208674171544	0.988539327237031	-6.257582864235	ENSG00000125827
P14678	-0.348809815090981	27.8509625840895	-1.60212672377841	0.114189046763746	0.445721454547393	-5.02887672540992	ENSG00000125835
Q9P2E9	0.462977722981968	32.6320188710877	4.23408558082197	7.69560891402441e-05	0.00591044442368663	1.41956685937761	ENSG00000125844
P60981	-0.397470391679711	29.4723485786819	-1.63133354564159	0.107868091008096	0.436030170694699	-4.9845466537595	ENSG00000125868
P08579	-0.082047072563249	26.820847700936	-0.370835788541691	0.712018517468428	0.925389179133615	-6.19280263020975	ENSG00000125870
Q9BY32	-0.0876955133467838	27.0637579349009	-0.319906587832748	0.750110120346127	0.938088839629172	-6.21000055085971	ENSG00000125877
Q9BYN8	0.064429308891782	27.0473073934847	0.380488719953334	0.704877616487407	0.922253050754061	-6.18925836033474	ENSG00000125901
Q969V3	0.112852544018697	28.0155201385508	0.655778766169588	0.514382356738845	0.853339516670801	-6.05018306157429	ENSG00000125912
O43390	-0.115599546521171	30.1586345706618	-1.27108612939978	0.208426062003243	0.59489105820224	-5.47912054995868	ENSG00000125944
P61244	0.392746266388347	24.1130156458435	0.781754130046144	0.437321658781938	0.816036556596148	-5.96223699083699	ENSG00000125952
Q9UKM9	0.00501956209000909	29.1764459046854	0.0454348580893751	0.963906098999074	0.992154633017358	-6.25907758024596	ENSG00000125970
Q9NP97	0.177192008771588	28.4411244929046	1.59952800032054	0.114765644709027	0.446693119627642	-5.03278547593157	ENSG00000125971
P20042	-0.190281361702208	27.6835052972187	-0.708930970391937	0.481013291423207	0.835871726619103	-6.01492458987987	ENSG00000125977
Q9Y282	-0.174993072073516	24.6570596150342	-0.409070973954636	0.683891253281408	0.911797144470554	-6.17823246189201	ENSG00000125991
P60602	-0.739369596060918	23.3251736007404	-1.56067895618159	0.123668110224354	0.464756860822469	-5.09052258631578	ENSG00000125995
P49721	0.250862325798398	29.9724031476118	1.71469602828475	0.0913745473332014	0.398437514790136	-4.85400375410155	ENSG00000126067
P06132	0.0457262106757348	27.0363694514229	0.395081160479428	0.694133203912366	0.918627247586294	-6.18372840087637	ENSG00000126088
Q5T447	0.0285105202409142	27.2545630720128	0.145008666460339	0.88517239813489	0.975031286806855	-6.24979034357826	ENSG00000126107
Q07866	-0.3013060685062	26.2646253226947	-1.10604347902512	0.272962790076805	0.672905105917188	-5.66686422854204	ENSG00000126214
Q96CW5	0.0287363492668504	24.3198078534301	0.0490817892894295	0.961011215932799	0.992154633017358	-6.25890873909397	ENSG00000126216
O15068	-0.0748640056562095	22.3368315768884	-0.206890756089338	0.836770259240457	0.966103794968921	-6.23912900832164	ENSG00000126217
Q5JVF3	-0.181207715148034	24.7251374824825	-0.420685701152745	0.675433026968605	0.908575899069828	-6.17352511424361	ENSG00000126226
P04632	-0.0217735607295708	30.0646377368822	-0.142676323635342	0.88700650406525	0.975031286806855	-6.25011890662134	ENSG00000126247
Q9BTD8	0.356138858754278	22.4398276392442	0.818430083174785	0.41623285051529	0.801454002069166	-5.93379200458151	ENSG00000126254
Q9UBT2	-0.294774895616293	27.2844980160047	-1.02027178894177	0.311547421505269	0.709289509822052	-5.75454865230062	ENSG00000126261
P14854	-0.384934050305688	30.0106600304746	-1.45542911050154	0.150585513089207	0.51999143423668	-5.24034295958679	ENSG00000126267
P30044	-0.530841400177579	32.7687897480928	-3.17460148449835	0.00233284251478631	0.044478986829125	-1.69730007912793	ENSG00000126432
Q14653	-0.204535563098883	23.6301333931162	-0.334293833522509	0.739281221724415	0.934528311827964	-6.20539825684132	ENSG00000126456
Q99873	-1.7613689393731	27.274366264547	-3.14475433109081	0.00256258017739195	0.0474775376282495	-1.78029886025268	ENSG00000126457
P10301	-0.585823306126017	28.1020296006233	-4.44337272820098	3.70789457714048e-05	0.00404382982582941	2.09527359594802	ENSG00000126458
P04424	-0.0665848874066342	30.1595527260811	-0.537114076013486	0.593103057451838	0.891538678272224	-6.11911070325522	ENSG00000126522
Q9Y3A5	-0.65725101933393	27.6903535424192	-3.26399809844681	0.00178653080578058	0.0367620848449868	-1.45702026625424	ENSG00000126524
P42229	-0.231057385409724	26.3799909664205	-0.823607001205114	0.41330638552793	0.798938038798591	-5.92967417560723	ENSG00000126561
Q14457	-0.114089976443417	23.6973245530555	-0.129291610480077	0.897544613027253	0.976230148794304	-6.25190119954975	ENSG00000126581
Q12931	0.0246942010796651	29.0355395325494	0.245637990117853	0.806770333814025	0.956623819671774	-6.23054731389678	ENSG00000126602
O75937	-0.20828494194717	28.0678562471477	-1.54080224880363	0.128431969462506	0.477010773802737	-5.11955709277955	ENSG00000126698
Q92979	-0.188911552620205	23.8860724688391	-0.368657195853296	0.713633775737094	0.925432813102111	-6.19359000599539	ENSG00000126749
O60830	-0.04401529703226	22.8855241978684	-0.125907035707679	0.900211175221438	0.977664118399224	-6.25232448011086	ENSG00000126768
Q86UP2	0.0375694631189489	30.5869734942541	0.412707107788517	0.68123886675592	0.910204077595426	-6.17677285847125	ENSG00000126777
P54652	-0.280821729996472	28.7457965667314	-2.6755026715312	0.0095220437195875	0.107347318576095	-2.94764066210194	ENSG00000126803
Q32P41	0.117739941788685	25.8509350037013	0.0814882543981356	0.93532536366194	0.987531394271817	-6.2568341792714	ENSG00000126814
Q8IXI2	-0.0350819870782004	24.0271202727522	-0.0892523997897492	0.929167784232375	0.98569641773234	-6.25618692115505	ENSG00000126858
P35658	-0.0493787013343514	26.2396034549513	-0.201200395492811	0.8411976994019	0.967446610626944	-6.24026573173575	ENSG00000126883
P36507	-0.122257079349364	28.2134773528103	-0.911704035359658	0.365440816120077	0.762561803111664	-5.8557176742308	ENSG00000126934
P55795	0.278199165538446	28.2152928154243	2.03914395808266	0.0456858371829655	0.277421904408364	-4.29071334244177	ENSG00000126945
O60220	-0.283521073407975	27.1738244119052	-1.49864968803389	0.139017557961015	0.498070133746002	-5.17999111727191	ENSG00000126953
P27824	0.0637561903839767	31.9338058297188	0.58284663071032	0.562101491894461	0.88047421331762	-6.09415193352313	ENSG00000127022
Q9HAB8	0.0669050519216654	27.0622271758364	0.335037843197595	0.738722641097494	0.934528311827964	-6.2051547730223	ENSG00000127125
P15954	-0.709179140841922	27.6351230203597	-0.899332858357585	0.372053782113062	0.767325746544072	-5.86642630167387	ENSG00000127184
Q12933	0.109997242051122	23.5483208168346	0.142155502628503	0.887416151920488	0.975031286806855	-6.25019154883802	ENSG00000127191
P61224	-0.0484701724147634	30.4170940505901	-0.484429583391937	0.629780717508371	0.899825244544314	-6.14535968106989	ENSG00000127314
P19075	0.159068461196576	26.888334690979	0.572903901637774	0.568772923728015	0.883685586392464	-6.09974979083444	ENSG00000127324
P35475	-0.101957306339507	25.5494006758415	-0.404255102876899	0.687410355651915	0.91447881663086	-6.18014585799849	ENSG00000127415
Q13526	0.10527689117508	27.2247225738098	0.463649135692915	0.644515882448437	0.903017756164267	-6.15497439817358	ENSG00000127445
Q8N766	-0.0720196834603151	27.6317435328186	-0.551806633895643	0.583055927065161	0.887666649592057	-6.11131212935394	ENSG00000127463
Q5T4S7	-0.210687114537492	28.6559665277304	-1.21774606309842	0.227915118431105	0.622314704410396	-5.54251447565431	ENSG00000127481
Q5SSJ5	-0.188784135824925	30.2121304114565	-2.28766165274181	0.0255658378747582	0.201147147526741	-3.80223352225525	ENSG00000127483
Q96K37	-0.152957717065039	26.1387554069634	-0.241501014769151	0.80996597492982	0.956623819671774	-6.23153042045619	ENSG00000127526
Q9UBC2	-0.285893807863495	26.9378776699672	-1.39941110578417	0.166651961186701	0.542188997702322	-5.31610515478228	ENSG00000127527
O14957	-0.417266152158177	26.6079707291865	-2.28148114780823	0.0259507808495584	0.202735828041034	-3.81495853978502	ENSG00000127540
P55789	0.439563377204504	23.8932041756231	1.29229027783124	0.20103206379874	0.586534860338857	-5.45320430865065	ENSG00000127554
Q9UPN3	0.240015849643889	28.9588070841814	1.7593251673322	0.0834347175885851	0.381046494983714	-4.78169292134488	ENSG00000127603
P51532	-0.0708401608843765	23.3942559920716	-0.161041005281765	0.872582472134351	0.972250147231021	-6.24738776399457	ENSG00000127616
Q86W50	0.0876348124452377	22.4498987156208	0.304919618644333	0.761444272749349	0.941105081437488	-6.21458014138592	ENSG00000127804
P68366	-0.102940718351988	29.0896944414574	-0.815077866837763	0.418134492448613	0.802405808888372	-5.9364448827885	ENSG00000127824
P09327	-0.321322662000092	32.462229803716	-3.64502151732788	0.000547060787676599	0.0175477792658853	-0.382700984758774	ENSG00000127831
Q13685	-0.144270017313676	25.8127346558705	-0.626799843096751	0.533081935475183	0.864632895343894	-6.06826569626752	ENSG00000127837
P30084	-0.536526833221068	30.9785792623431	-3.10344801630737	0.00287583227047949	0.0502625428555278	-1.88515332046267	ENSG00000127884
Q99996	0.166988544587877	27.470195791519	0.507360907485708	0.613693958533029	0.897939625005374	-6.13426452220119	ENSG00000127914
O00291	0.577433495163028	24.55595731914	1.13629291031203	0.260188432286718	0.660139965262394	-5.63431946025576	ENSG00000127946
Q05209	0.61545154306383	23.6755373173109	1.28383686894502	0.20395597710667	0.589619670058124	-5.46358492657849	ENSG00000127947
P16435	-0.0131068205213758	29.3868104776848	-0.143777214356745	0.886140708610502	0.975031286806855	-6.24996448475091	ENSG00000127948
Q14314	0.139915909692586	24.9374031692057	0.229548053546217	0.81919535169	0.958203377514335	-6.23428900977046	ENSG00000127951
Q687X5	-0.417324746328841	23.98478076853	-0.727411788415995	0.469700058841717	0.82980672773388	-6.00203242200837	ENSG00000127954
P63096	-0.112152433509571	25.7747596833794	-0.568224425941383	0.57192614411629	0.883685586392464	-6.10235141337269	ENSG00000127955
O43556	-0.669257700600394	23.5862406937373	-1.42424184333699	0.159368986149487	0.532595039483722	-5.28286396724786	ENSG00000127990
Q96PB1	-0.288747589613244	25.237570331096	-0.501705996442496	0.61764373806702	0.897939625005374	-6.1370478790182	ENSG00000127995
P22234	-0.0908725045570193	29.8865256724295	-0.955928630687128	0.3428050432512	0.740405163867891	-5.81583787650481	ENSG00000128050
Q06203	0.154872486805022	25.4669957328312	0.533036109517351	0.595906010311808	0.892433047957529	-6.12123826969349	ENSG00000128059
Q9HCN8	0.73248636052573	28.4675239826306	3.99798542851729	0.00017190501577329	0.00981194235106624	0.678458473402315	ENSG00000128228
Q04917	-0.0380178574921324	30.9665361768907	-0.277431448719547	0.782367864872555	0.949485591087321	-6.22241039486434	ENSG00000128245
O95236	0.463670963230602	22.6770105539164	1.12168489768754	0.266303539121915	0.665992452032236	-5.65014106513648	ENSG00000128284
Q6UXY1	-0.0247235043263814	22.5479045576904	-0.0518714218007459	0.95879719788302	0.992074856506437	-6.25877079366981	ENSG00000128298
P25325	-0.246630172822403	30.363771091545	-1.82509917171172	0.0727833124050977	0.355845158417633	-4.67207546425847	ENSG00000128309
Q16762	-0.457981364133158	31.7916610225464	-2.9379624761318	0.0046275910594549	0.06623163791918	-2.3100261185246	ENSG00000128311
P15814	0.504955844431059	22.9070685657673	1.42587020567349	0.158900132096228	0.532237358919368	-5.28066495993178	ENSG00000128322
Q9BQE5	1.13423840694587	25.5440747541562	1.70769205558428	0.0926911937053576	0.402104279455302	-4.86523279903143	ENSG00000128335
P15153	0.611746979034255	30.6794673795667	2.95011261665763	0.0044711393938631	0.0657173129777237	-2.27941667902819	ENSG00000128340
Q5J8M3	0.120809086179968	23.864614737663	0.289451059155839	0.773197844940907	0.945135137516872	-6.21907719210096	ENSG00000128463
Q5M775	0.258603960964667	23.4577403125452	0.507053813509541	0.613908160948385	0.897939625005374	-6.13441646865755	ENSG00000128487
Q16864	0.38437299522824	25.6768348206757	1.27650029089383	0.206519186761012	0.593929184154424	-5.47254182395656	ENSG00000128524
O95777	0.127577216605108	27.0511071527272	0.724153788638919	0.471683478517865	0.82980672773388	-6.00432886784248	ENSG00000128534
O00592	-0.284182088408357	24.4306234098992	-0.435190742236628	0.664928741299615	0.904691039418433	-6.16746239992268	ENSG00000128567
Q14315	-0.638764425961124	29.7117809009142	-3.95641070526512	0.000197575861623314	0.0102834068647329	0.55044636542675	ENSG00000128591
O43852	0.131006346721943	29.6327094597456	0.83584979932258	0.406435476536332	0.794085508259628	-5.91983502307149	ENSG00000128595
Q16718	-0.296558433261161	29.3379874962254	-1.48589811668752	0.142351963758623	0.503401594277412	-5.19796675292586	ENSG00000128609
O15235	-0.309585329691309	24.206689721555	-0.589654356485281	0.557556044564228	0.877200439654024	-6.09026419173928	ENSG00000128626
O43795	0.268368520325406	28.0773904027935	1.60537705344569	0.113471162119791	0.445308002028273	-5.02397969435079	ENSG00000128641
O75431	-0.708297306219549	27.154566455004	-3.34194784066783	0.00141080100386586	0.031684055036917	-1.24373023061379	ENSG00000128654
Q9P0S3	0.693650873770405	24.251868683929	1.44463137460087	0.153575076145875	0.52455492842239	-5.25515988511944	ENSG00000128699
O14929	0.17421830941699	26.2637208836338	0.659700213604534	0.511879006997174	0.851757974425609	-6.04767421631785	ENSG00000128708
P63162	-0.348809815090981	27.8509625840895	-1.60212672377841	0.114189046763746	0.445721454547393	-5.02887672540992	ENSG00000128739
Q969U7	0.0260399259641027	24.9509523692641	0.0872712716023718	0.930735943903148	0.986070157781983	-6.25635820556342	ENSG00000128789
Q6ZS81	0.826506892345666	23.7620180932742	0.984924760481123	0.328481394400498	0.725239864722484	-5.78868790807681	ENSG00000128815
Q9NQX4	0.238287699918359	26.3896591812824	0.732583846934468	0.466561108531079	0.82980672773388	-5.99836602503642	ENSG00000128833
Q9NZR1	0.380840042389185	24.1047404685323	0.980063350922251	0.330847546767006	0.729523523057212	-5.79330157034926	ENSG00000128872
O94788	0.867963344342286	23.8352499334607	0.900251630685482	0.371471857017249	0.766996976406406	-5.86572805394145	ENSG00000128918
P26440	-0.243770640798399	29.2129018288617	-1.76368984094307	0.0826898973719863	0.378914294428102	-4.77453098043033	ENSG00000128928
P33316	0.0152889857448137	27.4731966547795	0.0943755927670685	0.925113848127491	0.985606697198344	-6.25572615853	ENSG00000128951
Q709C8	-0.838940277579692	27.502248084152	-2.35912478003662	0.021473217752715	0.178015010487313	-3.65310428789732	ENSG00000129003
Q96GE6	0.47690603285599	25.1170742870903	0.670441596506493	0.505061058076211	0.849010062312821	-6.0407206666149	ENSG00000129007
P53618	-0.0935818017966099	30.9291200422747	-0.901519873397791	0.370785947675466	0.766461140494096	-5.86464116152576	ENSG00000129083
P25786	0.326999968377105	30.6476318937554	2.94502452047402	0.00453604945068105	0.0658085276756551	-2.29224641162178	ENSG00000129084
Q8NBJ7	0.00768292708668028	28.1502347878491	0.065749870511456	0.947787617792198	0.988578018328397	-6.25797121698167	ENSG00000129103
Q8WX93	0.0114068804066676	28.9432232478433	0.0723991181202773	0.942516345249835	0.988539327237031	-6.2575212877047	ENSG00000129116
P61009	-0.00386353078826929	28.0180310784482	-0.020034775918012	0.984079693863989	0.996188600782489	-6.25989214331229	ENSG00000129128
P32321	-0.367533266122916	25.7371422528088	-0.438837093333955	0.662320153827311	0.904691039418433	-6.16588715156575	ENSG00000129187
P04278	-0.598229642877154	22.5131729489034	-1.80681456559022	0.075623331464917	0.362686039118903	-4.7029104923767	ENSG00000129214
P34810	-0.406379497102524	24.6032407279491	-0.656371340797692	0.514003654834625	0.852970763789778	-6.04980489263363	ENSG00000129226
Q9BRA2	0.11343172935144	29.2250436542594	0.955852849286082	0.342843029298812	0.740405163867891	-5.81590778093122	ENSG00000129235
O43896	0.0951638399258563	24.2752107127238	0.186006783626384	0.853044088176947	0.96894755612696	-6.24314572776414	ENSG00000129250
O75352	-0.00382349415811589	27.4125973898603	-0.0233873343742303	0.981416096372771	0.995444274324092	-6.2598208346243	ENSG00000129255
Q12906	0.0605685902580184	31.4602209964862	0.667383472828839	0.506993153312998	0.84987201506787	-6.04271592237203	ENSG00000129351
Q8IWA5	-0.467453712616162	26.5724788671204	-1.63607874170225	0.106868437036621	0.432630725434814	-4.97727516882959	ENSG00000129353
Q9Y6Q5	-0.483085275096958	28.4641756333899	-2.58632298070468	0.0120518981560522	0.12614011640106	-3.15367875243757	ENSG00000129354
Q9ULD2	0.213246918333471	22.8248820169916	0.445853785467762	0.657249360381541	0.904691039418433	-6.16287530691382	ENSG00000129422
Q8NEJ9	0.243868057579189	23.0016728649831	0.610091355002816	0.544021535166013	0.870769877284913	-6.07832508863723	ENSG00000129460
Q9Y572	0.228243229294712	25.5615610913541	0.732284386120798	0.466742527133508	0.82980672773388	-5.99857900442622	ENSG00000129465
Q86XA9	-0.00832284978859121	23.5796274841486	-0.0248854831037265	0.980225888550605	0.995421890307053	-6.2597854094536	ENSG00000129493
Q9UNH7	0.249239925640833	28.7014981662547	2.05889473104107	0.0436934900014502	0.270576716224596	-4.25365954094472	ENSG00000129515
P07998	-1.24944229310064	24.242897622601	-2.62249518333026	0.0109600204269494	0.118346517600307	-3.07077484799548	ENSG00000129538
Q15843	0.084282794538364	28.0425680508908	0.461940294555948	0.645734097295315	0.903814295394978	-6.15574642768816	ENSG00000129559
P61803	-0.465865245182975	28.2202271904065	-1.63785717306746	0.106495723471714	0.432630725434814	-4.97454494457798	ENSG00000129562
Q99973	0.0869707792223195	25.5359490671808	0.148709284504512	0.882263702633066	0.975031286806855	-6.2492580693519	ENSG00000129566
Q00765	-0.174916771117768	28.2894705193466	-0.561885450845592	0.576215676059261	0.883685586392464	-6.10583739067108	ENSG00000129625
Q8TB96	-0.0385754825032762	24.6424390220529	-0.129434740878034	0.897430868820039	0.976230148794304	-6.2518833619084	ENSG00000129636
Q15052	0.0240954655785046	26.8501555029632	0.0618924231623351	0.950846744976753	0.989251460912291	-6.25821238723583	ENSG00000129675
Q9UBL3	-1.02946174192381	24.6247849612914	-2.25304249503543	0.0277889363988897	0.211938938330068	-3.87313753061454	ENSG00000129691
P22090	-0.396487379120337	23.9052818616216	-0.617978876441573	0.538843091319613	0.867340545628485	-6.07360982174502	ENSG00000129824
Q9BU89	-0.061644274775773	22.8780973831044	-0.164079278794452	0.870200185918939	0.972116389555013	-6.24690410571041	ENSG00000129932
P18428	0.341957660771701	23.1489735905627	0.841475594509727	0.403301717197137	0.791514322635313	-5.91526618290171	ENSG00000129988
Q08623	0.76884628789422	25.9178698633982	1.70242560881249	0.0936634670522106	0.404071903351032	-4.87359004715326	ENSG00000130021
Q9NY28	-0.454735206064758	23.3541609724864	-0.701110989869494	0.485845765482427	0.836812812052665	-6.02028155762574	ENSG00000130035
Q9BSW2	-0.522050621496561	23.4639839043853	-1.08431734937727	0.28240478360575	0.681956781765258	-5.68971865514716	ENSG00000130038
Q8NHP6	-0.174745227290913	23.2029181575971	-0.381621297750755	0.704041503492957	0.9220141979499	-6.18883657014909	ENSG00000130150
Q96HP0	0.389267884274425	21.91552727778	1.02117304826771	0.311123705690442	0.709289509822052	-5.75366276339732	ENSG00000130158
Q9BQ95	0.107787443090803	24.6304897253783	0.353517720518891	0.724894503419598	0.930958484961627	-6.198934054604	ENSG00000130159
P01130	0.798526834436828	25.5349726932052	0.69387926051068	0.49041121065828	0.83962710572044	-6.02510507332374	ENSG00000130164
P14314	0.283254791750899	31.1998700704922	2.15964556155872	0.03465900571829	0.235001014801884	-4.05985138742853	ENSG00000130175
P51911	-0.879281500806073	29.4962379972767	-3.28335416948321	0.00168700611986793	0.035934548326718	-1.40507179281241	ENSG00000130176
Q13042	-0.230227322960243	25.8493604317573	-0.349621490541669	0.727809353698162	0.932068114030832	-6.20026814048024	ENSG00000130177
Q8WUY1	0.0172808527776205	26.5602873096176	0.0625110213481457	0.950356117960383	0.989251460912291	-6.25817469328305	ENSG00000130193
Q92692	-0.0925267896503641	25.4780145888279	-0.425246637171337	0.672122972870036	0.908195356389641	-6.17164078193501	ENSG00000130202
P02649	0.102705451341976	28.6371602672488	0.581093240429083	0.563275175341209	0.881123344319671	-6.09514602716408	ENSG00000130203
O96008	-0.577302724277374	27.7615463316346	-1.88540722998149	0.0640424317673591	0.334185053040583	-4.56840955114315	ENSG00000130204
P02654	-0.64888531242708	27.5130490187502	-1.60328425239288	0.11395313974699	0.445721454547393	-5.02715782828305	ENSG00000130208
Q9UIA9	-0.506711263520042	27.7076964747733	-2.43944755826814	0.0175718236267551	0.159432868946249	-3.48075999778006	ENSG00000130227
Q17RN3	-0.740052352428588	25.0085000621413	-2.78338887198392	0.00711362227395796	0.0863932789752623	-2.69108802836605	ENSG00000130244
Q14151	-0.355024613798609	23.8010467660194	-0.776974140862917	0.440115857612928	0.816585927218465	-5.96585015961435	ENSG00000130254
Q9Y3U8	0.312252596223054	29.0254538873658	1.21183506926451	0.230154157084535	0.625606871662582	-5.54938056519074	ENSG00000130255
Q969Y2	0.0758941980088039	22.2111261408383	0.183404881533161	0.855076267891443	0.969987703102151	-6.24361628637475	ENSG00000130299
Q9BX97	0.0836030155212235	26.882769359411	0.318475160532869	0.751190322902744	0.938088839629172	-6.21044741229536	ENSG00000130300
Q10589	-0.146528228415942	26.487859248451	-0.370353941787578	0.712375655965577	0.925389179133615	-6.19297717454797	ENSG00000130303
Q96P11	0.394142833729784	22.532879782345	1.29956597876557	0.198540680306122	0.583011039533524	-5.44421830252739	ENSG00000130305
Q8NBJ5	0.298636013572004	27.7405768246848	2.05870852291308	0.043711917024612	0.270576716224596	-4.25401032824363	ENSG00000130309
Q9BQ48	-0.460165508825146	23.7143124760764	-0.664612898975313	0.50875208810287	0.851511705471133	-6.04451039940743	ENSG00000130312
O95336	0.235942801876863	29.8469264782114	2.94500654434014	0.00453628031836936	0.0658085276756551	-2.29229170952719	ENSG00000130313
Q9UK45	-0.490674306987909	25.4859886792814	-1.09382367988995	0.278245852171441	0.678584993023572	-5.67977224128128	ENSG00000130332
Q9Y5X1	0.099770033916954	28.8423386151499	0.709933355600812	0.48039579651656	0.835338031138404	-6.0142336946084	ENSG00000130340
Q8WWV3	0.0119247321370608	25.61753003505	0.030774521221806	0.97554779081847	0.995421890307053	-6.2596248482816	ENSG00000130347
Q9H0R6	-0.0561153154048171	23.0457685543933	-0.188388583978321	0.851184690940488	0.96894755612696	-6.2427091704175	ENSG00000130348
Q9P0P8	-0.0715682399961644	25.5256423663933	-0.249252538834773	0.803985830955866	0.955323756992255	-6.2296719680969	ENSG00000130349
P55196	-0.213363226288443	28.1539071613392	-1.64532578031162	0.104942001968372	0.428867378224654	-4.96304963888621	ENSG00000130396
O43707	-0.053328128789758	34.286866712585	-0.850407620872748	0.398356828274235	0.788512970843142	-5.90795079435425	ENSG00000130402
O95299	-0.181973599467373	29.6297240751374	-1.76495189767602	0.0824755622258409	0.378914294428102	-4.77245710545123	ENSG00000130414
O15143	0.0189399969254751	30.6698821756143	0.11588641960153	0.908115497338917	0.9798088260762	-6.25351104581265	ENSG00000130429
Q66K74	-0.30789558840474	27.0429728096	-1.55560651095624	0.124870194366962	0.467906971451041	-5.0979646916828	ENSG00000130479
Q92626	0.974365243258568	28.3073727311643	3.434165531654	0.00106263438020664	0.0258685056931553	-0.986982816272769	ENSG00000130508
Q9NXJ5	-0.171706063328337	22.8161199641644	-0.516470436662697	0.607355354693591	0.8955305828552	-6.12971575811575	ENSG00000130517
Q9Y4Z0	0.26701138775493	27.6117153986784	1.66401637693213	0.101134404447887	0.422415823056156	-4.9340727810691	ENSG00000130520
Q8TD43	-0.573136088588576	28.6026697595953	-3.04558236521998	0.00340227885412451	0.0565628859498201	-2.0356571350722	ENSG00000130529
Q9BSL1	-0.474148872055153	23.5051802228002	-1.04652929126073	0.299362312220914	0.698759078688138	-5.72842958733662	ENSG00000130560
P33241	-0.0575325964447089	27.8504713385318	-0.262262106731083	0.793985096711304	0.952502718023134	-6.2264157993539	ENSG00000130592
P20908	-2.48984453780329	26.1246296186086	-3.59891840725697	0.000638043144383878	0.0190122910728158	-0.521763899679084	ENSG00000130635
Q9UBB4	-0.128991641571783	25.9108290988686	-0.580524109421132	0.563656399993428	0.881197921205322	-6.09546806225845	ENSG00000130638
Q9BSJ2	0.0535966854884435	25.0613083408692	0.15930843542876	0.873941497996399	0.972371164695261	-6.24765952553263	ENSG00000130640
P02008	0.017161865249026	23.5747337323609	0.0274526451075923	0.978186506907784	0.995421890307053	-6.25971959442262	ENSG00000130656
O00268	0.391617939522916	22.6667905966974	0.978211918493879	0.331754931492774	0.729549463066278	-5.79504966550712	ENSG00000130699
O15230	-0.551704870436911	28.8922026331455	-3.86060380663773	0.000271525723981568	0.0122050757563685	0.258433920239912	ENSG00000130702
Q9H1P3	-0.0423010339096841	23.3724870107824	-0.0942989520616997	0.925174478820976	0.985606697198344	-6.25573324071229	ENSG00000130703
Q16186	0.204827063288892	25.5636628959986	0.585170344542629	0.56054791261855	0.879869823692848	-6.09282992922443	ENSG00000130706
P00966	0.452008044555065	30.7244537961802	2.05385285987089	0.0441948084435662	0.27200258514985	-4.26314792436524	ENSG00000130707
Q13868	0.0460551945239551	24.2520810863514	0.122804712356438	0.90265726153542	0.977800741991114	-6.25270233950409	ENSG00000130713
O43633	0.178301376933053	26.9728784154569	0.950245162288353	0.345661573340301	0.745901289839596	-5.82106566264636	ENSG00000130724
P61081	-0.0715262341174494	27.3682239954443	-0.364577316340871	0.716662225509607	0.928035885942504	-6.1950521117328	ENSG00000130725
Q13263	-0.14883465473067	29.8387060650163	-1.92707252430088	0.0585363870561621	0.316351752841677	-4.49504285448314	ENSG00000130726
Q96S19	0.193406555946684	25.6257476795071	0.694701720737944	0.489826447543386	0.83962710572044	-6.02462854700369	ENSG00000130731
P41091	0.0489918950927546	29.5413023985284	0.435318814353947	0.664836289368886	0.904691039418433	-6.16740795967618	ENSG00000130741
Q9UPT8	-0.232974689350524	23.6776975998078	-0.914884756235379	0.36378156965635	0.760913271705437	-5.85291070506327	ENSG00000130749
O60234	0.674113047800741	26.636599422857	4.49372585178113	3.10328661139203e-05	0.00345351467182056	2.26028847353859	ENSG00000130755
Q5VV41	-0.0678815328973208	26.3966043547344	-0.255581057609563	0.799116744892341	0.953041917187918	-6.22810864492616	ENSG00000130762
Q8N1G4	0.101158120963245	28.7047177382358	0.935961250023062	0.352909097178558	0.750551211745193	-5.83407073713262	ENSG00000130764
Q92485	-0.0281021906665551	22.7489078840692	-0.0664608982043175	0.947223825896057	0.988539327237031	-6.25792517220587	ENSG00000130768
Q9UII2	0.275711801256755	25.9807733191218	0.424881360712406	0.672397565608488	0.908195356389641	-6.17178402064733	ENSG00000130770
Q5TEJ8	0.459925532218183	24.311889224918	2.06797874353267	0.0428026650798918	0.267569243335172	-4.23651325892448	ENSG00000130775
P30622	0.038380694480658	26.5460078787252	0.175612544113707	0.861168204318366	0.970442117244495	-6.24498593453306	ENSG00000130779
O75146	0.111085864378136	26.664603205555	0.475358995087444	0.63619447686819	0.900553762545728	-6.14960791734972	ENSG00000130787
Q9NQ55	-1.72315153427465	25.9054459143382	-1.44260990709559	0.154303582783738	0.524901707373501	-5.25795670747036	ENSG00000130810
O75821	0.0139743562193999	28.4495255147947	0.108986840633602	0.913563398152502	0.98085768999526	-6.25427089531657	ENSG00000130811
Q9NUL5	-0.182517500814111	22.9997280449562	-0.492954793513004	0.623778532810121	0.899037114426398	-6.14129424821781	ENSG00000130813
P26358	0.127099592462251	25.5238926371139	0.318611159638843	0.75108767195093	0.938088839629172	-6.21040504210304	ENSG00000130816
O60832	-0.0862175728189101	28.5177909419896	-0.639739366211522	0.524688969540021	0.85953430229466	-6.0602911319973	ENSG00000130826
Q00013	0.100183624381017	25.9214038222824	0.539660026428123	0.591356264581081	0.891501819721093	-6.1177742808843	ENSG00000130830
Q9H8H0	-0.140075146564282	22.8385156898476	-0.332972372404395	0.740273683205205	0.934627021605365	-6.20582938723225	ENSG00000130935
O95155	0.000888587283075282	23.1305640567018	0.00148846654762731	0.998817134512867	0.999391935659059	-6.2600876773312	ENSG00000130939
O00757	-0.115432280945214	23.9974392714716	-0.131400960148851	0.89588275979918	0.976133012393579	-6.25163190429759	ENSG00000130957
P22314	0.176466805106983	32.4479742614233	2.60923140566027	0.0113494897703906	0.121350524937138	-3.10128075384027	ENSG00000130985
Q8WUA2	-0.16201384361111	24.8959123046772	-0.443131412352475	0.659206498179447	0.904691039418433	-6.16405692077605	ENSG00000131013
Q02952	-0.642244093326322	27.2782789389227	-2.26558412992225	0.0269645739165669	0.207573521538142	-3.84755591829612	ENSG00000131016
Q8NF91	0.6651717383772	28.1393906269972	0.742271968989426	0.460823678587898	0.828783482631863	-5.9913098834695	ENSG00000131018
Q8TE68	0.213937303381428	23.8469122034798	0.529352669847212	0.598443092578661	0.893202947043432	-6.12314619579981	ENSG00000131037
Q9Y312	-0.177061110894059	23.3253038107586	-0.454985623574844	0.650702029091006	0.904691039418433	-6.15885924274568	ENSG00000131043
Q14498	0.0158093097953724	27.8908694723082	0.159152834317735	0.874063570041126	0.972371164695261	-6.24768378854766	ENSG00000131051
Q9UJ14	-0.26235153633311	23.3706957592899	-0.43835743531788	0.662644322124948	0.904691039418433	-6.16611164915138	ENSG00000131067
Q9NR19	-0.508705982346473	28.3078382856927	-3.74740251166837	0.000393281171027786	0.0146628690737605	-0.0810497544411142	ENSG00000131069
P10082	-2.62807312347359	24.9919922871762	-5.44978507234238	9.16405419231547e-07	0.000249857937553481	5.54141816494411	ENSG00000131096
P36543	0.259064928080232	28.1693199458051	1.83807147756761	0.0708230835430064	0.349500700959288	-4.65003066394886	ENSG00000131100
P13073	-0.719783339155875	32.3619886012725	-4.40139969922219	4.29808553173887e-05	0.00426135643719492	1.9584275897465	ENSG00000131143
O43402	0.494072622527177	24.4084726920155	0.630885519278656	0.530427213054714	0.862379127247274	-6.06576205741691	ENSG00000131148
Q9HD42	0.148950989263756	26.2194425320122	0.402077408044054	0.689003948970723	0.915568856911604	-6.18100367957846	ENSG00000131165
O75368	-0.120680995260546	29.6853461598925	-1.10784853442268	0.272188395007239	0.672267393113951	-5.66494584096476	ENSG00000131171
P00748	0.140623072244555	24.9506027901402	0.315974711614651	0.753078442163493	0.938088839629172	-6.21122320811838	ENSG00000131187
P14902	0.831305224173605	23.092879991162	1.52788116026216	0.131606351155269	0.483591262028088	-5.13824690369097	ENSG00000131203
Q01518	-0.0671173797214948	32.6328404994093	-0.526893061805227	0.600140013690083	0.893600115882127	-6.12441291047908	ENSG00000131236
P50897	0.0501173178791738	27.9255218464805	0.406607017616841	0.685690868052357	0.912859449094116	-6.17921423293315	ENSG00000131238
O75027	-0.582905381007883	26.1405701397937	-2.18473876262367	0.0326806567690111	0.230242404859712	-4.0103470858207	ENSG00000131269
P82663	-0.0961819330003593	26.4486162378453	-0.573295154842473	0.56850966735746	0.883685586392464	-6.09953131180655	ENSG00000131368
Q92609	-0.272023008803608	24.057887916994	-0.465581064299519	0.643139807600815	0.902647786771382	-6.15409817232925	ENSG00000131374
Q9Y6W3	-0.179696016062994	23.0876313603999	-0.43786805708539	0.662997145220137	0.904691039418433	-6.16632102881741	ENSG00000131375
Q14699	0.239158742054336	26.2566386452861	1.06967181531467	0.288896192134558	0.688001530848363	-5.70487874330425	ENSG00000131378
P50479	-0.459424013000103	24.8292232893617	-1.18220024107501	0.241621219891447	0.640836824935828	-5.5833236970976	ENSG00000131435
P26572	0.365613433954504	25.3335458840568	1.06904717095372	0.289175328110763	0.688001530848363	-5.70552092249858	ENSG00000131446
P23258	-0.324363552232892	26.1251350689145	-0.904278394846069	0.369333258162355	0.764606779331558	-5.86223374316377	ENSG00000131462
P61289	0.583008072623546	27.4788241889038	3.56529806128509	0.000704959431055157	0.020017081907245	-0.613922396391295	ENSG00000131467
P61353	0.082436016697315	30.6022224307076	0.350003268480614	0.727518928736298	0.932068114030832	-6.20014155108944	ENSG00000131469
Q16853	-0.962078199160754	30.4762685385091	-6.16240814361908	5.823658857582e-08	2.64636764586622e-05	8.11929244282207	ENSG00000131471
P53396	0.130987774426728	30.1260521978982	0.964006386658573	0.338771804713298	0.735758766015176	-5.80835574552412	ENSG00000131473
Q9BRG1	-0.0658544975067201	27.0722405765549	-0.419940690197424	0.675974324779443	0.908575899069828	-6.17383099328538	ENSG00000131475
O43678	-0.0303876714360172	28.1701454919809	-0.166447035183699	0.868344481807965	0.971681223059092	-6.24652092436079	ENSG00000131495
Q8IWZ3	0.00405166783130895	25.9860920507626	0.0109799417698713	0.991274554398633	0.997028532073778	-6.26002970738765	ENSG00000131503
O60610	0.0214563000845729	28.2649888137219	0.15991204467141	0.873467984123563	0.972371164695261	-6.24756518002962	ENSG00000131504
Q96A65	-0.229654260737448	29.2431862019415	-1.02665894229468	0.308552981634481	0.707841568722265	-5.74825413546874	ENSG00000131558
Q13136	0.377381746063506	23.6856462245516	1.12447627404527	0.265127268299176	0.665319371392271	-5.6471329554456	ENSG00000131626
Q86W42	-0.136890860749805	24.5384351061504	-0.390754798052271	0.697312263281586	0.918627247586294	-6.18538951450958	ENSG00000131652
P46821	-0.309958063507182	25.920651881842	-1.30852735465075	0.195503946507883	0.579815166991385	-5.43308484291873	ENSG00000131711
Q5JSH3	-0.158600478559588	24.6932853297635	-0.347082520635371	0.729699691078862	0.932299066413551	-6.2011380220107	ENSG00000131725
Q9UD71	0.656000001922436	23.0159133587039	1.35814247047535	0.179319382175564	0.559398507438988	-5.37013884062698	ENSG00000131771
O96011	-0.123832491776902	26.9446398320165	-0.645131220054023	0.521212217564851	0.857079205176621	-6.05692071330849	ENSG00000131779
P49326	-0.783411142746683	25.5681918693567	-1.8664351433206	0.0666911977735909	0.339423354629152	-4.60134501251704	ENSG00000131781
P08559	-0.425457186928654	29.9702546858527	-3.05973650252472	0.0032657858065533	0.054615290031022	-1.99903355517492	ENSG00000131828
Q9HCC0	-0.286214998378441	28.8920763146565	-2.85526451284396	0.00583478010709791	0.0774137613722747	-2.51584020231109	ENSG00000131844
Q9HBJ7	-1.38556146659199	28.4713928999742	-2.63840109233989	0.0105692867854002	0.115964428251081	-3.03719471362349	ENSG00000131864
Q9BQE4	1.48182488801897	24.9906830231992	2.33946644634063	0.0225332225976451	0.18477242530069	-3.69444141075211	ENSG00000131871
P09661	-0.32540197390847	28.163905136911	-1.65264569581178	0.10343714614825	0.426299589503041	-4.95173683951727	ENSG00000131876
Q15334	-0.639167407301059	25.7190725019019	-1.37983953761282	0.17257089400687	0.549694273430874	-5.34191975365592	ENSG00000131899
Q8IUC4	-0.382757336180418	24.4250840864458	-0.63279551343815	0.529184331429147	0.861720690647627	-6.06459058434319	ENSG00000131941
Q9NZ32	0.0434217707070488	25.5377217324425	0.180094758576808	0.857663015678519	0.970185627365775	-6.24420535798746	ENSG00000131966
P17931	0.0139248045775417	33.7262107757897	0.0893116894611825	0.929120857873268	0.98569641773234	-6.25618173585169	ENSG00000131981
P25685	0.205115811355462	27.7223628765224	1.74790086983437	0.0854106244268579	0.387229702872255	-4.80036311686864	ENSG00000132002
P22670	0.291683133431096	23.135550781196	0.778074485898259	0.439471710120161	0.816585927218465	-5.96502033880018	ENSG00000132005
Q6P1N0	0.171282386670118	27.1817103832019	1.35508902392442	0.180285021135234	0.560487012685536	-5.3740763911839	ENSG00000132024
P19474	0.18265898117124	25.8923436011685	0.418121600043029	0.67729672996918	0.90878421961662	-6.17457559205133	ENSG00000132109
Q7L2E3	-0.0438734499319686	25.654475559702	-0.172463424080471	0.863632564921459	0.970506166261881	-6.24552259926068	ENSG00000132153
Q8TEM1	0.174564986059806	26.6254476033605	0.528367831932346	0.599122279600759	0.893202947043432	-6.12365409557084	ENSG00000132182
P56937	-0.198966576282942	23.3421479289566	-0.404756395550445	0.687043720728697	0.914214106669981	-6.17994773995081	ENSG00000132196
Q7L5Y1	-0.0110785101451576	26.0249257675803	-0.0283760332272249	0.977452992258028	0.995421890307053	-6.25969434249215	ENSG00000132199
Q9BXX0	-0.862746169099037	25.7895535748564	-1.49640063578743	0.139612529858557	0.49886804008361	-5.18317748731018	ENSG00000132205
P53365	-0.332799190292707	26.4106344751928	-1.1481615547602	0.255293863104854	0.656194624777664	-5.62132044289198	ENSG00000132254
Q9C035	-1.76009612676376	30.2487882107654	-2.13150490774479	0.0371600175684444	0.245319099032358	-4.11646936919352	ENSG00000132256
Q8IYM9	0.334984967975448	23.7368253861992	0.656875251911254	0.513681732818354	0.852970763789778	-6.04948304202185	ENSG00000132274
O43159	0.777538806650522	24.7143414064598	0.828774124040427	0.410420257078908	0.797048488786876	-5.92551481413123	ENSG00000132275
Q9Y5J6	0.204726830080084	23.3210012279649	0.759494592128809	0.450422630637618	0.823548448578276	-5.97887785684662	ENSG00000132286
Q14156	0.369614135845797	24.4272146562616	0.875384801947751	0.384728911919873	0.777297797961864	-5.88709431124287	ENSG00000132294
Q96EY7	-0.0629251415496874	27.8131761738355	-0.619007881759151	0.538169382872118	0.867209705910656	-6.07299025822835	ENSG00000132300
Q16891	-0.104042317239401	31.4431648551927	-1.14103142068008	0.258226374260391	0.658610111712775	-5.62914516261303	ENSG00000132305
Q9NZE8	-0.434148015331242	23.9969248067585	-1.13885518877598	0.259126170456141	0.659566811623273	-5.63152409699817	ENSG00000132313
Q9H0C8	-0.173799798803056	24.3213510200207	-0.320839680244146	0.749406247799239	0.937890523197898	-6.20970818382036	ENSG00000132323
Q96I15	0.217662029130967	26.1889227704093	1.50577864643544	0.137180430949867	0.493433304729305	-5.16987946072401	ENSG00000132330
P23469	0.140281853188398	24.0303864909416	0.336399086214391	0.737701025496757	0.934528311827964	-6.20470789814453	ENSG00000132334
P62826	-0.0449204636377587	30.7570523761867	-0.280375622531807	0.780118769305307	0.948703757587387	-6.22160697160107	ENSG00000132341
Q13131	0.0112378701596469	27.8427600129283	0.0878455934794573	0.930281311472986	0.985780021659967	-6.25630894645614	ENSG00000132356
Q684P5	-0.216272780709399	22.911578360333	-0.391711101249007	0.696609089884288	0.918627247586294	-6.18502390698194	ENSG00000132359
O75153	0.0229351733865428	27.1316102759533	0.093611101618695	0.925718659267904	0.985606697198344	-6.25579654583484	ENSG00000132361
Q9BT40	-0.0912755794424811	23.4775962018265	-0.224397368283422	0.823182839309292	0.959906141301175	-6.23543334999065	ENSG00000132376
Q9BQG0	0.0391708923422591	25.911609250609	0.089674084426967	0.928834036405141	0.98569641773234	-6.25614996700862	ENSG00000132382
P27694	-0.10710330857367	27.9412989661076	-1.03545941109752	0.304459157011642	0.702534321956185	-5.739519187069	ENSG00000132383
P36955	-0.176267162820348	27.9566022690526	-1.33495170024899	0.186752679888598	0.569872615239241	-5.39983539088659	ENSG00000132386
P62253	0.274613617959723	24.4147090755402	0.715625516399691	0.476897684249424	0.833093504323546	-6.01029216458883	ENSG00000132388
P57772	-0.519394700301081	23.9887562483841	-0.839290515285838	0.404517116159484	0.792040155984799	-5.91704429280788	ENSG00000132394
Q9NZJ6	-0.335115954516432	25.4862585303985	-1.11123246251188	0.2707407937283	0.671373146066585	-5.66134135879026	ENSG00000132423
P60059	0.546158207587613	27.9572302765512	3.32504873795964	0.00148530073184704	0.0327908700030847	-1.29026429870457	ENSG00000132432
Q9NS86	-0.132101025823214	26.6280689785204	-0.446161814316973	0.657028066960682	0.904691039418433	-6.16274115788333	ENSG00000132434
P20711	-1.1544044681818	27.0929139433924	-2.27323884004058	0.0265080103411791	0.205032879986454	-3.83248747353	ENSG00000132437
Q12849	0.215023962883468	27.3222811039621	1.2952870700098	0.200003071327309	0.58572328031569	-5.44950883582014	ENSG00000132463
P01591	-0.278540223107793	30.077188016975	-0.78294205889102	0.436670973567427	0.816036556596148	-5.9612899600525	ENSG00000132465
Q9NQZ2	-0.438989484712284	23.0638551753974	-0.893173103564732	0.375203603186127	0.769642517538263	-5.87188194871064	ENSG00000132467
P16144	0.283848935017023	30.5055614371102	3.10795744983419	0.00283818097777181	0.0502487041291874	-1.87333861898602	ENSG00000132470
Q969T9	0.106149554830935	26.1982769874905	0.500730719877577	0.618326089235066	0.898113676986203	-6.13752478409753	ENSG00000132471
P84243	0.798251918157739	32.7632599862209	1.86473009901042	0.0670735538112743	0.339423354629152	-4.604870554513	ENSG00000132475
Q96LD4	0.119057215807143	24.6318771316409	0.261888635269004	0.794271717876836	0.952502718023134	-6.22651157967268	ENSG00000132481
O95218	0.289066404739405	25.8691396858139	0.43885076714279	0.662297522119372	0.904691039418433	-6.16589257478226	ENSG00000132485
P63241	-0.441457107588285	30.3174323960377	-2.91659234872822	0.00491514011795708	0.0687069465864844	-2.36363400152171	ENSG00000132507
P52758	-0.105108834924486	26.3031278558576	-0.590481031927488	0.557005332083072	0.877200439654024	-6.08978905695386	ENSG00000132541
O00339	-0.654991067129085	26.7986164823632	-1.92364020517921	0.0589742255641443	0.317773173914307	-4.5011402980273	ENSG00000132561
Q9H0N5	-0.220720375906481	24.8075835113985	-0.607620602704978	0.545648872551651	0.872046688752682	-6.07978983319627	ENSG00000132570
Q99470	0.29994608708342	24.5800151532966	0.641768148349949	0.523379352810707	0.858342138609559	-6.05902622539495	ENSG00000132581
Q14254	-0.0888861722466814	27.7582526046503	-0.529226437103951	0.598530128167757	0.893202947043432	-6.12321134879822	ENSG00000132589
Q9Y221	-0.391339678577143	22.4913051652694	-1.020774945514	0.311310820697515	0.709289509822052	-5.75405416991099	ENSG00000132603
Q15554	-0.166477415258527	24.1149514354009	-0.484423036205233	0.629785336768491	0.899825244544314	-6.14536277619895	ENSG00000132604
Q9UN37	0.176062478243001	26.7462238543804	0.881810823122477	0.381270552475747	0.774778980404128	-5.88163324885126	ENSG00000132612
P12004	0.0469318543533497	29.2120852781787	0.37485084654714	0.70904513134132	0.924425321684442	-6.19133943072609	ENSG00000132646
P18433	-0.000690935739182663	23.6142587015326	-0.00207540787374914	0.998350700269424	0.999391935659059	-6.26008665268097	ENSG00000132670
P51398	-0.336636402178939	27.0209489376738	-1.68014036419855	0.0979409220391921	0.41497039269745	-4.90883538669073	ENSG00000132676
P48681	0.117527014744699	28.1265997209044	0.531881035726509	0.596701062324069	0.892433047957529	-6.1218379784818	ENSG00000132688
P57735	-0.876571420324584	26.7763480430945	-4.36928434066144	4.81032677442066e-05	0.00452253653464067	1.85416275553832	ENSG00000132698
P02743	-0.177481521280257	26.404830019914	-0.343252738253083	0.732568592477947	0.932508109502526	-6.20242756026115	ENSG00000132703
Q5TAQ9	-0.643314573258667	23.5026170477608	-1.16564853972713	0.248202354472664	0.648327164477087	-5.60193256107121	ENSG00000132716
Q96HD9	0.421158078435752	29.3560038299483	0.348462475167247	0.728714781434798	0.932132700718732	-6.20063398920277	ENSG00000132744
Q9BQC3	0.179665059484027	22.8894603092251	0.552128244150694	0.582836914047412	0.887666649592057	-6.11113909351425	ENSG00000132768
P49321	0.152896614738843	29.1769083173543	0.969361554083239	0.336115223336804	0.734601635783184	-5.8033618032409	ENSG00000132780
Q8WYA6	0.101317901788853	25.5078093410106	0.359236920682377	0.720633242720158	0.928936875612524	-6.19694146782652	ENSG00000132792
O00203	-0.297497161330543	27.3321561820288	-1.34326897034051	0.184060384778	0.567693030652962	-5.38924022872366	ENSG00000132842
Q9UJW0	-0.553193535904612	26.7685889614078	-3.10017438607752	0.00290345725520651	0.050407060823993	-1.89372247125087	ENSG00000132912
Q9C0E2	-0.205254686273072	24.7342047690023	-0.333731513905405	0.739703488308927	0.934550976632596	-6.20558192313806	ENSG00000132953
P20292	0.53293792230901	25.752205657444	1.4034684112499	0.165444718833026	0.540869335609407	-5.31071099813596	ENSG00000132965
P35580	0.314720212603085	28.2038231734541	2.12160713641607	0.0378576505407221	0.247824159548788	-4.13395991884133	ENSG00000133026
O75880	0.37582028690359	27.6652451756509	0.887755260831413	0.37811222155725	0.771071781657325	-5.87652224228871	ENSG00000133028
Q6WCQ1	-0.443921041937209	23.6111133821915	-0.793055963579375	0.430756788609353	0.811096200796257	-5.95360764892821	ENSG00000133030
P36222	2.36869611835077	22.2586130373629	3.53136659753296	0.000784572053825912	0.0213913570475635	-0.711332302628382	ENSG00000133048
O00750	-0.416240713187474	24.3416059457775	-0.485963183784465	0.628703060280438	0.899825244544314	-6.1446298379296	ENSG00000133056
Q13231	1.41327539889121	22.4361445454488	2.12108770603491	0.0379030531934145	0.247824159548788	-4.13496407388154	ENSG00000133063
O15075	-0.414261734892637	22.965664999111	-1.08533644716467	0.281956882794137	0.681956781765258	-5.6886563738837	ENSG00000133083
Q9Y2V7	-0.0200555987310622	25.727981836804	-0.0520771052007113	0.958633967990777	0.992074856506437	-6.25876032101826	ENSG00000133103
Q8N0X7	0.111004065589682	24.5965831115023	0.18258226698545	0.855718965213506	0.970185627365775	-6.24376368008368	ENSG00000133104
Q15063	-0.809274990631458	33.0076720055349	-3.73744724675981	0.000406823304496399	0.0149656399792566	-0.111757873436586	ENSG00000133110
P13693	0.117871300416258	29.3545456676235	0.527807253814581	0.599509038360345	0.893202947043432	-6.12394277794635	ENSG00000133112
P40938	0.101313882401552	23.7773068599758	0.298813744718574	0.766077177350515	0.943016530674842	-6.21638313288172	ENSG00000133119
Q0IIM8	0.112591695633999	22.0845125430521	0.296148752703214	0.768101972159042	0.94351643232578	-6.21715867464439	ENSG00000133138
Q8N1S5	0.208107421529704	23.9166582657357	0.486871792612582	0.628058692687296	0.899825244544314	-6.14420225135337	ENSG00000133195
P29323	-0.651077185388992	26.3048292769755	-2.396280962543	0.0195793076634068	0.169739212541427	-3.57392132726456	ENSG00000133216
Q8IYB3	-0.291261522799385	26.8370853717831	-1.52731871529164	0.131745931840316	0.48377815914158	-5.13905715093845	ENSG00000133226
Q9NZL4	-0.137176473426596	24.1118059906399	-0.272586781318805	0.786072825021152	0.951055946761935	-6.2237140224204	ENSG00000133265
Q96KP4	0.112688767670008	31.9038134847519	1.37861092881306	0.172947761416806	0.549903290382416	-5.34352889252671	ENSG00000133313
Q9BQ69	-0.448595464953318	25.9627004982475	-1.85176753749213	0.0688018022917911	0.343493724772086	-4.62660465339346	ENSG00000133315
O95197	-1.67371104924668	27.3200689658206	-3.26993297370062	0.00176399778944163	0.0365744484632137	-1.44441597700408	ENSG00000133318
P35749	-0.623740054204838	34.3549522483744	-3.48318095565208	0.000912433138678968	0.0232499902112917	-0.8486156715259	ENSG00000133392
P0CG30	0.0649728672823784	22.9124697178386	0.139632447206194	0.889401076346211	0.975169321159376	-6.25053969722861	ENSG00000133433
Q9NUV9	-0.268354382947422	28.1391244471649	-1.3951035373031	0.167941079712161	0.544137081206426	-5.32181602205974	ENSG00000133574
P01116	-0.329825918137363	26.5346009217674	-1.3808504145361	0.172261286345272	0.549694273430874	-5.34059477479613	ENSG00000133703
O15397	-0.242686012916206	23.5176973101206	-0.57160728575922	0.569645783439164	0.883685586392464	-6.10047277722682	ENSG00000133704
Q9P2J5	-0.181733161819423	28.753709066526	-0.988575215970137	0.326697071602815	0.723741788153785	-5.78522361135182	ENSG00000133706
P29218	-0.107820483655214	28.4872481106552	-0.669378359559903	0.505728703009633	0.84925215710981	-6.04141929673409	ENSG00000133731
P00915	-1.07933959205786	34.4417863275274	-4.35098937802273	5.1677020096859e-05	0.00455447739469671	1.78881065628567	ENSG00000133742
Q9UH65	-0.0122948295908536	26.9493696655401	-0.0532526861643733	0.957701063835092	0.992074856506437	-6.2586996694108	ENSG00000133789
Q01432	-0.230221860400714	27.7124791138593	-0.697394800773941	0.488152887554879	0.838290074277954	-6.02280544010519	ENSG00000133805
O94851	-1.15289094397707	29.4041349306149	-2.43519301069185	0.0178418332261952	0.160404317123718	-3.49225810209783	ENSG00000133816
P62070	-0.47509663299277	25.9461492578459	-1.80907465976444	0.0752673442087013	0.362253157961207	-4.69911415322407	ENSG00000133818
P51659	0.0799838166003823	31.2533226000948	1.05443663439471	0.295757472147787	0.695816210097395	-5.72043854736436	ENSG00000133835
Q92785	0.187434407608325	23.5269587024347	0.456603291734141	0.649545049738035	0.904594452931413	-6.15813938181359	ENSG00000133884
Q9UKR5	-0.573469351069892	25.3646612299075	-1.3977485344206	0.167148610349165	0.54273235021076	-5.31831130528314	ENSG00000133935
Q7Z3D6	-0.789991528109681	28.0114165893117	-1.98001371116957	0.052157179968062	0.295340708583429	-4.39998209734603	ENSG00000133943
P49757	-0.348019187154954	26.1190062240267	-1.38666628632673	0.170488284933051	0.547833009864425	-5.33295409762561	ENSG00000133961
Q9P0S2	-0.619519740024977	23.390757625553	-1.25596505849338	0.213820908006198	0.60196507046112	-5.49735369324481	ENSG00000133983
P05198	0.0506486645422015	29.5366306016965	0.430233522163989	0.668511228856287	0.905687386572257	-6.16955735671759	ENSG00000134001
Q9H9T3	-0.518480357178337	24.0921193185333	-1.4437925895798	0.153810146804101	0.524782947190361	-5.25630682460074	ENSG00000134014
O15204	-0.585226551994321	24.325970525828	-0.991161829835377	0.325442704002617	0.72364502748647	-5.78275545774256	ENSG00000134028
Q9UBB5	-0.252722109228046	24.3605416039697	-0.542485590736763	0.589420466882955	0.890581824858064	-6.11628375596285	ENSG00000134046
Q9Y5U9	-0.263574914071153	26.1863219188963	-1.44886366531268	0.152393235784598	0.522305664210452	-5.24936325208183	ENSG00000134049
P82909	-0.112954112188323	28.7086246488136	-0.619753846044181	0.537681257358146	0.866986566585782	-6.07254047724278	ENSG00000134056
P50613	0.54239917762359	22.4731266632544	1.26327945235445	0.211198551951322	0.598578848123992	-5.48855975615484	ENSG00000134058
Q14012	0.108525243150751	22.5897977393324	0.26217587508731	0.79405127277148	0.952502718023134	-6.22643792637298	ENSG00000134072
Q9BV44	-0.695233911202699	24.3152410790614	-0.865488470436256	0.390097516357698	0.78292298737524	-5.89542383107566	ENSG00000134077
Q9NVJ2	-0.163549407965551	27.8717715561502	-0.524581858862583	0.6017365765664	0.89396966294435	-6.12559786864211	ENSG00000134108
O00533	-0.219201600769342	25.2011559958884	-0.519051284033096	0.60556500147551	0.89396966294435	-6.12841244901232	ENSG00000134121
Q9NPA0	0.255302832237557	27.4194602829592	1.25403553880843	0.214516673366989	0.602658124611123	-5.49966543741195	ENSG00000134153
P09488	-0.487576097854006	28.0799962493225	-1.45341255766251	0.151142491370497	0.520315660002097	-5.24311840808376	ENSG00000134184
Q5VTL8	0.0285805461542097	24.6109415094695	0.077713863252803	0.938304858025506	0.988423741949911	-6.2571305201188	ENSG00000134186
Q9BYZ8	0.748595366859284	26.3640764699099	1.34054206348741	0.184963741977599	0.568585001269604	-5.39271565016996	ENSG00000134193
P21266	-1.12002266653784	28.5027477414778	-3.65754132277321	0.000526337475361293	0.017084037221102	-0.347177133351144	ENSG00000134202
P54868	-1.52707042440984	31.1609605760789	-2.54482196178419	0.0135282985276753	0.136358247451781	-3.25169027672114	ENSG00000134240
Q99523	-0.104604339802446	25.9337102381295	-0.413574879904475	0.68060646288584	0.910204077595426	-6.17642262222715	ENSG00000134243
Q9P2B2	-0.34299011906397	28.6657317499024	-1.27098020448687	0.208463498850822	0.59489105820224	-5.47924899466565	ENSG00000134247
O43504	0.372768942700695	26.8907396725257	1.7978221224232	0.0770536978918044	0.364276332198039	-4.71797316786607	ENSG00000134248
Q93033	-0.364899909443547	23.2684720859583	-0.537592146154867	0.592774865871072	0.891538678272224	-6.11886023159871	ENSG00000134256
Q99747	-0.0317920331760355	27.261435587385	-0.214479499532216	0.830874018371186	0.963375722342776	-6.23756380176071	ENSG00000134265
Q9NYL4	0.801921203592727	27.5045994473817	2.47222644829302	0.0161729995473933	0.15239202159409	-3.40910830622826	ENSG00000134285
P61204	-0.852323924047504	31.2605993155426	-2.57784430825041	0.012357043419843	0.128104482449437	-3.17451796281578	ENSG00000134287
P27348	-0.152562192374244	31.1097931145677	-0.661947666152987	0.510451500339993	0.851520123165617	-6.04622513968785	ENSG00000134308
O75116	-0.233872280379689	28.7743225918604	-1.93926814778341	0.0570029720717259	0.310962481961253	-4.47329997917761	ENSG00000134318
Q5EBM0	-0.0721829620395766	22.5091823525743	-0.162170947068231	0.871696354259336	0.972116389555013	-6.24720894509096	ENSG00000134326
Q2TAA2	-0.0254310893525478	26.714517304988	-0.168877281724951	0.866440574060194	0.970506166261881	-6.24612192617659	ENSG00000134330
P00338	0.0474813997307422	33.14902805263	0.284328736720738	0.777101895165705	0.946541847298087	-6.22051491923869	ENSG00000134333
P0DJI9	0.773843642378051	22.6794061489443	1.33562841110862	0.186532521481038	0.569519507075083	-5.39897566275433	ENSG00000134339
Q6P1J9	-0.124305353057718	23.7148112345193	-0.321321646694587	0.749042763029244	0.937890523197898	-6.20955683628599	ENSG00000134371
Q76MJ5	0.0374624524620977	25.8770077809351	0.142873383190158	0.886851516407192	0.975031286806855	-6.25009135224676	ENSG00000134398
P62244	-0.18181078509885	29.6071200385371	-0.775180508575135	0.441167047242376	0.816681123664603	-5.9672003529235	ENSG00000134419
O43776	-0.219367164935399	30.0283821370651	-1.6406337680553	0.105915931113854	0.43106236096523	-4.97027693092807	ENSG00000134440
Q9P260	-0.3789415391383	26.4689485926165	-1.68228131628808	0.097523162748417	0.414492444635322	-4.9054676898828	ENSG00000134444
Q96I25	-0.819007792752693	25.2826575155533	-0.820759851815513	0.414964432929365	0.799576343732801	-5.93188795496738	ENSG00000134453
Q96DC8	-1.1917734551091	23.6339284918422	-2.28276825591522	0.0258701948288289	0.202396230131426	-3.81231090035668	ENSG00000134463
Q92608	0.201811556341411	27.4757285265856	0.750937450814657	0.455518968498494	0.824632805985357	-5.98514956759473	ENSG00000134516
P11117	-0.0563253038359868	27.0093943697549	-0.35801551418383	0.721542547521688	0.92922431056549	-6.1973696835537	ENSG00000134575
Q9P289	0.132816337978639	24.3841362930252	0.261522093813626	0.794553048266863	0.952502718023134	-6.2266054503109	ENSG00000134602
Q14671	-0.299080432014421	23.6097489299684	-0.593162192111397	0.555221073650511	0.876763179255574	-6.0882435227244	ENSG00000134644
P54577	0.130807544447801	28.4386143825405	0.45404044443414	0.651380033780565	0.904691039418433	-6.15927722885488	ENSG00000134684
Q9UJC3	-0.271051546732924	26.9999243830463	-1.41332719969575	0.16253935393865	0.536591129066261	-5.29754289812933	ENSG00000134709
Q96K17	-0.0968529792053374	26.0052536182203	-0.177182842522946	0.859941171885038	0.970258475127066	-6.24471416346375	ENSG00000134717
Q8NAV1	-0.397764998370747	24.1207560122897	-0.749817532206295	0.456188404860641	0.825068570715564	-5.98596521916816	ENSG00000134748
Q02487	-0.0778453326671773	28.729402126207	-0.536693499934689	0.593391850271191	0.891538678272224	-6.11933086999309	ENSG00000134755
Q6IA86	-0.384806894775441	23.5314915668261	-0.721690095504515	0.473186471667916	0.830207796011952	-6.00605870897201	ENSG00000134759
Q9Y4J8	-0.325827370471206	25.5200999920528	-0.530438907708427	0.597697689076528	0.893202947043432	-6.12258166817737	ENSG00000134769
P62072	0.0804601574949295	26.4782779800881	0.323138296137674	0.74767321384969	0.937406544582155	-6.20898433546381	ENSG00000134809
Q14147	0.612100812475386	24.4580079357339	0.767646350760268	0.445605171172118	0.819136714369994	-5.97283132395244	ENSG00000134815
P61165	0.890359184512924	26.9477323008806	4.16620784440985	9.71788610306737e-05	0.00709273182074815	1.20411052422463	ENSG00000134825
P20061	0.53693367803622	23.158952318767	0.861993277106233	0.391998857154842	0.784314072507352	-5.89834975480768	ENSG00000134827
Q9HC07	0.16973547751779	26.0994706894314	0.66066600508615	0.511263471627265	0.851757974425609	-6.04705406416645	ENSG00000134851
Q9BVM4	-0.0708288299928093	23.9806426767114	-0.159724060503901	0.873615447259545	0.972371164695261	-6.24759460060767	ENSG00000134864
P08572	-0.903142575596213	28.6562787313914	-3.81596309941764	0.00031445241621468	0.0131900694278358	0.123828763950669	ENSG00000134871
Q8NBM4	0.191149984517114	22.614526727512	0.422622645224345	0.674026518853636	0.908195356389641	-6.17272734115747	ENSG00000134882
Q9NWB6	-0.906068871566625	23.8999100800046	-1.30991133885814	0.195038082371817	0.579728050704029	-5.43135896189066	ENSG00000134884
P29144	-0.279953059151243	29.3514211158606	-2.29064424930162	0.0253818878603523	0.200300194649061	-3.79608233401243	ENSG00000134900
Q9HA77	-0.0548979764120574	26.7722345256755	-0.255857167060613	0.798904490107629	0.953041917187918	-6.2280395476607	ENSG00000134905
P46977	-0.772912820271628	28.71833392285	-1.88102713518794	0.064712724143029	0.336284595369194	-4.57633491310684	ENSG00000134910
Q9Y3B3	-0.796553945140364	28.2008361378529	-2.94845297098743	0.00449221656800133	0.0658085276756551	-2.28360332099214	ENSG00000134970
Q92882	0.163090420664012	28.7831004643768	1.04843080232022	0.298492711303262	0.698129225045828	-5.7265132446597	ENSG00000134996
Q969G6	0.523367668530152	23.7643521815352	1.06753489328	0.289851892891496	0.688998418455678	-5.70707415693717	ENSG00000135002
Q9UMX0	0.0531851940629942	27.7683950233888	0.284072531284375	0.777297318164753	0.946541847298087	-6.22058615840253	ENSG00000135018
Q5VZE5	-0.086444313118605	23.2815476327346	-0.175570293633277	0.861201258552342	0.970442117244495	-6.24499319895111	ENSG00000135040
P04083	0.503070641447039	32.3346545798099	4.14895155591965	0.000103088130385183	0.00715834260079461	1.14963698951221	ENSG00000135046
P07711	0.151005944504469	26.7303809088543	0.889144820784605	0.377347501549884	0.770243892448389	-5.87535300270187	ENSG00000135047
Q9UHN6	0.28285571607254	23.6456910538072	0.663617623550291	0.50938475052048	0.851520123165617	-6.04515323490488	ENSG00000135048
Q8NBJ4	-0.249868820864354	28.6431977663687	-1.62850618887916	0.108467316502813	0.43729547421944	-4.98887007575103	ENSG00000135052
Q9Y617	0.901905473356631	24.5902595877755	2.50821610775827	0.0147532864397318	0.144954362082626	-3.32954265211473	ENSG00000135069
Q9H2K8	-0.203616976244387	26.9364125720093	-1.49026507377994	0.141203037173082	0.502270164191008	-5.1918267980683	ENSG00000135090
Q15646	0.206537763510031	22.4661604505543	0.464616389443231	0.643826770243228	0.90283171589529	-6.15453615259454	ENSG00000135114
Q99571	-0.0667532481831223	24.7214068761088	-0.146950704753511	0.883645699801551	0.975031286806855	-6.24951270177227	ENSG00000135124
P16671	-0.591854597280996	25.8561649495453	-2.80933126387891	0.00662493131954866	0.0826676212482811	-2.6282293481917	ENSG00000135218
Q6UWM9	-1.10575435296189	26.8436079594879	-2.78354324064926	0.00711061879629744	0.0863932789752623	-2.69071531747379	ENSG00000135220
Q6NUQ1	0.35294529693741	24.2050816962874	0.685829317092563	0.495366478332689	0.843382918898629	-6.03058127969565	ENSG00000135249
Q9UGI8	-0.324774058484341	29.1490364360547	-1.88628965643272	0.063921429080391	0.334185053040583	-4.56687046058951	ENSG00000135269
O60506	0.0993169354096786	31.0458768797512	1.36587115725378	0.176892825290427	0.555234756362746	-5.36013513426002	ENSG00000135316
P21589	-0.419576299299457	25.613110075029	-1.71252934346239	0.0917753391607329	0.399721185657729	-4.85747153433207	ENSG00000135318
Q9UBD5	0.279051621058965	22.8564752802375	0.561526937828583	0.576453936693824	0.883685586392464	-6.10603824936226	ENSG00000135336
Q9H0A0	0.0440108638856813	26.5368194448775	0.179947295987898	0.857778289297164	0.970185627365775	-6.24423135117885	ENSG00000135372
Q14444	0.0948244998651617	28.6602470105455	0.772374615832263	0.442814441636197	0.818808799675206	-5.96930641052762	ENSG00000135387
P08962	-0.523120806086531	28.1879012943178	-2.57503113363225	0.0124124455873316	0.12819141247674	-3.17937066295194	ENSG00000135404
P41219	-1.03829992600079	26.977515134859	-2.94102131196078	0.00458773262684531	0.0660271896142452	-2.30232897171181	ENSG00000135406
Q13683	-0.424924142009537	27.2678879717427	-0.397908243909331	0.692112556298364	0.917600235714801	-6.18258866576387	ENSG00000135424
P78537	0.245484751360436	24.7256301480189	1.12518988993163	0.264827143763044	0.664872198406943	-5.64636278110976	ENSG00000135441
Q12800	-0.0433603700031391	25.7190129462478	-0.239129147174105	0.81179079228733	0.956784310461773	-6.2320913989998	ENSG00000135457
P09651	-0.32042553384079	31.509563184411	-1.87472777288992	0.0655222731628469	0.338796595137367	-4.58698547374752	ENSG00000135486
Q13438	-0.254471119615804	25.2126281188598	-0.757946231893441	0.451342322103812	0.82423633035234	-5.98001784945024	ENSG00000135506
Q14244	0.425815072154808	23.2792270438621	0.644036409756842	0.521917184417426	0.857491535591511	-6.05760733073497	ENSG00000135525
Q8TDZ2	-0.0138406961784554	26.1516830952903	-0.0636496012892445	0.949453129823902	0.989108415516392	-6.25810433468291	ENSG00000135596
Q96D71	-0.43903235831068	24.2464929874265	-0.925301899089656	0.358381241687448	0.755576617732975	-5.84365109442325	ENSG00000135597
O75558	0.0272786606046864	23.3071130230698	0.0530071743281869	0.957895889464113	0.992074856506437	-6.25871244791057	ENSG00000135604
Q99832	-0.116464263689501	29.86794079518	-1.13203619165007	0.261959986697449	0.661327688639441	-5.63895006918619	ENSG00000135624
O75923	0.43647751511843	26.2192021312686	0.845433163564909	0.401113415927645	0.790770591848679	-5.91202641040804	ENSG00000135636
Q9Y4E8	0.127541646552199	27.1388267045437	0.650886348371441	0.517514665941206	0.854894720805028	-6.05329243475207	ENSG00000135655
P15586	0.124415896317629	26.7222962448174	0.784451096166355	0.435749741395045	0.81519986482203	-5.96018878638437	ENSG00000135677
P14384	-0.974429454370753	25.6750549692788	-3.02763995628857	0.00358295012852401	0.0584292451339958	-2.08190443101989	ENSG00000135678
Q9GZS9	-0.861057498736315	26.3501340092681	-2.37140598363069	0.0208271447054087	0.17553387956506	-3.62698309692207	ENSG00000135702
O60268	-0.088043949747636	22.7050772917202	-0.232047567792151	0.817262029242187	0.95736409139799	-6.23372434433707	ENSG00000135709
O43237	-0.298123088604747	27.8864892935824	-1.43316773635329	0.15681207808946	0.529155825528057	-5.27078124443448	ENSG00000135720
Q96CD0	-0.14389072397746	24.6441291708164	-0.507991278091086	0.613254371887789	0.897939625005374	-6.13395233652452	ENSG00000135722
Q9Y613	-0.605307988882636	25.8207857631541	-0.965632799804321	0.337978382733661	0.735141926956866	-5.80682713142723	ENSG00000135723
P01019	0.0679650996696033	27.9493591437802	0.384474485569253	0.701936794800832	0.920880882485847	-6.18776846698706	ENSG00000135744
Q9GZT9	0.295033465815028	23.4324220082824	0.420084498176459	0.675869825768941	0.908575899069828	-6.17377199204334	ENSG00000135766
O14815	-0.38152484156274	25.3827568559376	-0.856789957297364	0.394846497209825	0.786616304109284	-5.90267743226154	ENSG00000135773
Q14746	0.00120553209529817	26.4193864331952	0.00477622470783837	0.99620440804044	0.998401513884308	-6.26007758810097	ENSG00000135775
Q9NRK6	-0.532675001502781	24.5070601814188	-1.40123509037471	0.16610840195086	0.541739901817008	-5.31368199089272	ENSG00000135776
Q9BSD7	-0.070966624073364	24.6362750501731	-0.178748589314049	0.858715450521859	0.970185627365775	-6.24444185771312	ENSG00000135778
P15104	0.00581845324616737	26.4001489457754	0.0130222106494249	0.98965170764683	0.997028532073778	-6.26000569581268	ENSG00000135821
O43752	0.223952399454806	23.2093600163092	0.5484565187816	0.585339652432014	0.887819623430424	-6.11310865552976	ENSG00000135823
Q05823	-0.0881465893978017	21.9371240183266	-0.249061703951904	0.804132779129736	0.955323756992255	-6.22971850220324	ENSG00000135828
Q08211	-0.199177669621523	30.8889541932927	-1.88923708389656	0.0635186639645162	0.333525823172279	-4.56172504971796	ENSG00000135829
Q9BZQ8	-0.398190245990598	26.7984620973607	-2.07095878709223	0.042513872617604	0.267126555731555	-4.23087410752351	ENSG00000135842
P11047	-0.217774324042459	29.983775966886	-2.1026328638629	0.0395472356630793	0.254005978881945	-4.1705032972273	ENSG00000135862
Q9H9J2	-0.245611808176385	27.1711549615438	-1.81029753983441	0.0750753133509458	0.361848453517064	-4.69705827610834	ENSG00000135900
Q96BY6	-0.20921869802735	26.1442340480548	-0.459582068740471	0.64741685080501	0.903814295394978	-6.15680719130087	ENSG00000135905
Q9NQX7	-0.101403501051752	26.9031143281752	-0.576792914130722	0.566158839837906	0.882354619403589	-6.09757157951657	ENSG00000135916
Q969X1	-0.367775981386348	24.1424509772737	-1.47241299155053	0.145946277445931	0.509830269642963	-5.21682116932758	ENSG00000135926
Q02318	-0.53284871350051	26.7930849799813	-1.74326672676733	0.0862231010496408	0.388439764972835	-4.80790517193043	ENSG00000135929
O60573	0.0751208245636796	25.8058757799965	0.219354209751145	0.827091620152653	0.96169542700088	-6.2365286814386	ENSG00000135930
Q9Y376	-0.474393932650976	27.512047596785	-1.76101569862792	0.0831455750868582	0.380682469310359	-4.7789208469333	ENSG00000135932
P10606	-0.197187599768522	31.5210949061819	-1.32710811454668	0.189318843103927	0.571625499139376	-5.40977031591904	ENSG00000135940
Q8IWJ2	0.0938272873459276	26.7501603970439	0.572049061196382	0.569348314227265	0.883685586392464	-6.10022662749166	ENSG00000135968
P82933	-0.209132988272174	26.6225572154682	-0.791809037370331	0.431478201322246	0.811096200796257	-5.95456567428006	ENSG00000135972
A6QL64	-1.34042200530877	27.0198713026899	-0.878985274369775	0.38292209209159	0.775659052071115	-5.88389870139761	ENSG00000135976
Q9H1K1	-0.21751569055667	24.0396923377908	-0.682128479986148	0.497687414778691	0.844666697233339	-6.03304200796771	ENSG00000136003
Q3SY69	0.154614754194967	26.4201275579914	0.916934652809709	0.362714787367608	0.760111311529295	-5.85109664445599	ENSG00000136010
Q6P3W7	0.0330943149455258	25.8320067910233	0.0862736805129998	0.931525690618335	0.986424195924196	-6.25644300026946	ENSG00000136021
Q07065	0.331806621528035	32.1602823222719	2.992692273377	0.00396077983051097	0.0614924472861797	-2.17140717102434	ENSG00000136026
Q8NEU8	-0.559072874029955	28.1974613445	-2.0487696229355	0.0447052656952093	0.274073866712707	-4.27269370286342	ENSG00000136044
Q13610	0.385625244160597	23.4126705652264	0.724346688333122	0.471565912612178	0.82980672773388	-6.0041931819735	ENSG00000136045
Q2M389	-0.0155424613270938	26.2124012881988	-0.0691166958417412	0.945118218262362	0.988539327237031	-6.25774880888041	ENSG00000136051
O15195	-0.171979121488569	28.7551909610749	-1.22331979954411	0.225818430570313	0.620034190281932	-5.53601101189445	ENSG00000136059
O75369	-0.0648334935068036	34.031879025958	-1.03523158809588	0.30456466845854	0.702534321956185	-5.7397462211219	ENSG00000136068
Q86VN1	-0.139655745038937	26.6853484375823	-0.889001829871874	0.377423744841756	0.770243892448389	-5.87547593295763	ENSG00000136100
O60343	-0.220438770367341	23.6972159171095	-0.329358235287057	0.74299027911036	0.934627021605365	-6.20699981975365	ENSG00000136111
Q9Y2L9	-1.08701673264313	25.2784272555767	-1.02308439114773	0.310301482048807	0.709289509822052	-5.75171164088871	ENSG00000136141
Q9P2R7	-0.374038038030758	28.8031952227884	-2.48996003329762	0.0154587550140147	0.148148666241515	-3.37001969604777	ENSG00000136143
Q9NPJ6	-0.115307692525018	22.9027524232993	-0.218104191494476	0.828061149864282	0.96169542700088	-6.23679633078967	ENSG00000136146
Q96JB2	-0.189669512138877	26.9769625395278	-0.872247764017319	0.386424319376887	0.778959412804009	-5.88974613495088	ENSG00000136152
Q8WWI1	0.440528558112756	27.2181604452449	1.66083509510546	0.101774410845468	0.423609952894413	-4.93902595032926	ENSG00000136153
Q9Y287	-0.123875332130634	23.0179048592155	-0.371408396157177	0.711594192334043	0.925389179133615	-6.19259491488495	ENSG00000136156
Q9NV35	-0.545681352209318	23.5690008886185	-1.30299435551025	0.197374763047582	0.581461146892743	-5.43996748450171	ENSG00000136159
P13796	0.149801677792347	32.5232455217231	0.798883681195783	0.42739466179748	0.808584196353618	-5.94911058753998	ENSG00000136167
Q12765	0.0768139703557118	26.8300088457658	0.502855238740753	0.616840105545507	0.897939625005374	-6.13648472454306	ENSG00000136193
Q68CZ2	0.284535708826649	25.0226586142406	0.628370116843419	0.532059712401831	0.864012679706439	-6.06730651714739	ENSG00000136205
O00425	-0.478555625934526	24.244705753547	-1.66688487196701	0.100560142869545	0.420839953236858	-4.92959920417313	ENSG00000136231
Q14956	-1.10906772930943	28.2099810363035	-3.63207755252774	0.000570634713199332	0.0177996244109494	-0.421055606856834	ENSG00000136235
P63000	0.123821344166185	29.0707074097891	0.969638537950012	0.335978192154844	0.73459866953503	-5.80310277359013	ENSG00000136238
Q9Y6E2	-0.0937264674494038	27.2837888928543	-0.564151854187787	0.574677316538059	0.883685586392464	-6.10459843824633	ENSG00000136261
Q969Z0	-0.745220007344134	26.6970045088736	-2.02288108392899	0.0473847273902691	0.281469410086206	-4.32099023723086	ENSG00000136270
Q9NY93	0.245266776233464	23.18449488539	0.50193386718886	0.617484357215777	0.897939625005374	-6.13693631880615	ENSG00000136271
Q9UJU6	0.147153084139443	29.1223863966026	1.28360467322507	0.204036735264933	0.589619670058124	-5.46386914852011	ENSG00000136279
B0I1T2	-0.040011146690393	26.4958218013524	-0.138184560161773	0.890540471786802	0.975169321159376	-6.2507366729569	ENSG00000136286
P49914	-0.329144004576232	24.6630334014218	-0.611079342799836	0.543371499023019	0.870769877284913	-6.07773773328411	ENSG00000136371
P48200	0.0304559237460147	22.8635607088075	0.0923201331715035	0.926740081523342	0.98569641773234	-6.25591410706746	ENSG00000136381
Q13137	-0.38920789600758	25.6530650775115	-1.11709544621535	0.26824549579772	0.667659708606357	-5.65507127316804	ENSG00000136436
P30419	-0.386278950244336	26.8687454516174	-1.74466165310122	0.0859778669560575	0.388439764972835	-4.80563683576445	ENSG00000136448
Q07955	0.0880216276561576	29.8602037865527	0.706099443886903	0.482759973247489	0.836450271297841	-6.01687103680523	ENSG00000136450
Q9BSH4	0.299345967759599	26.0577716449967	1.12365851733719	0.265471486214021	0.665570581298876	-5.6480149484068	ENSG00000136463
P61962	0.25776907165298	26.5386327026878	1.0022485384372	0.320102644476996	0.717730148163264	-5.77210580178192	ENSG00000136485
O96019	0.169650996178834	28.1127469333615	1.49126288356305	0.140941545175968	0.501733888378358	-5.19042152611102	ENSG00000136518
O43674	0.295752228636815	28.3523732801003	1.38821311081773	0.170019092246404	0.54746034321112	-5.33091686599536	ENSG00000136521
Q9HD33	0.0942021441876157	26.9893554012866	0.480687771378846	0.632423104567523	0.89994864018964	-6.14712182501985	ENSG00000136522
P62995	-0.111251212969254	27.9318104198681	-0.754341804015322	0.453487481951431	0.824632805985357	-5.98266279688538	ENSG00000136527
Q7Z7M9	0.251940205562988	26.572234263444	1.33643014767886	0.186271941964947	0.569042520747818	-5.39795656424835	ENSG00000136542
Q01118	0.064937953149272	23.2148401578493	0.133493080873101	0.894233947635948	0.97562305054463	-6.25136082293597	ENSG00000136546
P07814	0.0717457737988667	31.1645141764049	1.07391160182515	0.287006466318291	0.685521796247763	-5.70051039696318	ENSG00000136628
Q9NRW7	-0.239249021808387	25.7146633424959	-0.889867701926062	0.376962207472101	0.770243892448389	-5.87473124213531	ENSG00000136631
Q9NXE4	-0.112081207071178	26.5979992505162	-0.18667849239094	0.852526456639287	0.96894755612696	-6.24302018381458	ENSG00000136699
Q9C0J8	-0.0046714055568664	22.5985723037722	-0.00989313648658653	0.992138177264007	0.997182823919789	-6.26004081948507	ENSG00000136709
Q96NT0	0.540050150391121	22.6515791119728	1.1595454518842	0.250661137410019	0.650264120978513	-5.60873091169711	ENSG00000136710
O00499	-0.175607839377175	27.6098244352224	-1.26543747568243	0.210429426474093	0.597374698834224	-5.48595596081159	ENSG00000136717
Q9NYU2	0.192243419685514	30.8331581541172	2.82717333044933	0.00630697988189401	0.0813048730401136	-2.58473867598425	ENSG00000136731
Q92783	-0.45118710337238	25.983524943779	-1.4809289077703	0.143668268386627	0.505642240878	-5.2049331123809	ENSG00000136738
Q8IZP0	-0.126933566601025	28.3430917113279	-0.752066082356826	0.45484489722813	0.824632805985357	-5.9843263616168	ENSG00000136754
Q96TA2	0.358099495955734	25.0958849458652	1.5074884882839	0.13674267000782	0.493433304729305	-5.1674476194294	ENSG00000136758
Q96KC8	0.620254718541705	25.5350496025464	1.76539623335882	0.0824002105539683	0.378914294428102	-4.77172663256477	ENSG00000136770
Q9UFN0	-0.835961275643083	28.4868855189738	-4.17838241050595	9.32082302457441e-05	0.0069625271168499	1.2426164240683	ENSG00000136783
Q8IWT6	0.130152414585755	22.6755866875993	0.256251850360276	0.798601109976978	0.953041917187918	-6.22794064764999	ENSG00000136802
P10599	-0.344986139012995	32.3105396025199	-1.93816705852021	0.0571399976022694	0.310962481961253	-4.47526801729939	ENSG00000136810
Q5VYK3	0.0732389336098329	27.9763927968688	0.591763337671317	0.556151626389236	0.876970859227447	-6.08905074508965	ENSG00000136813
O14657	-0.335719582800852	25.4556867557716	-1.43881635206323	0.155210509411465	0.52659088868428	-5.26309846061294	ENSG00000136816
O14656	0.415366916420165	24.8160052622155	1.08135055626941	0.283711522387705	0.681956781765258	-5.69280570029989	ENSG00000136827
Q96TA1	-0.175184055464964	30.20517680143	-2.22998143294658	0.0293629759518222	0.216959766755131	-3.91986301742315	ENSG00000136830
P28289	-0.445203196946661	24.391307839062	-1.11925890825538	0.267328821645483	0.666245002025969	-5.65274959434816	ENSG00000136842
P61764	-0.323908104080399	25.4291478218844	-1.38065708662629	0.172320465169039	0.549694273430874	-5.34084824440618	ENSG00000136854
O15431	-0.251761790129621	23.1855256004482	-0.473844218376597	0.63726831169984	0.900732012363718	-6.1503096019752	ENSG00000136868
P05062	2.16635386955405	23.4961517008435	2.9030867160114	0.00510531108276486	0.0701240839655335	-2.39736209564761	ENSG00000136872
O43172	0.101032306953893	26.7808122242015	0.646692134000061	0.520207987536712	0.856231257481946	-6.05593978708229	ENSG00000136875
O75348	0.548034457733102	27.5525344253944	3.36811929035775	0.00130234985458277	0.0299650369495352	-1.17134600993854	ENSG00000136888
Q9NXF1	0.109441822737541	23.1710907064697	0.288680168280448	0.773785017439315	0.945226331826114	-6.21929520121211	ENSG00000136891
Q8N5N7	-0.287767844180017	26.1997042657801	-0.892042550334285	0.37580451713184	0.769820447753539	-5.87285765595367	ENSG00000136897
Q99436	0.164727257943245	27.9052513211425	0.561476336503465	0.576488211205019	0.883685586392464	-6.10606593976719	ENSG00000136930
Q92805	0.231757378792562	23.6913306858309	0.467011204222774	0.642121953653186	0.902647786771382	-6.15344720267188	ENSG00000136935
Q09161	0.0725986922282011	27.3357698073084	0.451781799110247	0.65299599395425	0.904691039418433	-6.16027745268214	ENSG00000136937
Q92688	-0.285980545613342	28.5125342890404	-1.14510747180007	0.256547043360885	0.656904587295793	-5.62467775358579	ENSG00000136938
P42766	0.294961550468734	29.0097286090332	0.911269007283809	0.365688449502476	0.762561803111664	-5.85607980270735	ENSG00000136942
Q9BPX5	-0.0218547136934184	27.6437863651054	-0.116530042633121	0.907607514771075	0.97945453751171	-6.25343778706377	ENSG00000136950
Q9BUN8	0.0155966902972686	25.2392447855051	0.0292883525761099	0.976728289517164	0.995421890307053	-6.2596685729243	ENSG00000136986
Q9Y263	-0.215546072589525	26.5340395252819	-0.479039645174676	0.633590681131646	0.900541279433307	-6.14789165334075	ENSG00000137055
Q9Y490	0.11784561800178	32.9359561200092	1.4309444694954	0.157445955984381	0.529787158831868	-5.27379741052959	ENSG00000137076
O75935	-0.366777726064235	26.7941902335652	-1.98661841586039	0.0513697490867098	0.294313244115597	-4.38773850349276	ENSG00000137100
Q9UBQ7	-0.152639579623035	29.8689087830556	-1.86003688322307	0.0676050698241988	0.340397456834124	-4.61238552903086	ENSG00000137106
P30837	-0.080162242414751	30.8289792065402	-0.564571233096466	0.574393714631094	0.883685586392464	-6.10436778623844	ENSG00000137124
Q9BX68	-0.0598747176336296	28.4754273183744	-0.41513507836888	0.679470020000301	0.909685740010224	-6.17579108017645	ENSG00000137133
Q5VZ89	-0.301248979716966	25.2234752617572	-1.34076924695813	0.184866431961806	0.568585001269604	-5.39243107870451	ENSG00000137145
P62753	0.20409647487325	31.1979890012477	1.13607499948069	0.260278915333605	0.660139965262394	-5.63455691569173	ENSG00000137154
Q9BT09	-0.0728317101794183	25.2089292366336	-0.194942847379752	0.846072385552765	0.968707167377975	-6.24147920893498	ENSG00000137161
Q9Y3C6	0.368689532835091	27.542055568765	1.88582901792671	0.0639845699684055	0.334185053040583	-4.56767396638282	ENSG00000137168
Q9NSK0	-0.321174204743702	28.0898893343949	-2.2917991523922	0.0253109754737096	0.200030071388607	-3.79369870288441	ENSG00000137171
Q9H1H9	-0.0852618043229931	23.0114920266917	-0.155857418575021	0.876649603136441	0.973031343616299	-6.24819208172467	ENSG00000137177
P36959	0.413684131374318	23.4988483906943	0.537090015617245	0.593119576987559	0.891538678272224	-6.11912330320235	ENSG00000137198
Q8N1G2	0.422229923498861	23.9035794920132	0.808242366968543	0.422028328348296	0.804095204221963	-5.94182135933657	ENSG00000137200
Q9GZM5	-0.00869091585230919	25.7348009151859	-0.0450270203219317	0.96422986594396	0.992200162880785	-6.25909565185608	ENSG00000137207
Q5T3F8	-0.692285192637343	24.4399553595427	-0.566947124944305	0.572821335515127	0.883685586392464	-6.10302435332827	ENSG00000137216
Q15306	0.966541108663566	24.7696772540935	3.02015496040799	0.00366093020935391	0.0592288927020902	-2.10113813237441	ENSG00000137265
Q13885	0.553390854816779	24.8538634801595	0.746997826947588	0.457882739015176	0.826433580057975	-5.98800666820412	ENSG00000137267
Q9BTT6	-0.130424938983548	25.2739814297795	-0.397160142444024	0.69260749907537	0.918033226168691	-6.18292369983674	ENSG00000137269
Q86WA6	-0.671722433746076	25.9246586181516	-1.96975172464975	0.0533191186622988	0.299267561614814	-4.41842438633642	ENSG00000137274
Q13546	-0.0707816107428663	25.8484969534103	-0.260026129073284	0.795701524743978	0.952502718023134	-6.22698720412513	ENSG00000137275
Q9BVA1	-0.0936123381780902	28.3312383900853	-0.567575425580776	0.572364138032938	0.883685586392464	-6.10271056777224	ENSG00000137285
Q9BRT2	-0.559052438200322	24.9289326358572	-1.60445332624481	0.113674809980443	0.445308002028273	-5.02537233212304	ENSG00000137288
P17096	0.437232107570171	26.3671956733862	0.873797486944866	0.385593937979397	0.777892617018739	-5.88842907956005	ENSG00000137309
O75955	-0.142213647885939	28.6414479767767	-1.16534132438963	0.248325709359932	0.648327164477087	-5.60227558968798	ENSG00000137312
Q14676	0.513832944434412	21.8267898427867	1.30879460224997	0.195413923026135	0.579815166991385	-5.43275170922422	ENSG00000137337
P51580	-0.244377080469707	28.1694298750813	-1.30829131464428	0.195583483474785	0.579815166991385	-5.43337902179344	ENSG00000137364
Q8IXM6	-0.720285650517063	24.131573939347	-1.54133755287476	0.128301785291628	0.477010773802737	-5.11877966030904	ENSG00000137404
Q9NZJ7	-0.422248219949996	25.8234338214338	-0.97909301520334	0.331322901823144	0.729549463066278	-5.79421814627077	ENSG00000137409
Q5ST30	0.170358853450075	23.6400709081785	0.223409427310052	0.823948208294208	0.959906141301175	-6.23564988006373	ENSG00000137411
Q14512	-0.0867135305203277	22.815721331002	-0.162072365449558	0.871773656944192	0.972116389555013	-6.24722459586116	ENSG00000137440
P49407	-0.612291520739827	27.624940125571	-3.7458439964373	0.000395276316494184	0.0146628690737605	-0.0856805766655668	ENSG00000137486
Q14980	-0.0900629336416259	31.0852735699701	-1.30957052382446	0.195152726958195	0.579728050704029	-5.43178413113357	ENSG00000137497
Q9GZT6	-0.547431783544674	23.7469515131779	-1.42132988951402	0.16021009586684	0.533674803153256	-5.28679053400818	ENSG00000137500
Q9HCH5	-0.0797087139440791	25.3852535224222	-0.259207673468396	0.796330058523696	0.952502718023134	-6.22719514027157	ENSG00000137501
P42785	0.290524789303912	25.9995933669883	1.58203846249675	0.118707444007657	0.45508096841666	-5.05893989196224	ENSG00000137509
Q96I59	-0.353460821824388	25.166317467649	-1.62256188460497	0.10973594107427	0.438472067816508	-4.99793735300744	ENSG00000137513
Q9P015	0.0131792080937352	27.6326447148857	0.0785434897414937	0.937647605392595	0.988017853566342	-6.2570670254062	ENSG00000137547
Q92820	-0.550171559188303	29.2628405256574	-3.87915294867218	0.000255394931762903	0.011997403877357	0.314640194117239	ENSG00000137563
O00560	0.742379235129455	25.4004160950046	3.11840363563996	0.00275272441547991	0.0493769942026709	-1.84592221342122	ENSG00000137575
Q8IY21	-0.582486265522174	25.9728664184439	-1.18920336883935	0.238874900103084	0.636574965272922	-5.57537477051739	ENSG00000137628
Q6UWF7	-0.179877855142905	25.085047126905	-0.417034045130329	0.678087825730597	0.908862849114883	-6.1750192202757	ENSG00000137634
Q92673	-0.421849398888632	25.4825546211572	-0.836397128747677	0.406129943262844	0.793772967961394	-5.91939183876049	ENSG00000137642
Q9NRS4	0.190952020132308	22.7292479543549	0.366446028013081	0.715274531390115	0.926679025818555	-6.19438443237655	ENSG00000137648
Q9UKI9	0.0288439266766751	23.8758963319431	0.0596557465604259	0.952620871792466	0.990209991209363	-6.25834555021813	ENSG00000137709
P35241	-0.248765010815134	27.1991524854339	-1.1797362568818	0.242592879135822	0.642164548508561	-5.58610979504636	ENSG00000137710
P30154	0.786660369091411	24.7523165789804	2.49292407060537	0.015342186655338	0.147550165487757	-3.36346419043095	ENSG00000137713
P10109	-0.63043951886727	23.7971156018776	-0.965058331853033	0.338248871214886	0.735141926956866	-5.80737687443026	ENSG00000137714
P29466	0.708122389629242	28.864149581617	3.08000221289152	0.00307923034628687	0.0528020222588123	-1.94638147408953	ENSG00000137752
Q9Y6N5	-0.0479977439964401	32.3546743269746	-0.535650154274886	0.594108558721296	0.891538678272224	-6.11987631192717	ENSG00000137767
Q9NWH9	0.618106233492661	24.9652204502614	1.12774609613325	0.26375405160672	0.663747470142812	-5.64360013596503	ENSG00000137776
Q9Y375	-0.635007221507291	24.6758938880309	-0.694005199631963	0.490275085196986	0.83962710572044	-6.02508242962603	ENSG00000137806
Q92541	-0.340375973778663	25.0549820597091	-0.733622025081787	0.465932472485874	0.82980672773388	-5.99762700054669	ENSG00000137815
P05386	0.389754136799315	29.964858573674	1.93349514684263	0.0577245209111203	0.313205783610287	-4.4836074179019	ENSG00000137818
Q9UGJ1	0.330686568399603	22.4979686633447	1.00802569507158	0.317343386094491	0.715071687757545	-5.7665109864067	ENSG00000137822
Q96TC7	0.158432770543925	25.968104467219	0.975874695939375	0.332902751796761	0.730804631863019	-5.79725186421693	ENSG00000137824
P23677	0.130037107865252	23.0171407706111	0.235628889626503	0.814493937395905	0.956881825291329	-6.23290464882828	ENSG00000137825
Q9BZF9	-0.163982202134797	26.3381575471868	-0.589101433676089	0.557924540667922	0.877520196210608	-6.0905816189469	ENSG00000137831
Q00722	0.0341876269734342	22.4976698470671	0.0808435280953493	0.9358256814841	0.987531394271817	-6.2568874690765	ENSG00000137841
O14672	-0.438868722265557	27.3428622785089	-1.80350006078469	0.0761479433232053	0.363566707865816	-4.70847025562182	ENSG00000137845
P30047	0.166393860970977	24.7849176276504	0.352428104121551	0.725707350181729	0.931125218950816	-6.19931006890846	ENSG00000137880
Q5T0N5	-0.101453547848493	26.3465736808863	-0.291714519100134	0.771474581130756	0.943995624264784	-6.21843373195284	ENSG00000137942
Q6YP21	0.447850154710636	26.7755300758784	2.2321318990165	0.0292129437529983	0.216732220796054	-3.91552300465564	ENSG00000137944
Q00403	0.418684563463021	23.2561223634396	0.916692711099491	0.362840591217817	0.760111311529295	-5.85131095680998	ENSG00000137947
P53611	0.0545555843892487	26.0226994044062	0.162589150600513	0.871368434312607	0.972116389555013	-6.24714244557311	ENSG00000137955
Q8TF65	-0.554689710983993	26.4228352548407	-1.73940156459184	0.0869056379754878	0.389738400967755	-4.81418187584536	ENSG00000137960
P11182	-0.396585213596058	27.1479722443874	-2.32362826414587	0.0234245150501185	0.189516143276404	-3.727610361713	ENSG00000137992
O00442	-0.560755394590302	26.5455677206016	-1.94526436603694	0.0562616743235119	0.309269062586805	-4.46256531268482	ENSG00000137996
Q9C0D9	0.339431615273735	24.7924122777503	1.40815092945576	0.164059836973726	0.538602222166	-5.30446745080458	ENSG00000138018
P55084	-0.439262634123651	31.7027901796292	-4.26549257512579	6.90398730938664e-05	0.00553638864677725	1.51988681308277	ENSG00000138029
O75688	0.300902293695192	27.1941611570371	1.6137250674285	0.111644053594136	0.442718267674068	-5.01136064461864	ENSG00000138032
Q8TCS8	-0.612030178076441	28.2137306000273	-3.96909557346358	0.000189375944375225	0.0102244259869119	0.589422237893912	ENSG00000138035
P62820	0.425593615447848	29.149046129277	2.45246936223768	0.0170036103624821	0.15702785126836	-3.4523890213425	ENSG00000138069
P61160	-0.236686072698493	30.7028246965372	-1.42006801947821	0.160575649215856	0.533914033642721	-5.2884897446813	ENSG00000138071
Q9HCU5	0.306293854225672	26.8443462863272	1.76714962248719	0.0821034236352132	0.378133419833461	-4.76884250313522	ENSG00000138073
Q9Y6C2	-0.184714199673063	31.0183014578757	-1.43876205774413	0.155225842869691	0.52659088868428	-5.26317244155808	ENSG00000138080
P42704	-0.0724187479780944	31.9173249812275	-0.885506822675033	0.379290318860852	0.772030649028827	-5.87847462595827	ENSG00000138095
P61163	0.170841159136025	29.2840698526939	1.7211749301225	0.0901846741374795	0.398173196293906	-4.84361056436305	ENSG00000138107
Q9NZM1	-0.0141899350167236	30.270632377675	-0.143359516828452	0.886469190481778	0.975031286806855	-6.25002321479924	ENSG00000138119
Q8NBU5	-0.583486244590727	27.1687650929452	-1.85736955935768	0.0679891518359645	0.341385676760142	-4.61697815588494	ENSG00000138138
O95359	0.140675756508738	23.8940462387451	0.36785838319709	0.714226363676554	0.925540960344166	-6.19387755161589	ENSG00000138162
P36405	0.0585547130885189	26.4649387674754	0.369368779103621	0.713106046674938	0.925389179133615	-6.19333333710511	ENSG00000138175
P49961	0.229547759308709	26.3616544439072	0.518667630584767	0.605830991534808	0.89396966294435	-6.12860659863536	ENSG00000138185
Q8TAG9	0.285750140507979	23.4560094566744	0.827623655800174	0.411044427492354	0.797944201892419	-5.92646175657461	ENSG00000138190
P02753	-0.576257579929241	27.3298219122781	-2.1755976501184	0.0333895722599679	0.231695034161265	-4.02843734803895	ENSG00000138207
Q9UK59	-0.791434566224982	24.3382845807172	-1.81083146729814	0.0749915984409088	0.361848453517064	-4.69616025936319	ENSG00000138231
O75165	-0.221127160412525	27.8719471597615	-0.84917325802162	0.399037952298972	0.788512970843142	-5.90896623655021	ENSG00000138246
P20073	-0.0090129318971961	30.2057816025336	-0.070169540880309	0.944283594381359	0.988539327237031	-6.25767698047823	ENSG00000138279
Q8N9N2	0.763743999863944	23.8014409396601	1.35268604299524	0.181047731298195	0.561577519208794	-5.37716927659419	ENSG00000138303
P62847	0.222945446347438	28.9825093493236	1.58671016194814	0.117644039763334	0.453258356168952	-5.05197955397351	ENSG00000138326
P31939	0.218020489456119	31.0426103196757	2.84119515931952	0.00606704258379092	0.0789777601956456	-2.55041253920396	ENSG00000138363
P05455	0.100857608624199	30.2148307376088	0.975272615106207	0.333198861227342	0.731160318017181	-5.79781833553532	ENSG00000138385
Q13427	-0.29359646343342	25.3483914397164	-1.07639307821619	0.285904414680755	0.68410885346228	-5.6979459622602	ENSG00000138398
Q53R41	-0.484282727996522	23.2643195665531	-0.903804006127821	0.369582821847146	0.764833065477225	-5.86264826158309	ENSG00000138399
O75874	-0.119324177655578	32.3572259414723	-1.31329081910992	0.193904017429968	0.578107494284097	-5.4271373817083	ENSG00000138413
Q9NTK5	-0.0905040807628836	29.3421974743607	-0.926507986034873	0.35775934920895	0.755076393082127	-5.8425724434577	ENSG00000138430
P28290	0.0999374748335491	23.2969268507423	0.202364991584368	0.840291150430819	0.967097434212591	-6.24003566503526	ENSG00000138434
Q9GZL7	-0.459579570694043	24.7645277562157	-0.904728546279023	0.369096544346372	0.764406933657715	-5.86184020743453	ENSG00000138442
P06756	0.183445694253329	27.6420551396737	1.52198364306841	0.133075775090522	0.486368767807385	-5.14672902386988	ENSG00000138448
Q14061	-0.41296779127855	24.5624820367765	-0.872013179692913	0.386551287556877	0.778959412804009	-5.88994406249102	ENSG00000138495
Q8IXQ6	1.01819569678692	24.3941244702591	1.48124309380337	0.143584760794029	0.505642240878	-5.20449329560401	ENSG00000138496
P40818	0.254946316529747	24.352478819021	1.08918968280759	0.280267819929205	0.680452082956815	-5.68463118878494	ENSG00000138592
Q9NYL9	0.190822814397901	29.8478069104266	1.80289267249137	0.0762444081652172	0.363566707865816	-4.70948809842744	ENSG00000138594
Q8TCT8	-0.315490688145541	23.753074112377	-0.544628679398168	0.58795423306094	0.888859005511867	-6.11514810648971	ENSG00000138600
O94923	-0.0894145569088671	23.0826779877884	-0.192943425862729	0.847631235468199	0.968707167377975	-6.24185886967642	ENSG00000138604
Q96CD2	0.20222931789645	22.6348369927767	0.703767762934965	0.484200961506447	0.836497626570383	-6.0184681277211	ENSG00000138621
Q9BT78	0.166149477668338	28.5022444140554	1.63635916178679	0.106809597977249	0.432630725434814	-4.97684485175632	ENSG00000138663
Q14103	-0.270150935217401	30.7633805872826	-2.161287095525	0.0345264551279595	0.235001014801884	-4.05662787668721	ENSG00000138668
O94979	0.114498969680763	29.817793039162	1.05203646838608	0.29684851242892	0.695816210097395	-5.72287024662807	ENSG00000138674
Q53EU6	0.123728552312024	23.6849326989793	0.369160196506216	0.713260722519454	0.925389179133615	-6.19340862413106	ENSG00000138678
P52306	-0.0709417659905185	27.3936850634747	-0.460051537780141	0.647081705366855	0.903814295394978	-6.1565964472103	ENSG00000138698
O76074	-0.224020453416657	25.2963095486253	-0.518618777477094	0.605864865636499	0.89396966294435	-6.12863131076707	ENSG00000138735
Q02083	-0.379829414053091	27.2727621277165	-2.17000029284386	0.0338302816865348	0.233514589919841	-4.03948256793872	ENSG00000138744
Q7Z3B4	-0.0107791363349996	26.5108629024119	-0.0683489893162075	0.945726842695098	0.988539327237031	-6.25780049976806	ENSG00000138750
Q9UN86	0.174303668954902	27.7228094575802	0.751687036665719	0.455071216744677	0.824632805985357	-5.98460296685641	ENSG00000138757
Q9NVA2	-0.0283888325203137	30.1165825472819	-0.272142008357042	0.78641321546847	0.951055946761935	-6.22383255607541	ENSG00000138758
Q14108	-0.022030066631352	29.4788428769129	-0.224831772586323	0.822846355885763	0.959819588560582	-6.2353378383549	ENSG00000138760
Q96LI5	-1.36980493802555	25.9339053399665	-2.13538995964349	0.0366932583104704	0.243914489552377	-4.10748773092027	ENSG00000138767
O60763	0.365039065064213	30.1372295781103	2.95662620180822	0.00438930184604924	0.0646888188283959	-2.26296848378701	ENSG00000138768
P12429	0.578546341170966	29.9696290498278	2.87217526747901	0.0055664822712191	0.074673645781304	-2.47411433797848	ENSG00000138772
Q9H2U2	-0.257636869804184	30.5482850541922	-1.86024396135719	0.0675753281807229	0.340397456834124	-4.61202873408449	ENSG00000138777
P55212	-0.676887754758415	27.2893550075416	-2.7143971904303	0.00857889116594258	0.0994692770535633	-2.85606016522392	ENSG00000138794
Q16836	-0.643465163393053	31.3569305119904	-4.7093927868525	1.43410707450183e-05	0.00208290273382021	2.97702000226704	ENSG00000138796
O43252	0.109187970192089	27.0655357573393	0.54780470115855	0.585784481240605	0.887819623430424	-6.1134569392874	ENSG00000138801
O95487	-0.100976415937481	26.2116364141383	-0.509609674193577	0.612126441734194	0.89744488760617	-6.13314907972105	ENSG00000138802
Q08209	-0.129914968175434	27.7681303561078	-1.05530331768682	0.29536418161392	0.69573256256618	-5.71955916536966	ENSG00000138814
P35556	-1.63986008435649	26.816646600603	-4.04477064539297	0.000146883216563344	0.00880169428483421	0.823290479041736	ENSG00000138829
Q9HBI0	0.0808839922725291	23.6094596304959	0.122563645827775	0.902847375009217	0.977800741991114	-6.25273130662502	ENSG00000138964
Q7Z4S6	0.0928824297419872	27.7058875089653	0.331769976320488	0.741177107845429	0.934627021605365	-6.20622019400417	ENSG00000139116
Q9Y2Z4	-0.372549739353634	25.5514835903008	-1.52582723515481	0.132116638041336	0.484486904666716	-5.14120441177972	ENSG00000139131
Q96M96	-0.30350828300989	26.3986549588846	-1.04098943963955	0.30190566394806	0.700437313362072	-5.73399352559884	ENSG00000139132
Q5BKT4	-0.6336758476662	23.1599569186099	-1.38211217937831	0.171875435015143	0.549694273430874	-5.33893967403942	ENSG00000139133
Q9HBU6	-0.286794605596704	23.1332754662076	-0.728892101135272	0.468800429719265	0.82980672773388	-6.00098565673201	ENSG00000139163
Q9NZP8	0.0878679987837003	22.4814330230814	0.196273720521378	0.845035111265567	0.968412111513282	-6.24122432871153	ENSG00000139178
Q16795	-0.514985355003191	30.1240235764617	-4.75844952492273	1.20069855875471e-05	0.00188775891295746	3.14219278772811	ENSG00000139180
Q9BX59	0.242984018015207	24.5738369030793	0.432740666287836	0.666698391077089	0.904923772948542	-6.16850080059989	ENSG00000139192
P82980	0.376864467015629	24.1992571078411	0.909508684595117	0.366588855339306	0.762689442260677	-5.85764951295251	ENSG00000139194
P50542	-0.03516071127709	21.8805275077502	-0.0966017063506067	0.92335295881785	0.985606697198344	-6.25551793884941	ENSG00000139197
P02458	-2.87757302328302	27.0525780238028	-4.50109251222222	3.09421584210972e-05	0.00345351467182056	2.2657653205717	ENSG00000139219
Q6ZXV5	-0.376185743483212	23.3424574306236	-0.875897514534552	0.38445226075687	0.777077424080961	-5.88666001895716	ENSG00000139324
P51884	-0.481638514483613	32.4003879527708	-3.49253013642411	0.000886172359118483	0.0231210424606368	-0.822076288905215	ENSG00000139329
P62306	0.0733029302986523	27.5359437877116	0.398716656089745	0.691466053777766	0.917066656443741	-6.1823184777924	ENSG00000139343
Q96GA7	-0.249000067744973	26.730849371961	-1.32441740179137	0.190205261160417	0.572400269927018	-5.41316573810515	ENSG00000139410
Q96EY8	-0.476672448396702	25.3499346255996	-1.21944016250351	0.227276346909551	0.621288851913194	-5.54054078146613	ENSG00000139428
Q9NZD2	-0.700509306468263	27.1498833079272	-2.31159715506652	0.0241223698959988	0.192308893337546	-3.7526807317644	ENSG00000139433
Q14161	-0.229165316270642	25.6411633214247	-1.38800075584203	0.170083446351053	0.54746034321112	-5.33119667238751	ENSG00000139436
Q9BVL2	-0.0675244468965843	24.0557049401729	-0.164541865545628	0.869837580544855	0.972116389555013	-6.24682967498088	ENSG00000139496
Q9Y217	-0.428932318458369	23.4933542385245	-0.909917090006668	0.366375109123454	0.762689442260677	-5.85729047222799	ENSG00000139505
P30825	0.498988743130749	22.9264783487305	1.29630726258254	0.199653673533827	0.585014229865642	-5.44824894585774	ENSG00000139514
P51687	0.063479053348086	25.6423657440836	0.339753205621408	0.735185780126542	0.93329795416072	-6.2035990894518	ENSG00000139531
Q8TAQ2	0.0857762813178624	28.3653362473175	0.725815789704532	0.470671087646628	0.82980672773388	-6.00315864925069	ENSG00000139613
P26010	0.156935509638398	22.6318769388386	0.410847445585313	0.682594900133337	0.910922698759153	-6.17752096190546	ENSG00000139626
Q9HB07	0.0628219268442223	27.1265833767347	0.444420674455662	0.658279337410393	0.904691039418433	-6.16349822799289	ENSG00000139637
Q9BSJ8	0.0637145810413067	29.3109406991402	0.528768795125083	0.598845714776033	0.893202947043432	-6.12344742426456	ENSG00000139641
P55061	-0.678663197408877	25.7986897774259	-1.92292184801707	0.0590662132173108	0.317954650221121	-4.5024152292768	ENSG00000139644
Q32P51	-0.81132218689185	27.8573780411487	-0.56546641238214	0.573868813748831	0.883685586392464	-6.10379350796886	ENSG00000139675
P10768	-0.0695227621163319	30.2104866319813	-0.536412492625377	0.593584843530343	0.891538678272224	-6.11947787889091	ENSG00000139684
A3KN83	-0.506516710533361	22.6561832278175	-1.03408722670901	0.305095031503819	0.703162809294305	-5.74088589036777	ENSG00000139697
Q96AX1	0.226615897219652	25.3025439652377	0.899401440787941	0.371904017232794	0.767307077552185	-5.8664851013382	ENSG00000139719
Q9H9H4	-0.3389122494095	26.4526335449152	-1.38838435871185	0.169967209245776	0.54746034321112	-5.33069119450412	ENSG00000139722
O43583	-0.375434655788592	26.6233442954795	-1.11233616692365	0.270269813985173	0.670815337123874	-5.66016343659616	ENSG00000139726
Q5T8P6	-0.166571619975787	24.1037866938213	-0.284338596276336	0.777094374989636	0.946541847298087	-6.22051217646161	ENSG00000139746
Q5VZF2	0.217603483494656	25.5304970752844	0.483176156567016	0.630665322405362	0.899825244544314	-6.14595147169545	ENSG00000139793
Q9NX57	-0.165360697446431	22.8702989437775	-0.298219252411621	0.76652871661244	0.943016530674842	-6.21655673691875	ENSG00000139832
Q13619	-0.333856969202316	26.9242154751535	-1.22097552640578	0.226698557761973	0.621199615817106	-5.53874976497827	ENSG00000139842
Q9H3N1	-0.445225296318288	28.3659227295276	-2.58040366781499	0.0122396983071547	0.127652948183605	-3.1671579433365	ENSG00000139921
Q16799	0.267936449115965	23.4999326724337	0.295288054979729	0.768760171377585	0.94351643232578	-6.21740509600041	ENSG00000139970
Q8N8N7	-0.120710977147002	25.9880586812923	-0.49126983872552	0.624962817758522	0.899239504746031	-6.14210333437452	ENSG00000140043
Q9UBX5	-0.732206558716122	27.2689171846961	-3.27380520866477	0.00173454468062181	0.036239356871382	-1.43037698715514	ENSG00000140092
P23381	0.281786932582346	31.0651955269755	1.53965002486203	0.12871254326455	0.477157509207348	-5.12122964347096	ENSG00000140105
P55081	0.111525147769505	24.9161559871528	0.296898870294373	0.767531886825567	0.94351643232578	-6.21694108274639	ENSG00000140259
Q00796	-0.152696837518445	29.2187681374408	-1.13288560537863	0.261605798981997	0.661327688639441	-5.6380273767456	ENSG00000140263
Q9NRD8	3.80782125160005	21.7929112425452	2.91185930518668	0.00502256835844594	0.0695128559863089	-2.3805788202552	ENSG00000140279
O14975	0.121798002607342	26.5580014216647	0.392688066562461	0.695890999197492	0.918627247586294	-6.18464948191798	ENSG00000140284
O95395	0.526854289725655	26.6337415173934	1.13339353489334	0.261404184147028	0.661327688639441	-5.63746767173592	ENSG00000140297
P37108	0.2477136257057	29.5430905932744	1.41680585908659	0.161523661904185	0.535165128455817	-5.29287596918716	ENSG00000140319
P39687	-0.298567836044075	29.793308992865	-1.98138121009596	0.0519683941506419	0.294884134550937	-4.39729121303151	ENSG00000140350
Q9H0A8	-0.266831178437783	24.7146805641451	-0.509131324506627	0.612459726442422	0.89744488760617	-6.13338676221225	ENSG00000140365
P13804	-0.432665324846109	30.9821197482653	-3.79178581439711	0.000340344060094925	0.0137473789607232	0.0513218148674364	ENSG00000140374
Q9NP66	-0.0550683621433024	23.4656998907277	-0.186716658608859	0.852489822928207	0.96894755612696	-6.2430161959873	ENSG00000140382
O60637	-0.703650772212178	23.9384539075606	-1.2707915964873	0.20853017058761	0.59489105820224	-5.47947767589695	ENSG00000140391
Q9GZS3	-0.437280147998003	27.042882115581	-2.11116189874314	0.0387798114482364	0.251138509815747	-4.15411183838914	ENSG00000140395
Q9NTJ4	-0.0463170657622278	27.202410892196	-0.131281713113635	0.895975718166954	0.976133012393579	-6.25164755059485	ENSG00000140400
Q8WW22	-0.624303343712008	24.07918901629	-1.88278563979571	0.0644030603823633	0.335424917158574	-4.5729782445515	ENSG00000140403
P09493	0.350138108165226	33.345719246732	1.2095403107716	0.231081013052309	0.627198460752827	-5.55200547282209	ENSG00000140416
Q9Y6I4	0.394432557705379	22.2007320879256	1.04748124638492	0.2989267469866	0.698158651292528	-5.72747062628516	ENSG00000140455
P29590	0.194176128974039	27.0403242429621	0.624365404594477	0.534668724715734	0.865661685236014	-6.06974805495512	ENSG00000140464
Q6PHR2	0.250506695702004	22.1085443504029	0.656462468256791	0.513945430385657	0.852970763789778	-6.04974670709239	ENSG00000140474
O15127	0.182044447853873	28.2481578345011	1.23604679191658	0.221083821172695	0.614146753364599	-5.52105522258397	ENSG00000140497
P54098	-0.281577188427892	23.548444043818	-0.456494865597795	0.649622570636239	0.904594452931413	-6.15818771068206	ENSG00000140521
Q9H3U1	0.0850922202665174	27.5941331423729	0.582767201557889	0.562154633958535	0.88047421331762	-6.09419703032826	ENSG00000140553
Q6DN12	-0.586313702868257	24.0133353142605	-0.759451918766218	0.450447963085982	0.823548448578276	-5.97890930603393	ENSG00000140563
P46940	-0.278712577271271	33.2227879578131	-3.84965980784316	0.000281496869928559	0.0123790518687132	0.225347610275066	ENSG00000140575
Q7Z2Z2	0.11430986147953	26.1394834319468	0.513136721054998	0.609671553018902	0.897311465212436	-6.1313897292213	ENSG00000140598
P67812	0.70773747044522	26.7907043953295	2.11442359824765	0.0384897743465589	0.249862785133078	-4.14782825840652	ENSG00000140612
Q49A26	0.0529338110245661	26.498159604351	0.401355073917691	0.689532851336942	0.915876019349909	-6.18128719828139	ENSG00000140632
O15305	0.157732386697383	28.5404350110031	1.31842424750704	0.192190869860224	0.576149979850357	-5.42070515963981	ENSG00000140650
P20702	-0.399400570171235	23.5248848655527	-0.779909785777192	0.438398550734104	0.816585927218465	-5.96363369405287	ENSG00000140678
O43294	-0.245261076365708	26.9618641124871	-1.07979622553501	0.284397806657208	0.68288033452301	-5.69441978481521	ENSG00000140682
Q96GQ5	-0.416048968540821	24.7854667012698	-1.18735338349883	0.239598181477791	0.637331162730925	-5.57747895721029	ENSG00000140688
O95453	-0.236819764378239	24.8670559317692	-0.341902749897736	0.733575368466347	0.932508109502526	-6.20288272876226	ENSG00000140694
Q9C0B1	0.0594187907262622	25.4739566455747	0.217710362330004	0.828366664335803	0.96169542700088	-6.236880339685	ENSG00000140718
P22695	-0.412909992104119	32.0551364089342	-3.57523649985359	0.000683136645062532	0.0198160100730093	-0.585277140766402	ENSG00000140740
Q68EM7	0.0172464561093975	26.8527813078507	0.0879275485018666	0.9302164378831	0.985780021659967	-6.25630189090608	ENSG00000140750
Q92620	0.09265011468678	23.8590237455696	0.187639041275827	0.85176974469674	0.96894755612696	-6.24284715145619	ENSG00000140829
Q96FN4	-0.0286903194115489	23.7460537967274	-0.11137456297872	0.91167757063425	0.98085768999526	-6.25401320966608	ENSG00000140848
P23434	0.0767680725452351	24.8587154598739	0.153816959067322	0.878251504429891	0.973031343616299	-6.24850148055166	ENSG00000140905
P55287	0.581143132732684	23.9631521803956	1.08106212711663	0.28383878575831	0.681956781765258	-5.6931053864007	ENSG00000140937
O60936	-0.00690078300598529	23.0199203836961	-0.0166566277449045	0.986763806101743	0.997028532073778	-6.25995285875353	ENSG00000140939
Q9GZQ8	0.345160168155623	25.3591052902024	1.99819591367459	0.0500673198982757	0.291373634370648	-4.36654267668726	ENSG00000140941
P55290	-0.410977172091897	26.4707566569624	-1.77722263553014	0.0804155730134026	0.373196697567731	-4.7522235742951	ENSG00000140945
Q6P9B6	-0.424050863819296	25.4172811682584	-1.64628709117928	0.104743362418312	0.428623652295028	-4.96156656620952	ENSG00000140950
Q8IXI1	-0.076803285122466	27.0965249925075	-0.431519745620732	0.667580952588687	0.905275850670256	-6.16901608089627	ENSG00000140983
P15880	0.0180531635475987	30.4271004877209	0.113715728504411	0.909829008293044	0.980106199569729	-6.25375512870824	ENSG00000140988
O96000	0.136247335868831	29.5808764243907	0.834187375160775	0.407364345410005	0.794708306805161	-5.92117938543842	ENSG00000140990
O15530	-0.298084872582262	23.6401629540833	-0.700998054821978	0.48591575193116	0.836812812052665	-6.02035849404091	ENSG00000140992
Q9BQ70	-0.0655117538982282	23.3281495135723	-0.152703780398158	0.87912564211988	0.973676782822111	-6.24866855639528	ENSG00000141002
P34059	-0.0351633668004183	25.8232461361497	-0.143331734608438	0.886491039430511	0.975031286806855	-6.25002711504118	ENSG00000141012
Q9UNS2	-0.0328758605380983	27.8532643964173	-0.316591682786612	0.752612418657408	0.938088839629172	-6.21103235140626	ENSG00000141030
Q969X6	-0.637644119447035	24.1355204808729	-0.833968579623242	0.407486692487323	0.794708306805161	-5.92135612537775	ENSG00000141076
O60256	0.2301474794744	27.8735702265646	1.92194043963465	0.0591920824543698	0.318004360220373	-4.50415634036576	ENSG00000141127
Q9UKL6	0.379730696242682	23.4243532334364	0.468187429097613	0.641287450678729	0.902647786771382	-6.15290837538386	ENSG00000141179
O75674	-0.0782304594998031	29.0316370946231	-0.123084569265517	0.90244957582601	0.977800741991114	-6.2526648126573	ENSG00000141198
Q5VIR6	-0.474824559218025	24.3582010333028	-1.14769122554809	0.255486568611259	0.656194624777664	-5.62183802674208	ENSG00000141252
P55786	-0.14616833264374	30.9551697585142	-2.1832313085659	0.0327966467214194	0.230362549116514	-4.01333479002768	ENSG00000141279
Q96FV2	0.0239268547318154	26.7169665712644	0.106972191871337	0.915154959733492	0.981546374733303	-6.25448397648396	ENSG00000141295
O94911	-2.14757006514524	26.0514339709932	-4.66158578196042	1.70393865207517e-05	0.002160831969713	2.81679734026738	ENSG00000141338
Q00610	-0.139667027731832	33.2424761062361	-1.28483075574199	0.203610570421758	0.589339500519797	-5.46236779769268	ENSG00000141367
Q9Y3E5	-0.0133601959049585	26.4255847653071	-0.0739070854165712	0.941321235806635	0.988539327237031	-6.25741322531003	ENSG00000141378
Q9Y4W6	-0.269569415932395	29.3870456022863	-1.60487817986512	0.113581108803505	0.445308002028273	-5.02473190189755	ENSG00000141385
O14732	0.416358758635692	25.3440613880242	1.17718108379939	0.243603467396793	0.64248788412462	-5.58899314126465	ENSG00000141401
Q96P16	0.139935703940658	24.5497887866563	0.343400669887471	0.732453854558919	0.932508109502526	-6.2023808686861	ENSG00000141425
Q10472	-0.0775340938518276	25.8290411794493	-0.231494727331841	0.817689542264292	0.957659165370959	-6.23384976233197	ENSG00000141429
Q9BXW6	-0.52902000603887	24.4362099821807	-1.43826738243509	0.155365600203873	0.52659088868428	-5.26384636162069	ENSG00000141447
Q96DM3	-0.167114356520205	24.1753141376399	-0.270174473427862	0.787919495936851	0.951535863469539	-6.22435459507375	ENSG00000141452
Q8IZL8	-0.355925117253165	24.6622191067998	-0.998983383203072	0.321669218873335	0.720058395121632	-5.77525414530044	ENSG00000141456
O15118	0.109414696504793	22.6053352139009	0.218505867193318	0.827749575858058	0.96169542700088	-6.23671049197481	ENSG00000141458
P32121	0.239746287481143	24.9313707077029	0.780427612606941	0.438096039901802	0.816585927218465	-5.96324187545279	ENSG00000141480
Q8N4C8	0.203377158825667	24.7720449702025	0.410658634010923	0.682732637049084	0.910922698759153	-6.17759672900867	ENSG00000141503
P52565	0.174148636732788	31.5728412114414	1.44303855017929	0.154021706415054	0.524782947190361	-5.25733735406184	ENSG00000141522
O15427	-1.17427900200803	25.8954371608495	-2.32964497424407	0.0230822983831871	0.18768862002761	-3.71503204337654	ENSG00000141526
P38919	-0.193637674904338	29.5622886004389	-1.86402120550082	0.0670347524888331	0.339423354629152	-4.60551434773738	ENSG00000141543
P48730	-0.641490417187129	24.6213858905086	-1.77030056296175	0.0815723121129716	0.376960862671215	-4.76365307601333	ENSG00000141551
Q9BTW9	0.0464122413050632	26.0397002816974	0.138940205399515	0.889945797781032	0.975169321159376	-6.25063412826401	ENSG00000141556
Q9HA64	-0.029901044573343	27.4619451685471	-0.153885450773693	0.878197725400591	0.973031343616299	-6.24849116110293	ENSG00000141560
Q8N122	-0.445924347587859	23.8257904661301	-1.04447863776348	0.300302057538147	0.699217267869826	-5.73049247654119	ENSG00000141564
Q7RTS9	0.227802254311054	22.9454945232192	0.694677188121956	0.489841718772241	0.83962710572044	-6.02464511041093	ENSG00000141627
Q9UIS9	-0.911328902373292	22.8870584461057	-1.59026458251597	0.11684009797954	0.451613945391243	-5.04667120461382	ENSG00000141644
Q13485	-0.793662900399774	24.492782415857	-1.41837105703491	0.16106826270223	0.535165128455817	-5.2907726178366	ENSG00000141646
Q86VR2	0.0630421072424205	25.3887681551346	0.361512952735917	0.718939877103277	0.92877970856294	-6.19613963425983	ENSG00000141699
P04626	-0.299035730080384	24.2467195210849	-0.587528857728617	0.558973248745861	0.878662763162635	-6.09148280911956	ENSG00000141736
Q9BRT3	-0.196910947728369	24.3110565446746	-0.316892809189132	0.752384999115563	0.938088839629172	-6.21093906482493	ENSG00000141741
P22692	-0.629757744826197	23.0171836304392	-0.922095613785443	0.360037877133473	0.757261421445074	-5.84651196044145	ENSG00000141753
Q96AY3	0.73155722534683	24.7635925957465	1.65276301794009	0.103413170419095	0.426299589503041	-4.95155514693116	ENSG00000141756
P83876	-0.825714117858638	24.1445853212273	-1.86337776729664	0.0671265789066967	0.339423354629152	-4.60662487847365	ENSG00000141759
O60885	-0.609309137566179	23.5385193251332	-0.967003899863839	0.337283107726612	0.734893495546025	-5.80556372954385	ENSG00000141867
P08651	0.635830289896578	23.112758208989	1.10860424675486	0.271864641224025	0.672267393113951	-5.66414178870891	ENSG00000141905
O43688	0.205645950775882	22.8692358104156	0.551428483349071	0.58331349366824	0.887666649592057	-6.11151545787783	ENSG00000141934
P17858	-0.306483112662065	30.8403636305556	-2.96184976722625	0.00432467924494836	0.0642755811914004	-2.24975837207169	ENSG00000141959
P15498	0.455030709822793	24.7158582004041	1.04081558468728	0.301985718634555	0.700437313362072	-5.73416767551616	ENSG00000141968
Q96EY5	0.605694790141509	24.7963800242869	1.12367895164687	0.265462880971831	0.665570581298876	-5.64799291643987	ENSG00000141971
Q99961	0.228692784215152	27.1832999115882	1.62623689473914	0.108950216227038	0.437686840143147	-4.99233517655924	ENSG00000141985
Q86TI2	-0.233009797924353	27.2458636248767	-0.805575009461893	0.423553672891607	0.805313172342375	-5.94390735768572	ENSG00000142002
Q9NTG7	-0.11289665359288	23.8040904076589	-0.30075165373994	0.76460582833822	0.942616977722393	-6.21581483017992	ENSG00000142082
Q01628	0.440641231397084	26.5774627299352	0.721895800716542	0.473091281891829	0.830207796011952	-6.00588150243174	ENSG00000142089
P12109	-0.637270769340013	32.7416505300639	-3.90658695447431	0.000233213697037509	0.0117751323143105	0.398061277692707	ENSG00000142156
P00441	0.0329571504672721	31.326764465595	0.161496903720853	0.872224929734691	0.972149268697594	-6.24731576613181	ENSG00000142168
P12110	-0.640499382961504	31.6881191345679	-3.60830099850993	0.000615069963344198	0.0186332028339773	-0.489607496577998	ENSG00000142173
Q96KG9	0.118519795971551	26.2220424394714	0.38491593846235	0.701611357190501	0.920880882485847	-6.18760249996178	ENSG00000142186
P05067	0.133915998113299	24.626097953017	0.289748425711209	0.772971382163676	0.945070167475006	-6.2189929414295	ENSG00000142192
Q9Y3R5	-0.746784983439468	26.5123256593814	-2.77952877848996	0.00718910656077664	0.087047314527056	-2.7004027421356	ENSG00000142197
P31749	-0.596135280074879	24.3352154810035	-1.76975257607579	0.0816644732495358	0.37706720798452	-4.76455617865927	ENSG00000142208
Q9UBE0	-0.220168098957362	28.2489661859165	-1.27376681079137	0.207480294589141	0.593929184154424	-5.47586657564496	ENSG00000142230
O00160	1.03985457292733	25.6259277888167	1.88413901000833	0.0642166755962078	0.33477393119132	-4.57062040633149	ENSG00000142347
Q9BSF4	-0.611194906473223	24.0879134655079	-1.12585411048223	0.264548008911441	0.664872198406943	-5.64564549608337	ENSG00000142444
Q86X55	0.353823036836204	26.3323049662976	1.98230528277133	0.0518623346709704	0.294884134550937	-4.39560730247531	ENSG00000142453
P28072	-0.228549691143467	28.1135463553431	-1.32757286966014	0.189166052317936	0.571480600160501	-5.40918318125151	ENSG00000142507
P62280	0.112958032532781	30.4630564581918	0.502480910136713	0.617101811358728	0.897939625005374	-6.13666829425901	ENSG00000142534
P40429	0.0347698465053803	29.8157271089201	0.12182756976893	0.903429469270559	0.97792294197096	-6.25281894783547	ENSG00000142541
Q9Y314	0.021437530751804	22.3220373878239	0.0470165054028554	0.962650547300554	0.992154633017358	-6.25900595500212	ENSG00000142546
Q96D15	0.554527552417468	23.8980220627785	1.09386795086969	0.278226584426529	0.678584993023572	-5.67972572563343	ENSG00000142552
P08217	0.543904810939583	23.0619516148674	0.749568719649255	0.456337210577323	0.825068570715564	-5.986146270447	ENSG00000142615
Q96C19	0.259014687375714	29.3741420840313	2.34009765175491	0.0224983355522992	0.18476419241971	-3.693115627909	ENSG00000142634
O75381	-0.466006886197164	24.8894342140281	-1.31735643505226	0.192546282323624	0.576282374419745	-5.42204508708919	ENSG00000142655
P52209	0.399302691932959	30.9808866248072	2.40151054693024	0.0193256369775687	0.168342968751889	-3.56270778310974	ENSG00000142657
Q9H299	0.302816428868837	30.8979231283581	1.62245559877696	0.109758733278844	0.438472067816508	-4.99809920217143	ENSG00000142669
Q969H4	-0.00939738871004181	22.2164633226107	-0.0241400612711468	0.980818085232597	0.995421890307053	-6.25980331051483	ENSG00000142675
P62913	0.209853505673028	30.3234452673764	2.19117425105794	0.0321895200608389	0.228553975119472	-3.99757248907942	ENSG00000142676
Q8IYJ3	0.821880828664668	23.412503557233	1.87216612347998	0.0658815012633224	0.33883319611394	-4.59142727655828	ENSG00000142765
P09093	-1.91856305484156	22.7721155214135	-1.53007476789007	0.131160089726397	0.482516369301982	-5.13515085685639	ENSG00000142789
P98160	-0.615356222820651	32.0820517670118	-6.07064651317684	8.34121242523975e-08	3.49881779652557e-05	7.78304278534193	ENSG00000142798
Q8NC51	-0.542695570166654	28.2984174620589	-2.31925756637513	0.0236759309655838	0.190693139145766	-3.73673056863174	ENSG00000142864
O95999	-0.478441494602031	24.5534174091697	-0.687300355134043	0.494445581066744	0.843033391036102	-6.02959952938542	ENSG00000142867
P22694	-0.780730428569072	25.8222109002937	-2.96403984002305	0.00429784880654083	0.0642755811914004	-2.2442146425354	ENSG00000142875
Q92643	-0.244730256454876	25.4987681256907	-0.704598816513658	0.48368709322612	0.836497626570383	-6.01789949135796	ENSG00000142892
Q9GZM7	-1.06698624944966	27.4526056597069	-3.19509593005005	0.00219526126191019	0.0430602865510657	-1.64263054919085	ENSG00000142910
P62241	0.00250233176383929	30.8280364666143	0.0182264813054955	0.985516455837994	0.996697459270185	-6.25992603431056	ENSG00000142937
P10586	-1.37434130826976	26.606904943274	-3.31278765882289	0.00154166087697717	0.033546700188188	-1.32392561124773	ENSG00000142949
Q8NFU0	-0.192498791871856	23.0271927524713	-0.387407411179879	0.699775704147078	0.920586375922899	-6.18666226194287	ENSG00000142959
Q9P2B4	0.194567866868315	24.3768617506962	0.290990537240132	0.772025652717586	0.944125562742542	-6.21864009037824	ENSG00000143079
Q5VSL9	0.060908420354739	27.0986044174061	0.137906924780747	0.890760753474207	0.975169321159376	-6.25077362684027	ENSG00000143093
P28066	0.429517154903628	30.4773544398843	4.79699292978173	1.04375540918549e-05	0.00172472674129954	3.27249636099509	ENSG00000143106
P49189	-0.0319420829422832	30.2941932487356	-0.244234115466418	0.807852501184904	0.956623819671774	-6.23088385367747	ENSG00000143149
P05026	-0.508994488817972	31.1772493823323	-3.0023415216656	0.00385291408975015	0.0607899086040022	-2.14677141435097	ENSG00000143153
O75663	-0.369955864334568	27.596785802929	-2.2535358673727	0.0277560911273555	0.211938938330068	-3.87213344370771	ENSG00000143155
O95563	-0.917877441629486	26.9406169648282	-3.5931394986695	0.000645438132548716	0.0191281203086312	-0.53354633922374	ENSG00000143158
O75629	-0.206914702871252	24.5782461425822	-0.618088616226455	0.538771222068063	0.867340545628485	-6.07354379596513	ENSG00000143162
Q99795	-0.667438829792136	30.4553023670869	-4.00786134470587	0.000166296798940367	0.00975071445829914	0.708980247701286	ENSG00000143167
Q9BZX2	-0.176386632453372	22.8905223028864	-0.37254128468745	0.710754946292707	0.925389179133615	-6.19218301583764	ENSG00000143179
Q9UM00	0.328074896721411	26.1573697961841	1.76776850348379	0.0819988811406779	0.377971174015314	-4.76782389707392	ENSG00000143183
P14859	0.0552244426698678	23.8806374005121	0.110515593022152	0.91235592859225	0.98085768999526	-6.25410655350954	ENSG00000143190
Q07507	-1.34078559971567	26.8642532628547	-1.57697861691461	0.120017412200388	0.456748026788215	-5.06660626673148	ENSG00000143196
O14880	-1.78755079805694	27.8134910380035	-3.10733381100077	0.00286932814622128	0.0502625428555278	-1.88090364409975	ENSG00000143198
Q9Y3C8	0.0148263052977171	28.1481974758948	0.0671425353896403	0.946683363887689	0.988539327237031	-6.25788056579895	ENSG00000143222
P50336	-0.375565173140341	24.0213534977934	-0.766045074673788	0.446543840315004	0.819866518935259	-5.97402976462448	ENSG00000143224
Q99643	-1.3229614727511	25.8944326564955	-2.37803543847424	0.0204949756943653	0.173269926296704	-3.61305384711004	ENSG00000143252
Q9UHV9	0.062304972212317	27.4110296711549	0.312002786602553	0.756080798914878	0.93936467053732	-6.21244301752067	ENSG00000143256
Q96A35	-0.0598054251431854	27.3371066473176	-0.25405426235155	0.800290718721945	0.953251483003663	-6.22848938627383	ENSG00000143314
P51858	0.296999198674435	29.9714559581602	2.79276988167669	0.00693320369710062	0.0850455563881477	-2.66840945097585	ENSG00000143321
Q5JTV8	0.361892469490339	27.2127908056073	2.4113599033847	0.0188558499627197	0.165573188158954	-3.54153363208773	ENSG00000143337
Q5VWZ2	-0.592302230240197	25.8530478165915	-1.97795669205891	0.0523630614539044	0.295891993894447	-4.40352560730546	ENSG00000143353
Q86TP1	-0.128884387883943	23.5908609400835	-0.306931738194066	0.759919460570351	0.940926616369238	-6.21397802195877	ENSG00000143363
Q9NNX1	0.0444182740516545	25.3392267548451	0.0513032580599516	0.959249950385711	0.992074856506437	-6.25879927745677	ENSG00000143367
Q15427	-0.257028605875337	26.4267063109618	-0.888730769947547	0.377568301701869	0.770250635682862	-5.87570891215619	ENSG00000143368
Q16610	-0.382174450041589	23.7723842822478	-1.02542692515105	0.309129056227844	0.708020799227589	-5.74947123670991	ENSG00000143369
Q9BW92	0.175536409863057	24.6294828622172	0.358543338375312	0.721149546835324	0.9289932622001	-6.19718481063076	ENSG00000143374
Q9P2M7	0.0550554163611672	29.083901091057	0.493370915858745	0.623486210779588	0.899037114426398	-6.14109401033934	ENSG00000143375
Q96L92	0.000290743787076053	26.5658853227914	0.00158199411181336	0.99874280940496	0.999391935659059	-6.26008753666112	ENSG00000143376
Q9BTT0	0.270691256745302	26.9849671742531	1.37362743995108	0.174482877519702	0.550349558851194	-5.35004209040351	ENSG00000143401
Q8N5J2	-0.257080896043735	24.5021733972298	-0.721730216772522	0.473161973809582	0.830207796011952	-6.00603058489864	ENSG00000143409
Q13228	-1.11772273117865	33.1460885992074	-3.90176553714617	0.000239089473598538	0.0117942375582988	0.376633228643226	ENSG00000143416
Q96G23	0.219895021708361	25.8771379680529	0.725425068707152	0.470908980809484	0.82980672773388	-6.00343399377895	ENSG00000143418
Q9BYD2	-0.402585294968617	26.297730628228	-2.04677880214886	0.0449065670672971	0.274832222466859	-4.27642665184324	ENSG00000143436
Q7Z3K3	-0.93413084529459	25.1772834190526	-1.70815988825028	0.0925879989168776	0.401976399756157	-4.86445275517345	ENSG00000143442
Q9H4A5	-0.442334196202978	27.0669046897424	-1.84988710874874	0.0690764104839849	0.343994215862255	-4.62983016443051	ENSG00000143457
P41214	-0.213871792692085	23.9803782526166	-0.442691737035982	0.659522809345737	0.904691039418433	-6.16424708229109	ENSG00000143486
P51153	0.274800093759261	26.2384420568998	1.58202893657237	0.11870962022343	0.45508096841666	-5.05895406529805	ENSG00000143545
P05109	2.53709558238631	26.2138130199053	3.33180302038428	0.00146610789193844	0.0326052720718238	-1.27687879192981	ENSG00000143546
P06753	-0.0134014728784386	31.917295414364	-0.111739604590811	0.9113893047176	0.98085768999526	-6.25397332203824	ENSG00000143549
O95295	0.253620647575367	24.4734782206096	0.628843056381012	0.531752035714419	0.864012679706439	-6.06701716471057	ENSG00000143553
Q5K4L6	-0.159387516646476	25.5970961347139	-0.676817977613771	0.501028165890563	0.846526314155316	-6.03655011617788	ENSG00000143554
Q14157	0.441673946713589	24.7582824342827	1.17429357920482	0.244749136928191	0.644070467843153	-5.59224431675597	ENSG00000143569
O00165	-0.590641516883519	23.867650716316	-1.42247630982206	0.159878546254405	0.533221842645426	-5.28524556264695	ENSG00000143575
Q12905	-0.102425446662696	30.0109255241767	-0.937901852587263	0.351918713310408	0.749137318820015	-5.83231510324774	ENSG00000143621
Q68E01	0.103571900727779	26.4180817430502	0.209808472406724	0.834503727256672	0.965736168236552	-6.23853310897852	ENSG00000143624
Q10471	0.673066620395623	27.4541456994586	3.49097536201567	0.00089048923072383	0.0231230370244621	-0.826493054080419	ENSG00000143641
Q8NBX0	-0.161104354486852	28.1504348217802	-1.09316082497562	0.278534453051751	0.67866325848579	-5.68046848855319	ENSG00000143653
P24666	-0.136232439930389	28.8261937829924	-1.11067678544719	0.270978133704442	0.671656255950148	-5.66193397721613	ENSG00000143727
P49458	0.202301717535128	28.2419618361367	0.638865991419442	0.525258560081877	0.860130609046989	-6.0608288487189	ENSG00000143742
O15121	0.102512044824607	23.6350510505684	0.446834295042972	0.656545051854638	0.904691039418433	-6.1624479673444	ENSG00000143753
P84077	-0.852323924047504	31.2605993155426	-2.57784430825041	0.012357043419843	0.128104482449437	-3.17451796281578	ENSG00000143761
O00292	-0.781861706939832	25.3610467824376	-2.27493276460283	0.0263642277241285	0.204500901535807	-3.82840943213373	ENSG00000143768
Q9P003	-0.455608833599427	26.4187104525846	-2.42914674461468	0.0180333187149091	0.160679227046404	-3.50311505148448	ENSG00000143771
Q16774	0.055945699497272	26.6400333303392	0.133287719339528	0.894395677548617	0.97562305054463	-6.25138765188928	ENSG00000143774
P09874	-0.0119142432035204	30.7764506321731	-0.135571861046643	0.892597084943808	0.97562305054463	-6.2510869219959	ENSG00000143799
Q96C36	0.224534740685758	24.3168147720429	0.617669292368589	0.539045866336867	0.867340545628485	-6.07379602297715	ENSG00000143811
Q14739	0.0119915036542757	28.2758987792054	0.0857983172013601	0.931902038102889	0.986424195924196	-6.25648306303942	ENSG00000143815
P07099	-0.909480782700559	29.9737255651465	-3.89244445439851	0.000244406536601461	0.0117942375582988	0.355013478811819	ENSG00000143819
Q9Y2H5	-0.237318681714122	25.7910950441633	-0.862477791408357	0.391734346159068	0.784314072507352	-5.89794547611952	ENSG00000143850
Q96BM9	0.0606861611164895	25.8751936624233	0.17794623487861	0.859342853507554	0.970185627365775	-6.2445819750628	ENSG00000143862
Q15084	0.365941283701908	32.5625253193442	4.05872617333236	0.000140093355289429	0.0085749862517517	0.866856858622093	ENSG00000143870
Q8WVV9	-0.350166392198158	25.995752646011	-1.57996301720117	0.119182340834967	0.45508096841666	-5.06202602964196	ENSG00000143889
Q96C23	-0.528121428409634	28.6532582640318	-4.26689050190696	6.87065119467577e-05	0.00553638864677725	1.52436116620292	ENSG00000143891
Q9HC35	-0.267772342395443	29.4147976013928	-2.68241543377541	0.00934778491390936	0.106553378267889	-2.93143965211501	ENSG00000143924
P62979	-0.591771885344318	30.4669444318393	-2.16437445399318	0.0342939161116236	0.234341760096094	-4.05074402772066	ENSG00000143947
P62308	-0.0295191554315508	27.0290214055957	-0.0688371201520072	0.945340367011975	0.988539327237031	-6.25776761523542	ENSG00000143977
O76071	0.189810496741369	24.6570918457503	0.291809511715394	0.771402284580127	0.943995624264784	-6.21840661801458	ENSG00000144021
O75643	-0.18489049245645	29.5644456755023	-1.16175211219843	0.249770125973702	0.649532824248837	-5.60627680674913	ENSG00000144028
P82675	0.196655920814244	25.1737628128617	0.603097531900106	0.548634343984779	0.873198952852428	-6.08245604731239	ENSG00000144029
Q9Y3C4	-0.258117220262275	24.6967329792089	-0.861835309511321	0.392085120420877	0.784314072507352	-5.89848151504684	ENSG00000144034
Q9Y2D4	-0.238896017373005	22.8205252460365	-0.668084291731388	0.506548748505628	0.849821978469773	-6.04226084236988	ENSG00000144036
P11234	0.143020420525868	28.9066025007048	1.05851754788468	0.293908735664422	0.695006216642713	-5.71629176195994	ENSG00000144118
Q6P2I3	-0.10613113641115	26.5138707525877	-0.51513457008443	0.608283004855524	0.895751343634127	-6.13038783195614	ENSG00000144199
Q92575	0.18552347009399	26.1859417826971	1.09073883881531	0.27959073677475	0.680128620346499	-5.68300903745564	ENSG00000144224
O15514	0.306285084116141	24.1184042264126	0.686705627938507	0.494817778442927	0.843125437958023	-6.02999669139575	ENSG00000144231
Q0VDG4	0.0361801622858984	24.3141279232117	0.117789384211926	0.906613685523716	0.979157145407174	-6.25329327261606	ENSG00000144306
Q9C0E8	-0.467361203129251	26.2398751306291	-1.94233155438212	0.0566232172940542	0.310475527851716	-4.46781939741386	ENSG00000144320
Q6ZT12	-0.748683078324031	24.9590451978993	-0.942532741722951	0.349577129468489	0.74783997135805	-5.82809667143547	ENSG00000144357
P10809	-0.0874529413468608	33.4023978440137	-0.85644472761265	0.395035884538279	0.786616304109284	-5.90296366038187	ENSG00000144381
Q6ZS30	-0.250635953600888	24.7518234346194	-0.714405930337266	0.47764597528724	0.833206494958835	-6.01113927053481	ENSG00000144426
Q9H9Q2	-0.114130386883556	25.4782972365124	-0.430882960966807	0.668041449311775	0.905275850670256	-6.16928425692078	ENSG00000144524
Q8IYB7	0.56716029111795	26.4288690241495	1.30945450242169	0.195191766200733	0.579728050704029	-5.43192884484144	ENSG00000144535
Q96BW9	0.355420756580841	22.3563517258277	0.947794256983326	0.346898187892057	0.74681483208041	-5.82331072698265	ENSG00000144559
P20339	0.0607642097533656	26.9710692158562	0.342326012565616	0.733258406557266	0.932508109502526	-6.20274114120761	ENSG00000144566
Q8NC44	-0.660593907384584	22.6544449971269	-1.76041170906823	0.0832487837233398	0.380747664700061	-4.77991152361801	ENSG00000144567
Q9GZU7	0.480188028855657	22.7700588887366	1.23948790584362	0.219816286151307	0.611872490241488	-5.51698622127526	ENSG00000144579
Q92600	-0.583522491874021	25.0614761057299	-1.24767821810741	0.216820886136086	0.606631242739906	-5.50725823169481	ENSG00000144580
Q96IJ6	0.125275402242561	28.1535718912957	0.747183544225301	0.457765114602307	0.826433580057975	-5.98787887777894	ENSG00000144591
Q9Y6G9	-0.252934224814908	26.8025239103306	-1.0348820826689	0.30472658289194	0.70261059471871	-5.74009442251216	ENSG00000144635
Q9BXB5	0.00919821801006648	23.0576632552269	0.0281670539707604	0.977618998063361	0.995421890307053	-6.25970013058526	ENSG00000144645
Q13439	0.113849084198485	27.6419991247154	0.507599102597469	0.613527837308348	0.897939625005374	-6.13414660327364	ENSG00000144674
Q6DN90	0.094497783658138	22.4513749842092	0.267092498292883	0.790280587162981	0.952274204106648	-6.22516472894758	ENSG00000144711
P62910	-7.40820458489111e-06	28.4779394625255	-2.75634400516273e-05	0.999978095675564	0.999978095675564	-6.26008876222639	ENSG00000144713
Q8TBC4	-0.260024662693372	26.9499337168504	-1.27159020605557	0.208247975508493	0.59489105820224	-5.47850916687415	ENSG00000144744
O75915	-0.0862038464112409	28.8946659285109	-0.518949102808277	0.605635839316809	0.89396966294435	-6.12846417219992	ENSG00000144746
P82094	0.0759568704506783	25.6210198741509	0.29813366050014	0.766593733580615	0.943016530674842	-6.21658170313806	ENSG00000144747
Q9NUJ1	-0.155589854626058	28.3513436227247	-1.37479130437899	0.174123430828379	0.550349558851194	-5.34852295341733	ENSG00000144827
Q9UI15	-0.737022180103754	24.3488530710584	-1.0025685172625	0.319949398605903	0.717730148163264	-5.77179673571785	ENSG00000144834
Q5HYI8	0.328738254382625	23.4434254801703	0.5046998678578	0.615551191366465	0.897939625005374	-6.13557814367588	ENSG00000144840
P54922	0.042868553312406	23.1762823901116	0.0941588245303782	0.925285335284991	0.985606697198344	-6.25574617468614	ENSG00000144843
Q9NT62	0.141653348377901	26.8562016014682	0.940207618033794	0.350744314712656	0.747886658420552	-5.83022452160477	ENSG00000144848
Q9BWV1	0.727235275213786	23.8318009698164	0.56787182373717	0.572197166657477	0.883685586392464	-6.10251297865178	ENSG00000144857
Q9Y5M8	0.356522850243238	28.6216524153419	2.47507175324185	0.0160564362248665	0.151743061931018	-3.40285195229656	ENSG00000144867
Q9BY44	0.188050479672349	27.7812181122882	1.60453549771992	0.113656682255533	0.445308002028273	-5.02524847784113	ENSG00000144895
O75891	0.798081060539896	26.3503523521049	1.62668706028863	0.108865680254691	0.437686840143147	-4.99166382236701	ENSG00000144908
Q9BXB4	-0.382501821146484	23.7324410496018	-1.25668727443871	0.213560913527004	0.601833416776617	-5.49648754400141	ENSG00000144909
Q6PIU2	0.323417877598729	27.4444450647289	2.20154171331571	0.0314119262421201	0.225380570787212	-3.97692559104212	ENSG00000144959
Q93052	-0.36008970285755	29.7673323964437	-2.62958778092023	0.0107567856033605	0.117160922262006	-3.05441194672837	ENSG00000145012
P48728	-0.382659471471573	25.6728741280089	-1.03751298470242	0.303509209320422	0.702285336593993	-5.73747054952263	ENSG00000145020
Q9Y4B6	0.681031298723205	23.9809662082489	1.48713796884488	0.14202501941795	0.503340179360942	-5.19622521831403	ENSG00000145041
P55145	0.550754328479506	29.6187926003599	3.06470969081417	0.0032190529461264	0.0545139618485319	-1.98613616542471	ENSG00000145050
Q99102	0.0393394246162053	26.9319742972278	0.146469297839945	0.884024108127336	0.975031286806855	-6.24958186976207	ENSG00000145113
Q13144	0.405299011026866	25.0901798171851	0.885530212874447	0.379277807585474	0.772030649028827	-5.87845459557025	ENSG00000145191
P02765	0.100684432179847	29.5120451500426	0.479978709148797	0.632924372638886	0.900088707070852	-6.14745421791513	ENSG00000145192
P52824	-0.0560206721805621	23.9952404740409	-0.115416693515501	0.908486255215721	0.97982111346743	-6.25356425518357	ENSG00000145214
Q6UN15	0.0404176858655099	23.3189814108125	0.109360233233492	0.91326845882407	0.98085768999526	-6.25423096657986	ENSG00000145216
Q9NX58	0.572564177652364	23.3968480118439	1.37398622657793	0.174372009777631	0.550349558851194	-5.34957391205828	ENSG00000145220
Q56VL3	0.0764871729032102	26.7412385439196	0.578824058447552	0.564795913777962	0.881549891788552	-6.09642815491054	ENSG00000145247
Q9UHY7	-0.20432746233444	26.5821437103	-0.830264442912603	0.409561391984773	0.797019437518736	-5.92434139848628	ENSG00000145293
P02774	0.0619976551553698	30.9622324592501	0.60488235273736	0.547455279550421	0.8724942199542	-6.08140629982268	ENSG00000145321
P37840	-0.436084464721677	23.8762666220532	-0.858495938637853	0.393911449729031	0.786248760604626	-5.90126135959956	ENSG00000145335
Q13557	-0.308469523205648	29.3414162371677	-3.1190753532018	0.00274731253073788	0.0493769942026709	-1.84415700182464	ENSG00000145349
Q8N5K1	0.119022165515435	26.5182361989922	0.511387953025275	0.610888167381899	0.89744488760617	-6.13226354780492	ENSG00000145354
Q01484	-0.545987524775903	25.3985888188589	-1.63703729339534	0.106667417888257	0.432630725434814	-4.97580394995144	ENSG00000145362
Q8NB90	-0.449970212864283	22.9671866087359	-1.26133445045267	0.211893538113588	0.599302626210266	-5.49090291666439	ENSG00000145375
P12104	-0.717388196756222	27.3696398792666	-1.52670196267726	0.131950479077405	0.484203204851339	-5.13997955641302	ENSG00000145384
Q8WTS6	0.643770709663414	24.3622634169258	1.08501939466417	0.282096176735272	0.681956781765258	-5.68898696406208	ENSG00000145391
P61247	0.292553042617701	31.6608201811195	1.89494658891769	0.0627445689278274	0.330256886451199	-4.55173752165273	ENSG00000145425
Q8N4T8	-0.428887360316097	26.6534293863877	-1.01681430715535	0.313176527281393	0.711563168027264	-5.75794015920051	ENSG00000145439
O75380	0.053485337299076	28.6383458497097	0.151544730638302	0.880039420294877	0.973925276150282	-6.24883998567846	ENSG00000145494
Q9NUU6	-0.719398654366561	25.8142271832138	-3.0006139455543	0.00387202300907575	0.0608476699380117	-2.15118643269976	ENSG00000145569
P12544	-0.341392143488381	25.5488010581709	-0.668671995995093	0.506176233979948	0.849547246504358	-6.04187885110131	ENSG00000145649
P27986	0.255178152311309	24.8043726720576	0.839528706802164	0.404384518846833	0.792040155984799	-5.9168506835826	ENSG00000145675
P10915	-2.56440413094123	27.5183533245448	-4.8998403218662	7.33708377116748e-06	0.00127203790228111	3.60287481953273	ENSG00000145681
Q13576	-0.442465407775511	30.6594267582096	-3.81089160025952	0.000319721956797691	0.013308731529907	0.108596350361082	ENSG00000145703
P20936	0.803880441711595	26.6861392601307	1.4849600388373	0.142635301393371	0.503713130420744	-5.19929866697142	ENSG00000145715
O43314	-0.327317857401983	25.3060903326433	-0.905909557806637	0.368475964509538	0.764406933657715	-5.86080682622948	ENSG00000145725
P19021	-0.427916211937799	22.9417848676793	-1.0625193505605	0.292103561901891	0.692184402136749	-5.71221038004772	ENSG00000145730
A6H8Y1	-0.864124399965757	26.1105820003598	-1.23838513430805	0.220274151321589	0.612834156712564	-5.51826373566597	ENSG00000145734
P20290	0.240626219967755	27.6560464337553	1.07607255785414	0.286046596441085	0.684128109821595	-5.69827751823777	ENSG00000145741
O95379	0.710484275324664	25.476861513525	1.37578522640073	0.173816917623385	0.550349558851194	-5.34722467789945	ENSG00000145779
Q9Y6G5	-0.0180011646915226	23.6350307459528	-0.0624627301772035	0.950394418308007	0.989251460912291	-6.25817764936808	ENSG00000145781
Q9UNA1	0.225816757246047	23.960558239606	0.541507485335995	0.590090229366744	0.890665753397709	-6.11680059263747	ENSG00000145819
Q7L014	-0.161983932452227	28.147714576918	-1.43315514062237	0.156815663681155	0.529155825528057	-5.27079834458566	ENSG00000145833
Q6PIJ6	-2.31592153827627	30.4628622538655	-2.08745003873394	0.041110034938767	0.261578787072458	-4.20104574087105	ENSG00000145868
Q8NBM8	0.0892276428443282	22.1946114008136	0.171319244810958	0.864528286491621	0.970506166261881	-6.24571518460266	ENSG00000145882
Q13283	-0.064626794075572	28.8590161607927	-0.528061724857162	0.599333457209287	0.893202947043432	-6.12381176995938	ENSG00000145907
Q9NX24	0.0631863275441198	25.4593134405458	0.440216572426857	0.661304654345867	0.904691039418433	-6.16531410209957	ENSG00000145912
O95363	-0.127630058051402	23.9699184868963	-0.216936346436175	0.828967187567596	0.962187755173712	-6.23704500562536	ENSG00000145982
Q9BW72	-0.853386152667344	25.4766163863254	-1.77509190473452	0.0807701742289243	0.374205403628143	-4.7557460450181	ENSG00000146066
P22033	-0.10281218705595	28.3826404293868	-0.78471923312825	0.4355936412972	0.81519986482203	-5.95998477270012	ENSG00000146085
Q7L591	1.05696051950318	22.1113312801092	3.75776721004941	0.000380255786317362	0.0146628690737605	-0.0502229398579965	ENSG00000146094
Q7Z6J4	-0.333871277481133	23.9332549034761	-0.468118485394046	0.641334356086033	0.902647786771382	-6.15294183013643	ENSG00000146192
Q13641	0.267322679454267	21.7946253735502	0.753547624264329	0.453960925640482	0.824632805985357	-5.98324390681978	ENSG00000146242
Q8WWQ0	-0.588394306186718	24.5760948249335	-1.04496697564509	0.300078086257011	0.699217267869826	-5.73000157880085	ENSG00000146247
Q8IYS1	-0.832158194729477	24.6067235595531	-1.78697437692026	0.0788091549677954	0.369197871167859	-4.73605374100444	ENSG00000146281
Q5T160	0.020965856383885	24.6742907222712	0.029007220661725	0.976951605159582	0.995421890307053	-6.25967660075446	ENSG00000146282
Q8N392	0.178992786219553	26.2797961494215	0.892323025107054	0.375655381871214	0.769804132786068	-5.87261570859576	ENSG00000146376
Q9P1F3	0.639713493619794	29.0581349724643	2.51753092178412	0.0144046468913889	0.142556333028573	-3.30879781335856	ENSG00000146386
P63172	-0.135181068799788	26.7472119856547	-0.754063955277612	0.453653086715855	0.824632805985357	-5.98286617012961	ENSG00000146425
Q9P2C4	-0.0877595144397176	23.3265944490613	-0.168743051189123	0.866545712568227	0.970506166261881	-6.24614411491835	ENSG00000146433
Q15007	0.237552719593722	24.7501637776451	0.627873868102752	0.532382652450694	0.864012679706439	-6.06760989954881	ENSG00000146457
P01282	-0.53636123857326	24.589343178475	-0.771212940951371	0.443497536811888	0.819136714369994	-5.97017615340043	ENSG00000146469
Q9H993	-0.499763039223232	26.6310772918289	-1.95168053242431	0.0554775791382042	0.306193561782012	-4.45104650693094	ENSG00000146476
Q9BRJ6	-0.091025469388839	24.3827892567758	-0.203738761172035	0.839222054836115	0.966970165181147	-6.23976257131411	ENSG00000146540
P86790	0.176400755643538	25.7480883457887	0.235738032015492	0.814418235926935	0.956881825291329	-6.2328748092856	ENSG00000146574
P00533	-0.375101500109931	25.8108076416322	-1.40592820990258	0.164716099835265	0.53992655056897	-5.30743359437118	ENSG00000146648
Q96QR8	-0.14037153222025	25.5167560622318	-0.633632970463792	0.52864111003625	0.861720690647627	-6.06407450787944	ENSG00000146676
P40926	-0.110700385661943	33.2751384796073	-1.00094747062718	0.320726264662478	0.718537518982947	-5.77336151441522	ENSG00000146701
O75323	-0.328501456516499	28.3406157155836	-2.36604305070138	0.0211053007224485	0.176243805267246	-3.63836294433755	ENSG00000146729
P40227	0.0778874224307025	30.4102725647247	0.804211279413428	0.424334805076728	0.805811698176524	-5.9449712513523	ENSG00000146731
P78330	0.0582504086798572	22.4775859408956	0.191592668961464	0.848684699779046	0.96894755612696	-6.24211314598664	ENSG00000146733
Q9H0V1	-0.284639313830969	23.1535967902833	-0.512313634988727	0.610244034951307	0.89744488760617	-6.13180137449196	ENSG00000146802
Q9BXP2	0.109299911100283	22.7814638356986	0.278294313939986	0.781708516043694	0.949485591087321	-6.22217580749151	ENSG00000146828
Q9C037	0.031992443115314	22.9317163183433	0.0685639420740345	0.945556428586592	0.988539327237031	-6.25778608484853	ENSG00000146833
Q96H79	0.0352278077313208	22.8021318545081	0.0689567237074854	0.945245038704816	0.988539327237031	-6.25775962766752	ENSG00000146858
Q9Y383	-0.0120524871917524	28.1154178501637	-0.0843489475010996	0.933049607158855	0.986993402510651	-6.25660384732873	ENSG00000146963
Q96B97	0.1423672894249	28.0980182247656	1.10507311605588	0.273379727240676	0.673020159206955	-5.66789427548047	ENSG00000147010
O14936	-0.415304971035734	28.4214289681329	-3.10459789917984	0.00286618727459203	0.0502625428555278	-1.88214180551522	ENSG00000147044
P26038	0.305095337362104	32.7042033431933	2.893554896373	0.00524360247212588	0.071483410701256	-2.42109537814405	ENSG00000147065
Q9NX14	-0.0839965372511635	28.8354644722781	-0.315511925203353	0.753428276955279	0.938088839629172	-6.21136597749879	ENSG00000147123
Q15233	0.22838264532685	30.1361021607518	1.80603193683731	0.0757469308447879	0.36295959041883	-4.70422410247761	ENSG00000147140
Q15125	0.369020251246212	26.5167336855097	0.778057575879912	0.439488244296137	0.816585927218465	-5.96502588876742	ENSG00000147155
O15294	-0.0193421714147064	25.8314954900077	-0.0993397631601067	0.921187643158605	0.984755188814717	-6.25525517957642	ENSG00000147162
Q9UMY4	0.0301151947218905	27.2638906490016	0.212211492287648	0.832635191250497	0.964551492529718	-6.23803748473565	ENSG00000147164
O60879	-0.226268178691306	27.1142691380846	-1.01611552270503	0.313506479009651	0.71171974606146	-5.75862425847415	ENSG00000147202
P60891	-1.15066484920322	25.8645245458926	-1.56500838459022	0.122706498221591	0.462531696190651	-5.08420511752288	ENSG00000147224
Q5JSL3	0.326112305020846	23.4121830757287	0.308646227471477	0.758631993977765	0.940186423445626	-6.21345433092088	ENSG00000147251
P38159	-0.150297259720475	30.1289819835333	-1.23381101763399	0.221910240083883	0.615037198869091	-5.52369318868756	ENSG00000147274
Q15738	-0.141974137350406	25.7740397714168	-0.407928156634719	0.68472571182962	0.911797144470554	-6.1786885544611	ENSG00000147383
P41208	-0.149319002992069	25.9435992788073	-0.805838108896778	0.423403071155701	0.805313172342375	-5.94370190158923	ENSG00000147400
P27635	0.179514210571146	29.6858832880178	1.16597084467661	0.24807298792239	0.648327164477087	-5.60157259090095	ENSG00000147403
P21281	0.208361350982965	29.23475365259	2.54717626496963	0.0133440443096873	0.135000136587616	-3.24236256554153	ENSG00000147416
Q86WR0	0.350017440622128	24.8647516191394	0.458115227015815	0.648468158294223	0.903910242121268	-6.15746093530478	ENSG00000147419
Q9NQY0	-0.15540047808933	23.4364672718976	-0.327431117124089	0.744440156897977	0.935353035844393	-6.20761871133436	ENSG00000147439
O60496	0.556109923352953	27.0798725377434	0.978337374950729	0.331747074561447	0.729549463066278	-5.79487870976357	ENSG00000147443
Q8WUX9	0.74525745590892	22.9089917526067	1.59312663780373	0.116195972556688	0.45033165483413	-5.0423889347409	ENSG00000147457
Q9H7D0	-0.146224679771773	24.5266556321817	-0.198146169928509	0.843576201993912	0.967963190183964	-6.24086279683594	ENSG00000147459
O94903	-0.1763134352782	28.2762659719985	-1.71914927571705	0.0905553128932722	0.39835040065576	-4.84686385238108	ENSG00000147471
O94905	-0.361562658017544	29.6388643501803	-2.85211188560668	0.00588609974854717	0.0777164695613261	-2.52359837092058	ENSG00000147475
O75410	0.167956448545542	25.9920026929231	0.733308281006118	0.466122399498297	0.82980672773388	-5.99785044686502	ENSG00000147526
Q7Z5G4	0.10161954751787	24.4638257236765	0.35765521604906	0.721810857022518	0.92922431056549	-6.19749572393645	ENSG00000147533
Q9Y2Q9	0.207594965980025	24.6479662559401	0.3391315452755	0.735651743012334	0.933321363351595	-6.20380542599084	ENSG00000147586
Q53H82	-0.371951193289743	26.3378372145776	-2.06866433035511	0.0427360756611222	0.267554329024224	-4.23521654266323	ENSG00000147592
P18124	0.0725103666536597	31.8924891234962	0.493586437109906	0.623334833001183	0.899037114426398	-6.14099023573461	ENSG00000147604
Q86UE4	0.352805563728204	28.1366688947487	2.60497312808503	0.011477170402774	0.122110940156395	-3.11104846785917	ENSG00000147649
P53803	0.249505830007124	23.0468271615871	0.622125010680897	0.536131187637656	0.865972561074686	-6.0711072259958	ENSG00000147669
Q969L2	-0.461802293088297	25.6879320512376	-2.49651198742105	0.0152021431892405	0.146981004983916	-3.35552039759131	ENSG00000147676
O15372	-0.279088762681948	28.3526648674862	-2.15408717241913	0.0351111456263472	0.236956778589692	-4.0707509386141	ENSG00000147677
Q9Y6M9	-0.159091560565166	28.8939303547902	-1.1725438256435	0.245445265137293	0.64501832809333	-5.5942107347841	ENSG00000147684
Q6P1N9	-0.418353410785702	25.5560451434005	-0.983890985200897	0.328976847055547	0.725985733303884	-5.78967742483533	ENSG00000147687
Q6XQN6	-0.0640873230704813	29.4983427509307	-0.43624809909126	0.664165619347333	0.904691039418433	-6.16701246724988	ENSG00000147813
Q9UIJ7	-0.413198078324974	29.7103060988394	-3.4959117675096	0.000876851664513523	0.0230404254814782	-0.812465363921067	ENSG00000147853
Q99720	-0.536941731874499	24.3062048298594	-1.09027764555791	0.279792189428711	0.680208118125173	-5.68349219353086	ENSG00000147955
Q13825	-0.523371531984093	26.6661646639969	-2.233342863573	0.0291287557053307	0.216732220796054	-3.91307751081653	ENSG00000148090
Q5VWJ9	-0.311698573608069	23.2437211763372	-0.761254637108343	0.449378524693725	0.822854632355568	-5.97757923818996	ENSG00000148158
P27105	0.236772541758469	28.9252647091236	1.14596183086942	0.256196034695766	0.656502338907902	-5.62373943088526	ENSG00000148175
P06396	-0.104546887596236	33.6261817081678	-1.18153443265285	0.24188350091582	0.641220578752536	-5.58407709298244	ENSG00000148180
Q96E11	-0.268428407754509	26.4794091383748	-1.62403258566954	0.109420953305817	0.438472067816508	-4.99569681279442	ENSG00000148187
P13716	-0.252669022349952	28.5728865995154	-1.61229189873836	0.111956026378608	0.442718267674068	-5.01353132270398	ENSG00000148218
Q9NRF9	0.0559424380778673	24.6326644165003	0.163667640480027	0.870522878124462	0.972116389555013	-6.24697016273797	ENSG00000148229
O15260	0.361457636118885	29.0932075788656	2.48853397247369	0.0155151224375122	0.148262229626693	-3.37317143222345	ENSG00000148248
Q15526	0.314378296412915	25.7150624919834	1.62176157234934	0.109907656300829	0.438745570869999	-4.99915580798846	ENSG00000148290
Q15528	0.156604887824123	23.3179482544876	0.352487152699322	0.725663292204849	0.931125218950816	-6.19928972153586	ENSG00000148297
P62424	-0.349641511044247	31.1846708014051	-2.43243369520174	0.0178848896581014	0.160404317123718	-3.49599006066496	ENSG00000148303
Q9Y5Q8	0.613966186790147	24.4312959186512	2.07597711410792	0.0420313660578583	0.265381216134112	-4.22136201009336	ENSG00000148308
Q9H7Z7	-0.167114667460133	28.5982283607088	-1.30319337560963	0.19730723853979	0.581461146892743	-5.43972039598014	ENSG00000148334
Q9BV86	0.580396526297807	23.2019885124417	0.992698533564999	0.324699007227151	0.72364502748647	-5.78128617542204	ENSG00000148335
Q9NR46	-0.048016564830931	27.5741173367308	-0.339635769448788	0.735273796272593	0.93329795416072	-6.20363809676809	ENSG00000148341
P80188	3.88971371092383	25.5098422649413	4.42139587508437	4.07249822608731e-05	0.00421957844444952	2.01039563399872	ENSG00000148346
Q6UWE0	-0.443737115921422	23.9010048730796	-0.966747723414895	0.337410167670391	0.734893495546025	-5.80580267196154	ENSG00000148356
Q5VW38	0.0850189273792807	22.8584678656151	0.145764922075805	0.884577829200945	0.975031286806855	-6.24968266495998	ENSG00000148358
O15027	0.287035218739703	27.0568572159571	1.48746889583162	0.141937855161541	0.503340179360942	-5.19576015993173	ENSG00000148396
Q9UBI1	-0.083561254118905	25.6944123108032	-0.442589102272907	0.659596655815438	0.904691039418433	-6.16429144527981	ENSG00000148444
Q9Y3D2	-0.0842331774595273	26.3526781863886	-0.102089732791833	0.919021494694904	0.983948501478867	-6.25498193037795	ENSG00000148450
Q9H8M7	-0.567266954867328	22.9466940434981	-1.3973416890887	0.167270317924261	0.54273235021076	-5.31885079484519	ENSG00000148481
Q15404	-0.293410322952397	28.3891067372196	-2.08434262450765	0.0412375793913533	0.262084522635256	-4.20546114105848	ENSG00000148484
Q8TEW0	-0.255994840905725	22.6397742341381	-0.682773695898618	0.497282348908539	0.844666697233339	-6.03261394014596	ENSG00000148498
Q9NQ94	-0.289280290732016	28.0658536536093	-0.541905561647866	0.589862937646802	0.890665753397709	-6.116545254153	ENSG00000148584
O14802	0.888653228823568	22.4391433408376	1.3992639243139	0.166695881862646	0.542188997702322	-5.31630055648206	ENSG00000148606
Q5GLZ8	-0.139595405689313	27.2283620118768	-0.391414115406354	0.696827436159634	0.918627247586294	-6.18513754383515	ENSG00000148634
Q13555	-0.0335228141330006	25.8497095703283	-0.116974549817077	0.907256707923275	0.97945453751171	-6.25338695539935	ENSG00000148660
Q15847	-0.257501087258863	23.3134816957153	-0.519944904422519	0.604945654984386	0.89396966294435	-6.12795967659225	ENSG00000148671
P00367	-0.142134462485863	32.0646298555605	-1.70638812308775	0.0929192053316503	0.402217476495576	-4.8672789519901	ENSG00000148672
P78346	0.282861648477425	24.311425027156	0.842531238004548	0.40271534379939	0.791514322635313	-5.91440553446885	ENSG00000148688
Q9UEY8	-0.702500330130533	28.592681399459	-2.66079222309691	0.00990278192392973	0.110307054196074	-2.98200721438996	ENSG00000148700
Q5SXH7	0.412896271652954	27.7362328069878	2.23779346151265	0.028821177952015	0.215821404012507	-3.90408007153926	ENSG00000148735
P78417	-0.280753189236982	30.3219210503051	-2.01237888698658	0.0485105138634209	0.28566720528859	-4.34043002019833	ENSG00000148834
Q14690	0.0863297512670655	25.5378412060071	0.206432760302826	0.837126413425177	0.966105890456611	-6.23922167033613	ENSG00000148843
O43665	-0.353968267169197	26.8362604207917	-1.20875993517088	0.231325309727126	0.627198460752827	-5.55293999757163	ENSG00000148908
Q9NUP9	-0.452177188627481	28.6147334131652	-1.94017117558273	0.0568908034394117	0.310962481961253	-4.47168521174158	ENSG00000148943
P35542	0.425825658770588	26.3045576779568	1.93859260426961	0.0570870071453313	0.310962481961253	-4.47450753255488	ENSG00000148965
Q53GQ0	-0.183892880857837	29.5627823524926	-0.963944588069843	0.33880254198865	0.735758766015176	-5.80841321904265	ENSG00000149084
Q96GX9	-0.291006653421228	25.9921866825118	-0.484507577905495	0.629732463998208	0.899825244544314	-6.14531645328983	ENSG00000149089
Q7L2H7	0.0602537276303465	28.2693041190653	0.361847304192662	0.718691238723404	0.928678512976	-6.19602141932089	ENSG00000149100
Q9C0C2	0.469578267689911	25.8914448845024	1.26408437387667	0.21091143259084	0.598075944835075	-5.48758905875933	ENSG00000149115
P05155	-0.364626371766885	28.7521000241715	-1.57963026783917	0.119258621141075	0.45508096841666	-5.06252047332003	ENSG00000149131
Q08945	0.105089030034357	28.1639487363561	0.89408454451524	0.374719595213754	0.769642517538263	-5.87109446692909	ENSG00000149136
Q12913	0.514213342036967	23.802247755698	0.775529744618107	0.440962255907667	0.816681123664603	-5.96693769815458	ENSG00000149177
Q8N6H7	0.23288597032985	25.4013013773329	0.49187788779418	0.624535330642479	0.899239504746031	-6.14181167663047	ENSG00000149182
Q92879	0.060796554060186	25.7239845684901	0.175301378627536	0.861411647307869	0.970442117244495	-6.2450393944468	ENSG00000149187
Q53FT3	-0.390414880404379	23.742302077323	-0.840942712511215	0.403597913537662	0.791514322635313	-5.91570023238843	ENSG00000149196
O94919	-0.490705543394117	28.0863251993792	-1.92038056780643	0.0593926109169896	0.31845418616553	-4.506922083607	ENSG00000149218
P50454	0.302466957309541	29.7641252317625	2.44082355829302	0.0175109858084863	0.159411361625502	-3.47776790638542	ENSG00000149257
O15484	-0.779253310756786	28.1450423408588	-3.82886992021448	0.000301414503970123	0.0129410775085208	0.162649976429253	ENSG00000149260
Q96HW7	-0.378437551725924	23.6231404283279	-0.879094688947278	0.382729931964853	0.775620641885966	-5.88394626631549	ENSG00000149262
Q13153	-0.00185480522786818	26.9856241385351	-0.0115829872316313	0.990795352631251	0.997028532073778	-6.26002304234095	ENSG00000149269
P23396	-0.181502221311014	31.1256712467528	-0.894738284353006	0.374372679391128	0.769642517538263	-5.8705291563554	ENSG00000149273
P13591	-0.69777760920439	26.8998776038813	-2.38166043506082	0.0203043795492974	0.172296776758946	-3.60516436595044	ENSG00000149294
Q13315	0.835573885302974	24.631955068163	1.31177907222518	0.194410705678453	0.578668983659718	-5.42902709576449	ENSG00000149311
Q9NRN7	-0.155542328235885	24.6633212665655	-0.541471509586103	0.590114870783245	0.890665753397709	-6.11681958482542	ENSG00000149313
Q6IAA8	0.0253112380393858	27.7971870605675	0.157852379507139	0.875083921471085	0.972564883794026	-6.24788564321213	ENSG00000149357
Q9Y5Y6	-0.167283714257543	28.2264849598245	-0.959249322337552	0.341143225309892	0.737747379731028	-5.81276943171599	ENSG00000149418
Q9Y4L1	0.371719324739672	31.5022163744883	2.66948486307873	0.0096761522959422	0.108624468109623	-2.9617174804305	ENSG00000149428
Q3LXA3	0.0671892488462049	27.9619134600358	0.488950624650925	0.626594520198438	0.899825244544314	-6.14321248630809	ENSG00000149476
O94776	0.0365604227918652	28.3834068387387	0.277152217936276	0.782581270289893	0.949485591087321	-6.22248615378786	ENSG00000149480
Q32P44	0.231123133993542	26.9065391126178	0.525006079969215	0.601447686945074	0.89396966294435	-6.12537653816531	ENSG00000149499
Q8N684	-0.238094716973706	25.505447708513	-0.839522426103393	0.404388014866968	0.792040155984799	-5.91685578941224	ENSG00000149532
O94766	0.081560954472927	22.7937853689687	0.284158650851555	0.777231628079972	0.946541847298087	-6.22056221958556	ENSG00000149541
O14681	1.22218875424695	23.9559443111804	1.99847466452539	0.0500363141021235	0.291373634370648	-4.36603101682884	ENSG00000149547
Q01995	-0.576358917565443	32.7688016712453	-2.57926339569233	0.0122818726446136	0.127811167044042	-3.17000125493797	ENSG00000149591
Q86VX2	-0.140205696546211	24.6662356570753	-0.272356695659193	0.786248907300349	0.951055946761935	-6.223775365215	ENSG00000149600
Q86TN4	0.0917723978789979	23.0841719027359	0.242960880128379	0.808834291929573	0.956623819671774	-6.23118741161077	ENSG00000149743
Q86UX7	0.18847972360091	28.8052236666376	1.74252560572919	0.0863536285671324	0.388439764972835	-4.80910966674099	ENSG00000149781
Q01970	-0.308120359780869	27.5666898398553	-1.26248185034523	0.211483345847233	0.598763595485443	-5.48952104826066	ENSG00000149782
Q13405	0.0181232702426009	26.7963274634455	0.13978912498614	0.889277794838175	0.975169321159376	-6.25051825919565	ENSG00000149792
P62861	0.0796322436083123	27.9868707122195	0.403004887854796	0.688325064556903	0.915025981723255	-6.18063889694549	ENSG00000149806
Q9UID3	-0.269950679334361	25.1212922949814	-1.11588841090068	0.26875788531721	0.668040996878869	-5.65636470783296	ENSG00000149823
P60510	-0.0812300244676969	26.1158260883073	-0.372705643441004	0.71063321880514	0.925389179133615	-6.1921231540613	ENSG00000149923
P04075	0.311309572387259	34.1711117147758	3.26987004343395	0.00175523097354023	0.0365315820561636	-1.44107444313472	ENSG00000149925
P08254	0.0552183833138358	25.229375416894	0.0553147115238754	0.956067495841796	0.991974138827402	-6.25858965966145	ENSG00000149968
Q5T2T1	-0.331794976500081	23.9117481758231	-0.522682675125608	0.603049986251107	0.89396966294435	-6.12656772025098	ENSG00000150054
P05556	0.0352094097574813	30.1720236773728	0.218915470374263	0.827431881209768	0.96169542700088	-6.23662279665356	ENSG00000150093
O00422	-0.0227035492950023	25.2389921252985	-0.0565618305511995	0.955075353543701	0.991535409366195	-6.25852167258464	ENSG00000150459
P50135	-0.0817254630390565	28.2490845441554	-0.413182087821174	0.68089268841914	0.910204077595426	-6.17658124527377	ENSG00000150540
Q53EL6	-0.758217607418295	29.8904544650887	-3.96003668660419	0.000195197676028144	0.0102834068647329	0.561580274914933	ENSG00000150593
Q9C0I1	0.388478304237587	23.8252845629805	1.27412537144824	0.207354033476919	0.593929184154424	-5.47543084043623	ENSG00000150712
P48643	0.0902789819416085	30.9562549435949	0.886812203519798	0.378592476311583	0.771762532084882	-5.87735596412354	ENSG00000150753
Q14185	-0.683791748567973	23.5306160739521	-1.90892937005904	0.060882460809634	0.324210994916928	-4.5271649070238	ENSG00000150760
P10515	-0.306351549431263	29.8354927037323	-2.92185342592576	0.00484285186536853	0.0684146922845974	-2.35046354958269	ENSG00000150768
Q9Y5J9	0.26154526910814	25.6760050159997	1.06437286923693	0.291270048244589	0.691465203777859	-5.71031497662061	ENSG00000150779
Q14116	0.338107646767888	25.6626782125155	1.30072304714901	0.198146610950117	0.582790436629444	-5.44278484565315	ENSG00000150782
P48426	0.0619785532198307	26.4362430358195	0.34854178765756	0.728609089365431	0.932132700718732	-6.20064177836712	ENSG00000150867
O94855	0.173124191026499	27.6835054637241	0.775281285903632	0.441107945885183	0.816681123664603	-5.96712457183085	ENSG00000150961
P0CG48	-0.591771885344318	30.4669444318393	-2.16437445399318	0.0342939161116236	0.234341760096094	-4.05074402772066	ENSG00000150991
Q14643	-0.508711783352226	24.0363161040501	-1.0375865668747	0.303475208955363	0.702285336593993	-5.7373970715425	ENSG00000150995
Q96IV0	-0.39679381928001	23.2988228054105	-0.633072549351931	0.529004598276641	0.861720690647627	-6.06441993763424	ENSG00000151092
Q9NWU1	-0.0797023474925638	25.8004963536907	-0.288572520170839	0.773867021457311	0.945226331826114	-6.21932559812751	ENSG00000151093
Q8IX04	-0.382729001450169	23.6391942459101	-0.795130632464948	0.429558072667867	0.809951649466763	-5.95201038958504	ENSG00000151116
Q12955	-0.247080461297163	27.7549980314427	-1.48857479376296	0.141646873316605	0.502864843877246	-5.19420532198125	ENSG00000151150
Q8NHP8	-0.363691619457789	25.4482466587471	-1.70302236219408	0.0935510692153611	0.403906556161017	-4.87264044996182	ENSG00000151176
Q12792	0.0193785934347019	29.0766064644964	0.179611573773989	0.858040739744816	0.970185627365775	-6.24429044951195	ENSG00000151239
P06730	0.0229056741673723	28.2334149995771	0.123315747358047	0.902254260425823	0.977800741991114	-6.25264074420653	ENSG00000151247
Q96QZ7	0.454522159086462	23.3997526348089	0.855612471634341	0.39549267769115	0.786702079451638	-5.90365321663932	ENSG00000151276
Q9Y6M4	0.622445495613096	23.059702173501	1.75783637647457	0.0836900453801685	0.381573425968277	-4.78413220060191	ENSG00000151292
Q8N128	0.0377132269635396	25.1969035406145	0.109273001218914	0.913337361484213	0.98085768999526	-6.25424030695552	ENSG00000151327
Q9BQ13	0.0137201228478432	22.9366992388765	0.0281629828400171	0.977622232036983	0.995421890307053	-6.25970024291841	ENSG00000151364
O95298	-0.50821253645659	28.3992115069606	-1.71455234503674	0.091407542820917	0.398437514790136	-4.85424798622205	ENSG00000151366
Q16798	0.142450693064216	23.1902916994032	0.328842792648748	0.743377983960014	0.934627021605365	-6.20716570802555	ENSG00000151376
Q8TB37	-0.146111661455741	24.3913561602993	-0.458626032437712	0.64809957414246	0.903814295394978	-6.15723569426851	ENSG00000151413
Q8TDX7	0.0940602098888448	25.4251265185094	0.547064482087156	0.586289833847966	0.887819623430424	-6.11385196108174	ENSG00000151414
Q9H9C1	0.530996472238229	23.2758355393225	0.991953253709189	0.325059548170354	0.72364502748647	-5.7819990319408	ENSG00000151445
Q9HAU5	0.028822690116197	24.0811725944448	0.0608559530177101	0.951668840271525	0.989700458871978	-6.25827470386089	ENSG00000151461
Q8N1A6	0.317936694097902	23.9787302632241	0.628960862889596	0.531675409596818	0.864012679706439	-6.06694505526426	ENSG00000151470
Q12929	-0.121875036300406	26.0020675291678	-0.501428590087999	0.617837790761079	0.897939625005374	-6.13718362290717	ENSG00000151491
Q9UKU7	-0.282410158388462	26.5522719091133	-1.08266677804116	0.283131269284891	0.681956781765258	-5.69143713238408	ENSG00000151498
Q9P016	-0.191465394352775	27.6355111210596	-1.20826930130636	0.231512566063844	0.627198460752827	-5.55350710385624	ENSG00000151500
Q4G0F5	-0.973613151495325	25.8452784914345	-1.61307847183714	0.111799003328622	0.442718267674068	-5.01235829309836	ENSG00000151502
Q96AJ9	0.083225117857495	23.3534770352246	0.165970939747768	0.868717557269348	0.971681223059092	-6.2465984129169	ENSG00000151532
P09417	-0.231298230438508	28.695276624828	-1.67237898282214	0.0994676753045211	0.418496783472986	-4.92101123287203	ENSG00000151552
Q5W0V3	-0.0658845875105172	23.1692683405871	-0.184364590773121	0.854326584862657	0.969338923690401	-6.24344349195323	ENSG00000151553
Q9H974	0.180913606428824	23.0341384564119	0.580107972518702	0.563935224207366	0.881381134308617	-6.09570333021307	ENSG00000151576
Q8IVH4	0.243177294406525	24.6351888903525	0.830033272276104	0.409691084424173	0.797019437518736	-5.92452727519263	ENSG00000151611
P52895	-0.6319319781167	24.3983175337523	-2.34188965753848	0.0223995523772039	0.1842304059018	-3.68935008028332	ENSG00000151632
P19823	-0.0773313379570197	33.4918900664193	-0.661818935418664	0.510529184363519	0.851520123165617	-6.04631257598318	ENSG00000151655
P49441	-0.299420099870922	25.2845149778889	-1.1620317459314	0.249657376688845	0.649532824248837	-5.6059654977331	ENSG00000151689
O43150	-0.205187818101358	24.9506906538703	-0.362639037201224	0.71810259305931	0.928357856792892	-6.1957410564407	ENSG00000151693
Q96B21	-0.160435575573054	23.2900304888678	-0.378453758364878	0.706380821582631	0.923272919484681	-6.19001307799157	ENSG00000151715
P33121	0.390103742735171	27.1558391843775	2.55196709222811	0.0131794396639021	0.133831442248153	-3.23156758227359	ENSG00000151726
P12235	-0.279785174231844	26.9098063283127	-1.22818512094675	0.223999786300723	0.617528227855329	-5.53031103674344	ENSG00000151729
A2RRP1	0.126835657849092	24.3743536027967	0.291210235265915	0.771858413219477	0.944125562742542	-6.21857752332141	ENSG00000151779
Q8N442	-0.126772683101745	22.587737386662	-0.418309500481342	0.67716008665019	0.90878421961662	-6.17449882856673	ENSG00000151806
Q9NZJ4	-0.89801156006866	26.9879035291622	-1.38801338996573	0.170171516915982	0.54746034321112	-5.33117695300636	ENSG00000151835
Q9H361	0.291369336686852	31.3799552636484	2.93998520730276	0.0046011978825258	0.0660271896142452	-2.30493685852285	ENSG00000151846
Q03001	0.0453898107032664	26.0898132691753	0.141438217624781	0.887980377466978	0.975169321159376	-6.25029115855639	ENSG00000151914
Q01085	0.00535898145212244	27.4128244402303	0.0330641116269095	0.973729223614412	0.995421890307053	-6.25955325165	ENSG00000151923
O95817	-0.280804427669196	23.8405569784074	-0.520240084605065	0.604741136733382	0.89396966294435	-6.12780994747101	ENSG00000151929
Q5R372	-0.409587676607288	23.9907748702859	-0.644337818850048	0.521723051921162	0.85743092288309	-6.05741841479331	ENSG00000152061
Q96MV1	0.254711349502418	22.7650931277861	0.553783244438106	0.581710499311201	0.887666649592057	-6.11024707615082	ENSG00000152078
Q6NZ67	0.241941148306637	22.5489352799531	0.778822497428824	0.439034137124656	0.816585927218465	-5.96445557176386	ENSG00000152082
P25705	-0.0960628374505106	33.6678718369723	-0.749141160935355	0.456592983128021	0.825257387138581	-5.9864572506488	ENSG00000152234
Q15118	0.186590808557387	26.4372760274827	0.651467228831033	0.517142236197373	0.854538367874022	-6.05292445754904	ENSG00000152256
O43493	-0.219142047136629	27.7302542974693	-1.01411055122504	0.314454485829638	0.712410296188231	-5.76058457242942	ENSG00000152291
O60551	-0.138996568218332	22.8374492819207	-0.40121376855744	0.689636335127586	0.915876019349909	-6.18134260183557	ENSG00000152465
O75317	-0.526648108522789	23.1650935541323	-1.84476090713895	0.0698297017682573	0.345850466614266	-4.63860832171366	ENSG00000152484
Q8IVM0	0.0857058857209907	23.4982810047754	0.136734581739977	0.891681745088691	0.97562305054463	-6.25093187691297	ENSG00000152492
P08237	-0.996090312038671	27.5478008450056	-2.75267810657512	0.00773925257934179	0.0917437919894582	-2.76524775482625	ENSG00000152556
Q9NR56	0.217603483494656	25.5304970752844	0.483176156567016	0.630665322405362	0.899825244544314	-6.14595147169545	ENSG00000152601
Q4G0N4	-0.161003542113846	26.3870232992815	-0.796085098622728	0.429007262238624	0.809662542624808	-5.95127418673279	ENSG00000152620
Q8N335	-0.422238540239949	28.2945458660054	-2.90632352802247	0.00505912326791111	0.069841516911188	-2.38928940441829	ENSG00000152642
Q9BRX2	-0.121205303481243	23.5300896032547	-0.177504020287927	0.859688683187021	0.970258475127066	-6.24465893103831	ENSG00000152684
Q9Y6B6	-1.03933909118451	26.5190591027242	-2.00581728997979	0.0492429968034037	0.289355669794138	-4.35265260805162	ENSG00000152700
Q5VYY1	0.668653095688523	24.6421116471823	2.43276391713345	0.0178700385632889	0.160404317123718	-3.49527381524973	ENSG00000152766
Q9Y4F1	-0.437764638049234	26.2151589917804	-2.4436981222856	0.0173845010364661	0.158895327838565	-3.47151275472297	ENSG00000152767
Q13325	0.816944669686162	23.3092114987421	2.39477605621684	0.0196528557933417	0.169836802917737	-3.57714449048561	ENSG00000152778
O14979	-0.336074114097272	27.8129781584586	-2.03999238181062	0.0455986681347745	0.277201267936372	-4.28912802425092	ENSG00000152795
P46939	-0.177784074998005	29.0008453199503	-1.98399760496765	0.0516685809589315	0.294313244115597	-4.3925216486916	ENSG00000152818
Q15262	-0.16233012399347	25.8908427337719	-0.559174286650442	0.578048531409487	0.885420966790992	-6.1073230716282	ENSG00000152894
O95749	0.267739254323967	23.9130748326569	0.71197370265664	0.479140258682432	0.834478387286905	-6.01282441729366	ENSG00000152904
O00469	0.980272241235074	24.986442823259	1.98438944993887	0.0516238072397	0.294313244115597	-4.39180685876508	ENSG00000152952
Q6UX04	-0.0228837009626517	24.4944528141483	-0.0396437560152495	0.968503980733253	0.993650462264991	-6.25931891900734	ENSG00000153015
P09132	0.683415908034519	23.5836435281509	1.55234131271764	0.125648915578104	0.468968882031074	-5.10274344760292	ENSG00000153037
Q9Y2V2	0.303384485499617	25.1426073275217	0.461168300605357	0.646285537633467	0.903814295394978	-6.1560935696318	ENSG00000153048
P98082	-0.425059085010492	25.165777959218	-0.753682957298453	0.453880227797334	0.824632805985357	-5.98314492462773	ENSG00000153071
Q9H1A4	0.061534569146044	22.2529910389937	0.188014877961653	0.851476375808716	0.96894755612696	-6.24277803350129	ENSG00000153107
Q9UIL1	-0.522258338963358	24.3153729214811	-1.00524543711353	0.318669280153484	0.717170278446944	-5.76920737370539	ENSG00000153130
O60264	0.0336028119520257	27.8601603143332	0.177217483596874	0.859912781181503	0.970258475127066	-6.24470869318904	ENSG00000153147
A6NKT7	0.333640796429275	23.4850071196264	0.927559327183324	0.357217815890942	0.755076393082127	-5.84163107385267	ENSG00000153165
Q00839	-0.126871481561693	31.322372287773	-1.37793016134608	0.173156853390182	0.550247273622764	-5.3444199309954	ENSG00000153187
P49792	-0.209181884325371	28.5371858777778	-1.01006187150291	0.316374694964137	0.714370973209809	-5.76453166733924	ENSG00000153201
Q96K49	-0.211318536477151	23.478910584955	-0.409761200076431	0.683387457640835	0.911573338188717	-6.17795638155374	ENSG00000153214
Q9NUQ9	0.142179356891365	29.1071569572532	1.15791743816225	0.251319956636788	0.650929859475063	-5.61053862333884	ENSG00000153310
Q9Y2L5	-0.441836008675079	22.9656545830472	-0.814660898093856	0.418371395980252	0.802405808888372	-5.9367741189469	ENSG00000153339
Q8NF37	1.05239478767481	22.8272143188315	2.01622292356196	0.0480958096338089	0.284354022263212	-4.33332487487273	ENSG00000153395
Q9HBL8	-0.115592124178569	23.1726056192069	-0.261897638213187	0.794264808220621	0.952502718023134	-6.22650927238359	ENSG00000153406
Q9NZI7	-0.168779558449952	23.7592564203993	-0.512609105665182	0.61003849779208	0.89744488760617	-6.13165367782223	ENSG00000153560
Q9H871	0.204541535585481	22.2622935937864	0.677614929907297	0.500526041090639	0.846526314155316	-6.03602537292746	ENSG00000153561
P49247	-0.506923903734748	26.353391089139	-1.27380921183592	0.207465360795957	0.593929184154424	-5.4758150544984	ENSG00000153574
Q8IY22	0.287512544242826	22.5100704275525	0.737815326518933	0.463398260521755	0.82980672773388	-5.99463154901872	ENSG00000153815
Q14669	0.0892604532655454	26.1549396674139	0.3851416035137	0.701445019307725	0.920880882485847	-6.18751758654832	ENSG00000153827
O94760	-0.432688693493759	30.3538015948161	-2.65377623875213	0.0100892191330476	0.11182217872461	-2.99834539600251	ENSG00000153904
Q8WXA9	0.0652390832951539	24.7782472968554	0.30647670673671	0.760264206368108	0.941105081437488	-6.21411453390864	ENSG00000153914
Q7LGA3	-0.28191350423133	28.0058585249302	-0.199244907371599	0.842746029802825	0.967963190183964	-6.24063714499294	ENSG00000153936
Q96DH6	-0.396594334871981	24.9137066699379	-0.863154873709942	0.391364892353315	0.784314072507352	-5.89738014747288	ENSG00000153944
P54289	-0.0647413685232827	25.427457921444	-0.305357289914165	0.761112518380685	0.941105081437488	-6.2144495058337	ENSG00000153956
Q16537	0.428157967123301	25.5696960889917	1.82799163244687	0.0723423405083764	0.354356537181079	-4.66717218460883	ENSG00000154001
Q9P2X3	-0.441526148319912	23.9268656868612	-0.906272198476669	0.368285543186078	0.764406933657715	-5.86048925360569	ENSG00000154059
P04216	0.232974701921034	27.4793241472293	0.626109805688968	0.53353661936782	0.864780108654976	-6.06868101052274	ENSG00000154096
Q5QJ74	-0.420069512544963	22.4957199220615	-0.988495648808909	0.326735708299255	0.723741788153785	-5.78529943557231	ENSG00000154114
Q96BN8	0.111958973110166	23.9134753148739	0.17442238415536	0.862099408960061	0.970506166261881	-6.24518989878719	ENSG00000154124
O94826	-0.0806405204023228	29.7851477824891	-0.753942616285098	0.453725418736985	0.824632805985357	-5.98295496195435	ENSG00000154174
Q7Z7G0	-1.75704738100688	27.2334594575903	-4.12068795373567	0.000113951520430403	0.00748647760128901	1.05775883076916	ENSG00000154175
Q5T0F9	-0.299458805029708	23.0769766842466	-0.613409057643173	0.541840257291089	0.869735915370865	-6.0763490096073	ENSG00000154222
P17252	0.445110024517469	26.3018580609788	1.77827305460288	0.0802412370013671	0.372704825697151	-4.75048564852037	ENSG00000154229
Q9H3Q3	-0.361574905859236	25.1385708784054	-0.777099740984407	0.440042302637028	0.816585927218465	-5.96575549697535	ENSG00000154252
P09936	-0.333079733150754	28.3253915854316	-1.87070699413787	0.0660868616865154	0.33883319611394	-4.59395493669001	ENSG00000154277
Q5JRA6	0.19673767636133	28.3307980645247	1.15721261694779	0.251605564848714	0.651165232615109	-5.61132048837118	ENSG00000154305
Q15124	-0.541308771177139	29.2905482744341	-3.2236536198559	0.00201621037232708	0.0396909572573991	-1.56603829231281	ENSG00000154330
Q8N8S7	-0.386226100036872	26.5926082559376	-0.83832042013736	0.405064651161104	0.792715144284247	-5.91782451224247	ENSG00000154380
Q96PP8	1.41817685751288	22.5947480159376	3.06481736480816	0.00321804807375997	0.0545139618485319	-1.98585675686243	ENSG00000154451
O43684	-0.242803117668188	28.7039436547033	-2.35183152740656	0.021858496127433	0.180574780170567	-3.66841567608269	ENSG00000154473
Q53GG5	0.195992435997486	27.4025706544903	0.940238519583258	0.350728592885958	0.747886658420552	-5.83019647007053	ENSG00000154553
O94875	-0.263640549648684	25.8769118266671	-0.943372234961502	0.349136624435966	0.747422412948442	-5.82734712573648	ENSG00000154556
Q15369	0.130984366625551	27.794525285249	1.12200121077945	0.266170061992705	0.665992452032236	-5.6498005524297	ENSG00000154582
P78310	-0.305183983690096	25.8467077071602	-1.44852760797134	0.152486817792599	0.522305664210452	-5.24982410110494	ENSG00000154639
Q9UJ41	-0.0860393457406374	24.0677191011751	-0.252447659464323	0.801526556859526	0.953890073015057	-6.22888757146709	ENSG00000154710
Q9NYK5	0.162506235727697	27.5207617439362	1.1746974841867	0.244588647738778	0.644070467843153	-5.59179000010345	ENSG00000154719
P18859	-0.784518823087904	30.0090026097535	-6.23619929338919	4.35899477688366e-08	2.16087259257696e-05	8.3904217804624	ENSG00000154723
Q06546	-0.668393110154938	29.5950927267893	-0.591912171076253	0.556137194812219	0.876970859227447	-6.08887751639613	ENSG00000154727
Q01831	-0.147908707348765	24.5830846060769	-0.267745112918767	0.789780455799536	0.952274204106648	-6.22499395525234	ENSG00000154767
Q9UPR0	0.307909447366569	25.8846039898129	0.217874803972372	0.828267240252349	0.96169542700088	-6.23683109719789	ENSG00000154822
Q8TF05	0.275032073157085	24.1449429032761	0.632478379609724	0.529390118039529	0.861720690647627	-6.06478583981716	ENSG00000154845
Q9NUB1	-0.24915235982153	28.0601649413184	-2.5754087108459	0.0124002331834044	0.12819141247674	-3.17851302823742	ENSG00000154930
Q6UXV4	-0.601633308589474	26.8552433769661	-3.01612578718897	0.00370355840301553	0.0594336027816223	-2.11147716502743	ENSG00000155008
Q92932	-0.540625414489149	22.5789910220655	-0.940548762169627	0.350570775670582	0.747886658420552	-5.82991479120031	ENSG00000155093
P21283	0.273909135857927	27.0808738186618	1.28051854173728	0.205112362532324	0.592068150478663	-5.46764214254345	ENSG00000155097
Q8N6M0	1.08117446252561	23.0437411436018	1.85319653489977	0.0685937337042882	0.343493724772086	-4.62415153131833	ENSG00000155100
Q5VTQ0	0.554981533550027	23.638931434963	1.4342481886723	0.156504745625868	0.529088888963334	-5.26931388404014	ENSG00000155158
Q9NUQ2	-0.272210554071236	25.9925543919294	-1.40468824710194	0.165083080334353	0.540659481719657	-5.30908637634694	ENSG00000155189
Q96T76	-0.380659835038035	24.4078459617252	-0.843023759509348	0.402441944318921	0.791514322635313	-5.9140036294173	ENSG00000155229
Q9BTU6	0.0588827559122898	23.3373280376977	0.071872256069147	0.94293445037426	0.988539327237031	-6.25755842796506	ENSG00000155252
P48723	0.522186874221219	26.9513216585742	1.966514280913	0.0537004391895893	0.299851760398073	-4.42428805188646	ENSG00000155304
Q96HH9	0.00417633078201973	22.6397253898192	0.0112981001225611	0.991021733834276	0.997028532073778	-6.26002623540109	ENSG00000155324
Q9HCE1	0.0940513840529107	26.1799898901773	0.271906393264757	0.786593551665111	0.951063112467816	-6.22389527014018	ENSG00000155363
P08134	-0.0762238578256351	27.057650300072	-0.28286883001772	0.778215645124883	0.947445838996648	-6.22091999602725	ENSG00000155366
P07108	-0.182166622577313	31.8862687867229	-1.0772449090827	0.285526783132056	0.68410885346228	-5.69706434084905	ENSG00000155368
P53985	-0.510120725193755	26.9353807014432	-1.62607184673067	0.108985405834168	0.437686840143147	-4.992587024216	ENSG00000155380
Q7Z4Q2	-0.687302733851926	23.558113493512	-1.60576191464609	0.113386401293424	0.445308002028273	-5.02339924945809	ENSG00000155393
Q9BYG3	-0.0966176265273369	23.3004698314689	-0.252719778887133	0.801317200081907	0.953878298401541	-6.22882030590172	ENSG00000155438
Q15070	-0.0616623288549434	26.3004177279899	-0.273857859989676	0.785100283296478	0.951055946761935	-6.22337421082715	ENSG00000155463
Q6PKG0	0.100767651066214	26.8068409145229	0.424574665841831	0.67261024261857	0.908195356389641	-6.17191967287326	ENSG00000155506
Q92621	-0.597797299070589	30.1052553170553	-0.874595341461837	0.385287705066011	0.777850372352818	-5.88762240953676	ENSG00000155561
P13667	0.313815646104729	33.2835526837027	2.6146438738538	0.0111890661235848	0.120106255062811	-3.08884723356294	ENSG00000155660
Q5VTR2	0.15412286594513	26.1731562792778	0.694263128216049	0.490099505170735	0.83962710572044	-6.02492457968363	ENSG00000155827
Q92556	0.437852328598137	26.413249528593	2.06476536769779	0.0431159713054528	0.268391999461911	-4.24258606043154	ENSG00000155849
P50443	-1.74565832599596	26.7391499075313	-2.86437756201707	0.00570983866070047	0.076126528647432	-2.49561904972606	ENSG00000155850
Q7L523	-0.376568272186045	25.0493490607489	-1.42355547803063	0.159566932018253	0.532595039483722	-5.28379015959787	ENSG00000155876
Q9NWS8	0.114128467052769	23.6265828840144	0.19548466003812	0.845650067035625	0.96856328828928	-6.24137565349668	ENSG00000155906
P61758	0.127022242424911	27.2368842166385	0.791381407229245	0.431725773055931	0.811096200796257	-5.95489388664128	ENSG00000155959
O15247	0.309422227607353	26.6128372173521	2.02436414495228	0.0472275772319597	0.280853548032253	-4.31823794912428	ENSG00000155962
Q8NEZ2	0.236807344467991	23.1183039715295	0.730394783583494	0.467888205535521	0.82980672773388	-5.99992093494546	ENSG00000155975
Q12840	0.355336547178684	25.2036446756339	0.446381683986501	0.656879094154885	0.904691039418433	-6.16263734139149	ENSG00000155980
Q8NE86	-0.11837001183132	27.4029104634141	-0.439389110176552	0.66190077501715	0.904691039418433	-6.16566948743136	ENSG00000156026
P50148	-0.133515099253447	27.1126491566611	-0.626306837673674	0.533403083828883	0.864780108654976	-6.06856635293962	ENSG00000156052
P55263	-0.488005614756105	27.1817755934913	-1.43343145329606	0.15673702114036	0.529155825528057	-5.2704231861727	ENSG00000156110
P27707	-0.0715813680159947	24.5605197798502	-0.135606661025013	0.892569686886374	0.97562305054463	-6.25108230073964	ENSG00000156136
Q330K2	-0.317325987544823	22.6559148623494	-1.3609655399633	0.178430107714127	0.558541548430044	-5.3664909572319	ENSG00000156170
Q9Y5T5	0.302852574560077	22.6214720057223	0.595671959094967	0.553553469655636	0.875618058681854	-6.08679051606725	ENSG00000156256
P50990	0.0794848718470149	31.4855359215969	1.00978058932815	0.316508393778635	0.714370973209809	-5.76480532493824	ENSG00000156261
P56748	-0.249959234599888	22.6465236676044	-0.707184757802575	0.482090059560678	0.836410147879217	-6.01612587617813	ENSG00000156284
P41732	0.0727211960672349	22.550728611778	0.20208502972752	0.840509059561112	0.967144102508281	-6.24009109274898	ENSG00000156298
O95104	-0.22758165940726	25.1697434410316	-0.587687504844105	0.558867406852051	0.878662763162635	-6.09139200181566	ENSG00000156304
Q96NB2	0.070971039831349	25.5472883796281	0.256405006448705	0.798483392290542	0.953041917187918	-6.22790222872674	ENSG00000156398
P56378	-0.0830468927692287	28.8446353092183	-0.475751198831816	0.635916568600081	0.900553762545728	-6.1494258759378	ENSG00000156411
P51993	0.464177663954	22.8103732871094	1.08095035019606	0.283888115644074	0.681956781765258	-5.69322150512978	ENSG00000156413
Q08174	-0.435118949837818	26.2572056741148	-1.89502889513123	0.0627334685172072	0.330256886451199	-4.55159334950742	ENSG00000156453
P14927	-0.399346574918532	30.3334683649635	-3.11128218938877	0.0028107169587116	0.0499245588790045	-1.86461989828214	ENSG00000156467
P48651	0.187181956393108	23.9686785481551	0.345935828375239	0.730557079316908	0.932508109502526	-6.20152651535145	ENSG00000156471
P62888	-0.664928732133593	28.971582916067	-1.67450108099887	0.0991196364017057	0.417696582147219	-4.91781503164544	ENSG00000156482
Q8IYB8	-0.299033634244314	25.2737406179575	-1.15970173400714	0.250597958695411	0.650264120978513	-5.60855725161061	ENSG00000156502
P68104	-0.174133958086514	33.7407822119536	-1.30808494797301	0.195653041501513	0.579815166991385	-5.43363617744163	ENSG00000156508
P19367	0.0558514943879516	30.0167961579913	0.448524889403125	0.655331417400596	0.904691039418433	-6.16170895849512	ENSG00000156515
Q6YHK3	-0.495440932646972	24.1611800302385	-1.27549912988989	0.206870815956972	0.593929184154424	-5.47376032685514	ENSG00000156535
Q9Y2Y8	0.960650769217132	26.3521501217039	1.52223454302155	0.133069963584335	0.486368767807385	-5.14640521808775	ENSG00000156575
O14933	0.494837080767613	25.4187833024825	1.0980593867113	0.2764065871246	0.676501400175245	-5.67531357949922	ENSG00000156587
Q9Y639	-0.368179011758162	27.3088909324519	-1.74222276897482	0.0864070117205298	0.388439764972835	-4.80960171402765	ENSG00000156642
Q6WKZ4	-0.31163916976438	26.341527396335	-0.855440297195164	0.395587218385547	0.786702079451638	-5.90379578814359	ENSG00000156675
Q9BVJ6	0.277468449712149	21.9888005894241	0.673030801267928	0.50341803188622	0.84817932900876	-6.03903542232088	ENSG00000156697
O95831	-0.0578335379111543	30.3119639907707	-0.5693173125451	0.571188951565882	0.883685586392464	-6.10174569636165	ENSG00000156709
O15264	-0.473928799909228	26.9424124400863	-1.6025085869044	0.114104517126297	0.445721454547393	-5.02830187271543	ENSG00000156711
P11836	0.502038061241286	23.6371891996268	0.551391739933567	0.583345929699658	0.887666649592057	-6.11152777888083	ENSG00000156738
Q6PL18	1.17714971677803	23.7113107302273	3.06009744717887	0.00326237283496984	0.054615290031022	-1.99809799983694	ENSG00000156802
P15735	0.579039587628948	22.9340556065836	1.14684078436757	0.255835278246344	0.656194624777664	-5.6227733976533	ENSG00000156873
Q96EH3	-1.34846531706604	24.0486360341521	-2.44515523545493	0.0173206999298016	0.158895327838565	-3.46833972507611	ENSG00000156928
Q8N3P4	-0.388855029641373	22.8235858757297	-1.09724093334034	0.276761319659378	0.676762096906991	-5.67617640423432	ENSG00000156931
Q01415	-0.0293481771646675	26.0844592415358	-0.189234617217239	0.850524422523235	0.96894755612696	-6.2425527666529	ENSG00000156958
Q8NFL0	-1.09870039309013	26.8149183355913	-4.09946797659539	0.000122022898305048	0.00792131981496933	0.994120329638561	ENSG00000156966
O43924	-0.195139819376269	24.7668619228778	-0.760957994694577	0.449554402364609	0.822900354512995	-5.97779831724962	ENSG00000156973
Q14240	-0.154361595511752	29.1009957008122	-1.26249052459523	0.211480247067789	0.598763595485443	-5.48951059690996	ENSG00000156976
P55735	0.311520837616698	29.0555362059058	2.03161221887662	0.0464659896229164	0.279359472341525	-4.30476157188604	ENSG00000157020
Q9Y2C4	0.0884500605800049	23.4440625362855	0.166945189167607	0.867954153085191	0.971659617485844	-6.24643960818348	ENSG00000157036
Q96Q15	-0.880222511852388	24.2672159824938	-1.41207861617548	0.162905114052726	0.536750203582787	-5.29921536572559	ENSG00000157106
Q0JRZ9	0.0857339317885177	26.4156810279394	0.519057091114762	0.60556097579009	0.89396966294435	-6.1284095092184	ENSG00000157107
Q93062	0.469244381997953	23.6439475559852	1.33747273275199	0.18593349438863	0.569042520747818	-5.39663045805609	ENSG00000157110
P07357	0.328167165516245	25.7162190546123	1.38190503562303	0.171938734685918	0.549694273430874	-5.33921148901256	ENSG00000157131
Q5SWX8	0.194446057673488	25.4665417137932	0.53353475112259	0.595562941852041	0.892210988388791	-6.12097897910455	ENSG00000157181
P23786	-0.369655713800672	30.4749660006985	-3.01280847261159	0.00373900159508758	0.0596163032105631	-2.11998192586239	ENSG00000157184
Q9NVZ3	0.227943782346962	26.2615099367524	1.64716231264748	0.104562777872828	0.428623652295028	-4.96021562071858	ENSG00000157191
P50281	0.843158638024867	23.4446314702324	1.43538856910605	0.156180874457382	0.528977831314352	-5.2677640154482	ENSG00000157227
Q9BTZ2	-0.261094219617984	26.9350450019901	-0.945024437878721	0.348299178901545	0.747316439778146	-5.82584114752728	ENSG00000157326
Q8N0W3	-0.103883265667839	25.5827633467123	-0.48231628086986	0.631272492724819	0.899825244544314	-6.14635657199518	ENSG00000157353
Q96LJ7	-0.269029451796193	26.9369646062002	-1.25496774623684	0.21418032028902	0.602137322836109	-5.4985489872239	ENSG00000157379
P51690	0.362983742614986	25.4729418225394	1.01453272063028	0.314254711992785	0.712410296188231	-5.76017211711843	ENSG00000157399
Q12965	0.0400373398509473	27.6346908150856	0.146145846028001	0.884278371591078	0.975031286806855	-6.2496282155589	ENSG00000157483
Q9UKG1	-0.223312125151516	28.1842565157162	-2.10934903293545	0.0389418360592639	0.251301576368244	-4.15760066523016	ENSG00000157500
O14972	-0.152998690640409	25.4042631147036	-0.343045613263505	0.732719637675658	0.932508109502526	-6.20250002374544	ENSG00000157538
Q13627	-0.487600302050172	23.6065378130798	-0.636083432011955	0.527053275759889	0.860957035032759	-6.06256056148399	ENSG00000157540
Q8TB61	-0.262479781653536	24.7043190536524	-0.541141581574131	0.590340876021804	0.890738460693662	-6.11699370095312	ENSG00000157593
P20591	-0.653518052912421	25.7080994766069	-1.24420526442096	0.218087337972475	0.60890774809677	-5.51139064007845	ENSG00000157601
Q9HBR0	0.394863294493472	23.0740016971534	0.72562646040887	0.470786353602394	0.82980672773388	-6.00329208946646	ENSG00000157637
Q9Y2D5	0.649605653513721	23.7561288572242	1.05284047794962	0.296482728184096	0.695816210097395	-5.72205626887621	ENSG00000157654
Q9BT73	-0.206722339602958	25.5380571413786	-0.654297148702725	0.51532987689752	0.854391553275213	-6.05112712590897	ENSG00000157778
Q96PY5	-0.102636917733328	23.9593379483573	-0.250031690593405	0.803385936076556	0.955323756992255	-6.22948160688032	ENSG00000157827
Q8TBF2	-0.149316489687251	26.2745082426	-0.651707717302891	0.516988089362959	0.854538367874022	-6.05277201774401	ENSG00000157870
Q9NVE7	-0.123654162952143	26.9455242795523	-0.710189406847213	0.480238133384622	0.835338031138404	-6.01405705703776	ENSG00000157881
O15258	-0.52863692363762	26.8016269229226	-0.99077871689659	0.325660168247166	0.72364502748647	-5.78309058504787	ENSG00000157916
Q9Y4P8	-0.0602661023607034	24.2316845872243	-0.0704909910261408	0.944029305098665	0.988539327237031	-6.25765474493364	ENSG00000157954
Q53RY4	-0.546937325019144	23.8791650735387	-1.17745388937153	0.243495426710879	0.64248788412462	-5.58868558259842	ENSG00000157992
Q99487	-0.797679568510429	24.9244852576949	-1.43263639976754	0.156963387507923	0.529194488408815	-5.27150247296082	ENSG00000158006
Q9NXR7	0.139169890643466	25.4785291083827	0.636867764670467	0.52654557608949	0.860957035032759	-6.06207476633285	ENSG00000158019
Q9NRX2	-0.388217118541842	26.5178734939056	-1.53819298523282	0.129068039844418	0.477481696927825	-5.12334300466919	ENSG00000158042
P16333	-0.622220124294021	25.0551057885315	-1.644685317606	0.10507451328474	0.42887074920785	-4.96403728034606	ENSG00000158092
P47989	0.870676547846625	25.763242201841	2.17825312974082	0.0331822574830031	0.231089208243698	-4.02318881993713	ENSG00000158125
Q6P4Q7	-0.627965459547998	27.2705139112906	-2.99192844484718	0.00396943727209522	0.0614924472861797	-2.17335482271932	ENSG00000158158
Q9Y6W5	-0.0421632395572935	26.652943751052	-0.265128278699603	0.791786400407032	0.952274204106648	-6.22567620950268	ENSG00000158195
Q8WU67	-0.468269870671033	23.4243833646829	-0.797072135456089	0.428438098270055	0.809466121659768	-5.95051195181536	ENSG00000158201
Q13620	-0.248182250998568	25.0312492844213	-0.435705944384362	0.664556862016982	0.904691039418433	-6.16724330362497	ENSG00000158290
P58876	0.469276648290439	35.1332017220077	2.8173827732597	0.00647966597624063	0.0815485923929013	-2.60862957670577	ENSG00000158373
P62805	0.107609466473043	35.2654045184246	0.648226828101825	0.51922162327357	0.855899489634455	-6.05497305907895	ENSG00000158406
O60841	0.0771955507056923	27.584209050392	0.301215195277332	0.764254015156375	0.942616977722393	-6.21567835118707	ENSG00000158417
Q9UKZ1	-0.0987994021483587	22.2088782430349	-0.332570100718657	0.740575890719119	0.934627021605365	-6.2059602917108	ENSG00000158435
Q96HN2	-0.598772432075549	29.9893620665139	-3.63330358778559	0.00056794331564631	0.0177996244109494	-0.416890807531507	ENSG00000158467
P14598	0.886218664551585	25.7141383286684	2.53599964403728	0.0137353115582408	0.13793490594307	-3.26748297078672	ENSG00000158517
Q86VM9	-0.0918564928727008	24.7140065614352	-0.156875235399782	0.875850739781915	0.972742189452835	-6.24803622525537	ENSG00000158545
Q7Z7H5	0.0914193671024108	28.0516149589416	0.585236068437931	0.560504002195906	0.879869823692848	-6.09279246204255	ENSG00000158604
Q9UBF2	-0.250016321126491	27.345694897072	-1.15519509732814	0.252424387345123	0.652046510749862	-5.61355602551497	ENSG00000158623
P37802	0.0813420982061075	32.1690333741358	0.998580302618501	0.321862966048476	0.720196452138834	-5.77564211649129	ENSG00000158710
Q9BVJ7	-0.127125115231078	25.9424168593162	-0.370191254556433	0.71249625220414	0.925389179133615	-6.1930360554146	ENSG00000158716
Q8WWU7	-0.705114299304487	25.4525791826188	-1.21717005366777	0.228132604826037	0.622314704410396	-5.54318495497321	ENSG00000158764
Q9Y624	-0.128410284946593	27.7413371955261	-0.825194957193768	0.412411235364943	0.798938038798591	-5.92840599454243	ENSG00000158769
Q86X76	-0.000389484917622696	27.3516874292577	-0.00264588575858338	0.997897349849361	0.999363498389085	-6.26008533333598	ENSG00000158793
P32320	0.559802835913743	27.19720143352	0.691523334028189	0.491886187852058	0.840924282654205	-6.02668434953144	ENSG00000158825
Q08495	0.400584654168458	22.9068790552224	0.892432770362925	0.375597037839537	0.769804132786068	-5.87252101833454	ENSG00000158856
O75306	-0.293217816978803	29.8419411149932	-1.99745297288972	0.0501500386895586	0.291543881635568	-4.36790607325984	ENSG00000158864
P30273	0.926039944146524	23.2908281064714	1.58109638932597	0.118922817559123	0.45508096841666	-5.06034119422034	ENSG00000158869
P02652	0.476411835114341	30.3636563584625	1.72710028110586	0.089127466994113	0.395401947957071	-4.83412025309318	ENSG00000158874
P25189	-0.259713847562978	24.6730780526138	-0.416519756122573	0.678462050170986	0.909005788595181	-6.17522860560437	ENSG00000158887
Q8N163	0.143671247026539	29.262230392115	1.74687147322415	0.0855905526411403	0.38764558434563	-4.80204001928764	ENSG00000158941
P11171	-0.173020295148284	27.649433419117	-0.940997016681182	0.350342834680223	0.747886658420552	-5.82950764765627	ENSG00000159023
Q9BVK2	-1.78771251234836	26.2756894153138	-0.814441367003995	0.418618614485755	0.802405808888372	-5.93681516310273	ENSG00000159063
Q9Y5B6	0.282780797266135	22.7137728688526	0.60134355577692	0.549794281910117	0.873551345937024	-6.08348466760228	ENSG00000159086
Q7Z7H8	0.0836774398672446	24.7203723054144	0.187417072220657	0.851943018161672	0.96894755612696	-6.24288790761803	ENSG00000159111
P22102	0.245894424756898	28.7458871434682	1.77978405044846	0.0799910116134731	0.371859323383009	-4.74798407494675	ENSG00000159131
P18583	0.148464048717223	26.9780869276955	0.576893955440439	0.566091001519577	0.882354619403589	-6.09751479266732	ENSG00000159140
O00515	-0.0696367533720945	26.9325363987111	-0.164756417403964	0.869670614479095	0.972116389555013	-6.24679461401137	ENSG00000159166
P21291	-1.23998530525605	29.0006225822209	-2.74818696754832	0.00787310590270183	0.0929265075485564	-2.7788625128844	ENSG00000159176
P02747	-0.443702126346107	28.1563637123224	-2.02436164788567	0.047227841451822	0.280853548032253	-4.31824258469798	ENSG00000159189
Q9H832	-0.0258424341902632	26.5769949315807	-0.0760542972597167	0.93961974001385	0.988539327237031	-6.25725551056677	ENSG00000159202
Q96H20	-0.166527039629859	26.3971218552585	-0.763213703071243	0.448218009269196	0.821833491777044	-5.97613030800246	ENSG00000159210
Q96NY7	-0.0151919759126748	25.851522121525	-0.0527117390919788	0.958130335162528	0.992074856506437	-6.25872774657024	ENSG00000159212
P16152	-0.141207212668512	30.4779933478078	-1.10549605824223	0.273197946303261	0.673020159206955	-5.66744542616818	ENSG00000159228
O75828	0.110443370960319	27.6340148422263	0.239187919173797	0.811754271535336	0.956784310461773	-6.23207279449069	ENSG00000159231
P68032	-0.276790767976813	34.8920529377724	-1.79579868984985	0.0773786451831447	0.365004975937447	-4.72135319666124	ENSG00000159251
Q14149	-0.272765218202974	24.0692844073584	-0.276701832597369	0.782930825710588	0.949582249243736	-6.22260488845965	ENSG00000159256
Q6ZUM4	-0.0470183021289934	24.9440456344224	-0.12393804568533	0.901763552139525	0.977800741991114	-6.25256539307476	ENSG00000159314
Q9BRR6	-0.201632925309884	26.9928580993666	-0.999730458287045	0.321310331462809	0.719550405530471	-5.77453467369194	ENSG00000159322
Q9UM07	1.90536956381569	23.3783692436043	2.59862093986056	0.0116700625528756	0.123566701166662	-3.12559563148963	ENSG00000159339
Q9UHQ9	-0.499028478686984	28.1680908661601	-4.3796872515571	4.63823105148428e-05	0.00443724103925329	1.88789419958797	ENSG00000159348
P55036	0.132880575556623	28.1887693301698	0.675602581471547	0.501794459943771	0.846526314155316	-6.03734920751814	ENSG00000159352
P28070	0.0150997858863597	29.6390179732713	0.134507418858821	0.893435184603949	0.97562305054463	-6.25122770175133	ENSG00000159377
P52789	0.324657235269928	30.2867045476923	2.19296161533686	0.0320542684326921	0.228187892641606	-3.9940188522794	ENSG00000159399
P30038	0.343318193185265	26.6075152831548	1.44314342740514	0.153992267627273	0.524782947190361	-5.25719405067636	ENSG00000159423
Q9P2P6	-0.150586837690437	25.1979490609276	-0.319686267939002	0.750276348437553	0.938088839629172	-6.21006946012968	ENSG00000159433
Q8IWV7	-0.270456087968956	24.6275459409213	-0.533598778289155	0.595518897457275	0.892210988388791	-6.12094566797048	ENSG00000159459
Q13564	-0.839966440492908	26.5723277228967	-1.98367151956493	0.0517058661035653	0.294313244115597	-4.39311638797654	ENSG00000159593
P12821	0.423801406118898	23.9935300751091	0.970957448539592	0.335326197768891	0.733761539499905	-5.80186837153479	ENSG00000159640
Q9BRQ6	0.646525877466939	24.6018805838893	1.03294588157956	0.30562462146249	0.703543720723264	-5.74202134411253	ENSG00000159685
Q13363	-0.244600107319823	26.9403616646842	-0.925351002547586	0.358355908966286	0.755576617732975	-5.84360720593629	ENSG00000159692
Q9BW30	-0.43868535092157	27.8317527794656	-1.51621192062247	0.13452642083201	0.489048381864632	-5.15500081664196	ENSG00000159713
P61421	0.352930175088698	27.0980671708497	2.18521939339579	0.0326437507045417	0.230242404859712	-4.00939412839663	ENSG00000159720
Q15942	-0.53629262802399	26.2175121718711	-1.37321244930405	0.174611179947461	0.550349558851194	-5.35058346580886	ENSG00000159840
Q12979	-0.0596918145709076	26.3354123488584	-0.296375545811097	0.767929597050314	0.94351643232578	-6.21709294505219	ENSG00000159842
Q9Y223	-0.153691262889158	28.5607614360253	-0.682121288309966	0.497691930719002	0.844666697233339	-6.03304677703218	ENSG00000159921
Q9NRY4	-0.478051707129097	24.3684227203709	-0.860505493203192	0.392811776671732	0.784972396882876	-5.8995897763939	ENSG00000160007
O00273	-0.0520595817040785	25.0540211865407	-0.101182380606683	0.919730796442523	0.984162486852644	-6.25507421920382	ENSG00000160049
Q9NW68	0.0810640146631272	23.4189520546255	0.134486848812708	0.893451381847937	0.97562305054463	-6.25123041135773	ENSG00000160058
Q5T9A4	0.47866135519077	25.3827396086242	1.37288842329114	0.174711409033234	0.550349558851194	-5.351006066647	ENSG00000160072
Q4VC31	-0.102108703625643	27.6321494337375	-0.657821552285418	0.513077482370022	0.852731335374499	-6.04887797720538	ENSG00000160124
Q3ZAQ7	0.00274702425895157	23.2082697734381	0.00671720084884943	0.994661964464556	0.99786860863125	-6.26006666041955	ENSG00000160131
O60229	-0.13648552785455	23.9966830124209	-0.308878191129371	0.758445320238317	0.940186423445626	-6.21339179638297	ENSG00000160145
Q07654	-2.27070879176334	28.4333443364581	-3.77550732056969	0.000366492545028484	0.0143775816405779	-0.0129038462940168	ENSG00000160180
P56181	-1.23268133190811	25.0947129895229	-2.44958013796819	0.0171282383563313	0.157504694362689	-3.45869451688432	ENSG00000160194
Q01081	-0.270976909602201	26.9473995797675	-1.25012593085345	0.215931561569365	0.605502125976206	-5.5043391701329	ENSG00000160201
P02489	-0.102763016538031	24.6251725977927	-0.207734697004808	0.836114069877435	0.966103794968921	-6.23895772455897	ENSG00000160202
O00764	0.272417856780251	29.2005779215949	1.65197309179747	0.103574685592925	0.426299589503041	-4.9527782500728	ENSG00000160209
P11413	0.481998860948785	29.4375710371457	3.16890627182834	0.00237248719105506	0.0450772566300461	-1.7124479107502	ENSG00000160211
P04080	0.178927801721464	31.2861586122273	1.18545144540592	0.240343422061371	0.638972536474603	-5.57963897675882	ENSG00000160213
Q9NRZ7	-0.199287189861035	25.5047347858696	-0.477658025041503	0.634566175663526	0.900553762545728	-6.14853869909223	ENSG00000160216
P48553	-0.586577282909928	24.5282638404863	-1.77299302758697	0.0811207447387056	0.375510544193686	-4.75921213742882	ENSG00000160218
P05107	1.0977434241255	27.5755268312507	3.79721681955689	0.000334355873548281	0.0137085908154795	0.0675848786199982	ENSG00000160255
P48449	-0.142764165259472	27.5189535315284	-0.703455070297749	0.484394388318225	0.836497626570383	-6.01868191221167	ENSG00000160285
P52735	-0.192722293629657	23.324744628536	-0.437621567482068	0.66317488385856	0.904691039418433	-6.16642640098201	ENSG00000160293
Q14689	-0.0430076614491384	22.1552400421889	-0.0900991307881418	0.928497640872536	0.98569641773234	-6.2561125420346	ENSG00000160305
P04271	-0.185382321043122	25.6459948926793	-0.49484630988113	0.622450250049464	0.899037114426398	-6.14038270092058	ENSG00000160307
Q5JU69	0.281676691059467	23.5705034726654	1.48035795313284	0.143820120227724	0.505642240878	-5.20573214753402	ENSG00000160404
Q969X2	-0.660958354642101	26.8880606532921	-2.60189649177349	0.0115702315109924	0.12274800083549	-3.11809781207803	ENSG00000160408
Q8NBN7	-0.190914679312609	27.2322951426846	-1.04629806107694	0.29946817658063	0.698759078688138	-5.72866239236468	ENSG00000160439
Q7Z7L7	0.362187174933563	23.0501183190594	0.61341933156103	0.541833509484229	0.869735915370865	-6.07634287385224	ENSG00000160445
Q9H254	-0.642188871448305	24.3389530185604	-0.669217882817819	0.505844673811235	0.84925215710981	-6.04150838918486	ENSG00000160460
Q15424	0.00286615822028935	27.71898880411	0.0124627236269088	0.99009628837404	0.997028532073778	-6.26001268024235	ENSG00000160633
P23297	0.118438163157045	22.4139647408936	0.314969149857488	0.75383818145569	0.938088839629172	-6.21153347799528	ENSG00000160678
Q9Y3Y2	-0.175786893413356	23.1948035697811	-0.281213283386762	0.779479211791468	0.948560620820994	-6.22137684010541	ENSG00000160679
Q8NFF5	-0.121299058892948	25.2313246095663	-0.47203895495152	0.638549093760392	0.901607511205442	-6.15114294450588	ENSG00000160688
P29353	0.204230173486874	24.6750314456683	0.992482401407074	0.324803537126856	0.72364502748647	-5.78149295810806	ENSG00000160691
Q86UT6	0.103201895128993	22.6890151495978	0.243780215363997	0.808202467725085	0.956623819671774	-6.23099225173554	ENSG00000160703
P55265	0.242748960760114	28.2292898790998	1.94209906287075	0.0566519622615913	0.310475527851716	-4.46823560332112	ENSG00000160710
Q9NW15	0.132842301729518	26.5526705813911	0.731212424296039	0.467392268856301	0.82980672773388	-5.99934069276779	ENSG00000160746
P14324	-0.138277834874714	28.8532350232996	-0.652232594917139	0.516651741185628	0.854538367874022	-6.05243911790734	ENSG00000160752
P02545	-0.148180387353321	34.7361853016101	-1.343487250646	0.183990126025715	0.567693030652962	-5.38896133231837	ENSG00000160789
Q6ZNJ1	0.707788207741814	25.7616270922679	1.08220969144864	0.283349279874007	0.681956781765258	-5.69189848081093	ENSG00000160796
Q8WUD4	0.332774900515865	24.0271298243291	0.781677777650523	0.437366209122724	0.816036556596148	-5.96229487587552	ENSG00000160799
Q9NRR5	-0.00552943671577921	25.0939495497057	-0.0160283958225256	0.987262986486563	0.997028532073778	-6.25996291707378	ENSG00000160803
P08590	0.0256096990719854	28.8721172391925	0.0664048438014789	0.947270884606045	0.988539327237031	-6.25792840098955	ENSG00000160808
P25311	-0.0770263983202	29.033061988999	-0.67565592408031	0.501760814682628	0.846526314155316	-6.03731416582068	ENSG00000160862
P52790	2.6222658794143	22.7816865616386	2.53952115662841	0.0136403699961234	0.13723420219347	-3.26071746639455	ENSG00000160883
O95639	-0.0769865748625449	23.2843392363323	-0.193023341969842	0.847568917079276	0.968707167377975	-6.2418437697844	ENSG00000160917
Q9UK41	-0.18102055391153	27.3758650311018	-1.48701400626754	0.142057681283053	0.503340179360942	-5.19639940068391	ENSG00000160948
Q13501	0.433405500449879	25.3623868446914	1.13254492324633	0.261747815549484	0.661327688639441	-5.63839752908664	ENSG00000161011
P62917	-0.0102836372933517	30.4549260484011	-0.0409583278831301	0.96746047130512	0.993650462264991	-6.25926698774797	ENSG00000161016
Q96PD5	0.0789972318367909	26.046802019514	0.324568712905494	0.746595414120296	0.936793560551528	-6.20853128906576	ENSG00000161031
Q9UFC0	0.57948100863327	22.6913984032575	1.74246894437257	0.0863636145856411	0.388439764972835	-4.80920173563927	ENSG00000161036
Q6IQ20	0.0537261682490389	22.4678176143474	0.188811429188653	0.850854677116376	0.96894755612696	-6.24263108772165	ENSG00000161048
P35998	0.359570479508292	29.5772158171126	4.32261181850504	5.6617680389049e-05	0.00476428087839616	1.70333264318771	ENSG00000161057
Q96CW1	-0.374376164768805	28.573171633841	-3.12762760833521	0.00267927335281136	0.048538463763722	-1.8216586032725	ENSG00000161203
Q9NUQ8	-0.291128565423435	26.2547610950897	-1.30777455932011	0.195757696187654	0.579815166991385	-5.43402288380321	ENSG00000161204
P49585	-0.134408113508069	28.1656870714827	-0.876579595136359	0.38408441468681	0.777077424080961	-5.88608187957537	ENSG00000161217
Q02338	-0.531190120726762	29.5612111112015	-3.72138486059488	0.000427885039425818	0.0151166973535156	-0.158200150587816	ENSG00000161267
P22570	-0.23190483886054	26.9183348615193	-1.21730075237939	0.228083243066831	0.622314704410396	-5.54303284716988	ENSG00000161513
Q15067	-0.153617061070566	28.9299372051969	-0.966645815714943	0.337460721226343	0.734893495546025	-5.80589770685435	ENSG00000161533
Q14558	0.171595172629463	27.3248183049213	1.66948399274837	0.100042110136056	0.419211779785091	-4.92553966768419	ENSG00000161542
Q8WWM9	-0.0608963149657704	28.0136422923314	-0.453065118576135	0.652076721529911	0.904691039418433	-6.15971057145628	ENSG00000161544
Q01130	0.20258324356783	29.5039596646674	1.8526791394002	0.0686690076154117	0.343493724772086	-4.62503992534232	ENSG00000161547
Q8IZ83	0.207439449371435	28.0097803576936	1.15773158081865	0.251395247396751	0.650929859475063	-5.61074484089639	ENSG00000161618
P81605	0.496252487826723	24.1000909925417	0.795616671908099	0.429277532839475	0.80970265879407	-5.95163560365779	ENSG00000161634
P08648	0.0253379685547621	26.8237226937881	0.119362282935299	0.905372618212109	0.978297495610207	-6.25311059557944	ENSG00000161638
Q3MHD2	0.117978078605564	24.4895512830579	0.271147014066396	0.787174848663056	0.951344071311978	-6.22409702662169	ENSG00000161654
Q5UCC4	0.899218669597804	23.2958041051204	1.49734727872503	0.139355274800577	0.498297910483637	-5.18183363474963	ENSG00000161671
Q8N3E9	-0.413897996968533	26.183267031192	-1.34851900709195	0.182376168057296	0.564413873108079	-5.38252043873429	ENSG00000161714
Q71RC2	0.480216660598888	22.7407789181829	1.71753079087458	0.0908523520709658	0.398437514790136	-4.84946071402552	ENSG00000161813
Q8NC56	-0.0762121029749245	27.5973842494049	-0.35302876793343	0.725259219663934	0.931121356848429	-6.1991029295893	ENSG00000161904
P16050	2.49979880178225	24.2691145864672	3.69893369309908	0.000460068051499761	0.0158781714229633	-0.224506580526096	ENSG00000161905
P60842	0.0402718968815243	31.5602837540873	0.346471454127953	0.730156545939104	0.932508109502526	-6.20134520751781	ENSG00000161960
P61254	0.420597908224607	30.0829881394732	1.76402117184692	0.0826382135834766	0.378914294428102	-4.77399936296479	ENSG00000161970
Q96QI5	-0.544491530679291	25.9463277738854	-0.904971961556218	0.368982464385224	0.764406933657715	-5.86161289717553	ENSG00000162040
Q9Y303	0.0380273077495161	24.4127441805057	0.119252903544597	0.905458914422284	0.978297495610207	-6.25312337730073	ENSG00000162066
A1A5D9	-0.086677580511644	24.3819462170966	-0.16039786222744	0.873086908105228	0.972371164695261	-6.24748898671005	ENSG00000162069
Q96CP2	0.363851364653073	22.2598884989312	0.643199538909667	0.522456398174701	0.85786050564488	-6.05813140409883	ENSG00000162076
Q9H078	0.254527588683832	25.7828967142929	0.853545705689603	0.396628458859217	0.787081086147184	-5.9053627822384	ENSG00000162129
Q7L266	0.599921453044857	25.9123683203293	1.79204208933845	0.0779849576216519	0.366912833400231	-4.7276193205178	ENSG00000162174
Q04323	0.404414926112164	25.4540286046739	1.48608943293608	0.142301475801184	0.503401594277412	-5.19769811225839	ENSG00000162191
Q8N5M4	-0.157512409914816	24.7444375174202	-0.269800313752473	0.788206032512728	0.951535863469539	-6.22445344190103	ENSG00000162222
Q9UBU9	0.0636280513309053	27.7498925949571	0.238752298828143	0.812081711368742	0.95684562923374	-6.23217953089095	ENSG00000162231
Q13190	0.629772396355332	24.6981287871872	1.20580390869631	0.232455182104128	0.628135831523196	-5.55635344384334	ENSG00000162236
P47914	0.0559139377279507	28.4090941798715	0.134896689309887	0.893134017532178	0.97562305054463	-6.25117462967996	ENSG00000162244
Q06033	0.64805549223254	24.5072728897412	1.34359249491741	0.183956257901049	0.567693030652962	-5.3888268466309	ENSG00000162267
Q86TM6	0.0423853544265747	25.0902997401757	0.0904304283627695	0.928235450255614	0.98569641773234	-6.25608324886909	ENSG00000162298
O95159	-0.184033681316969	26.0926018479279	-0.687109255353647	0.494565160081513	0.843033391036102	-6.0297271837479	ENSG00000162300
P30085	-0.143543449990062	31.0441926419775	-1.40402257378457	0.165280353482266	0.540869335609407	-5.3099731081224	ENSG00000162368
Q96BR5	-0.390537258820888	23.6380902251549	-1.31702181190802	0.192657760602823	0.576282374419745	-5.42246477275785	ENSG00000162377
Q9NWV4	-0.369931766573636	27.7452982499964	-1.39202085474052	0.168868327037138	0.545968359946121	-5.32589283680978	ENSG00000162384
P61326	0.274875764394618	28.3348363989067	2.31521018311562	0.0239108841393552	0.191744192958682	-3.74516333985941	ENSG00000162385
Q8WXI4	-0.808629499307735	26.9819885295187	-2.99290049113965	0.00395842288087298	0.0614924472861797	-2.17087618233825	ENSG00000162390
Q7L3T8	0.0932512602796685	25.459078581772	0.198926053957202	0.84296872120542	0.967963190183964	-6.24071120582657	ENSG00000162396
Q9UPU5	0.0925916079361038	25.9829039803656	0.464263709241987	0.644077998145984	0.90283171589529	-6.15469605079827	ENSG00000162402
O14495	-0.668966950573559	23.1120223858715	-2.92829823299363	0.00475564160471963	0.0673850648942043	-2.33430555447423	ENSG00000162407
Q5SY16	-0.05260739331084	22.7891116466874	-0.146645506273068	0.883885596917144	0.975031286806855	-6.24955657865262	ENSG00000162408
P27144	-0.49658012446119	27.3942755218514	-1.97653075422382	0.0525281526351086	0.296486301351605	-4.40611876192247	ENSG00000162433
P23458	0.824984620148047	24.3658242919419	1.86581792152243	0.0667788999608221	0.339423354629152	-4.60241153040225	ENSG00000162434
Q9HCJ3	-0.177493437759178	22.5966434154592	-0.488089481491398	0.627200862098653	0.899825244544314	-6.14362299787121	ENSG00000162437
Q8WZA0	-0.287059703369501	26.7521215228655	-1.35641777091625	0.179864325608644	0.559709824670054	-5.37236393919331	ENSG00000162441
Q8WUP2	0.0214576370809638	26.2056976311608	0.0679249855429012	0.946062999472775	0.988539327237031	-6.25782880115323	ENSG00000162458
O95154	0.0965199325871318	29.3217639552085	0.715271234533731	0.477114990185339	0.833093504323546	-6.01053838977653	ENSG00000162482
O75911	-0.21081545003916	22.9466336470426	-0.570720350050138	0.570243230262414	0.883685586392464	-6.10096639472236	ENSG00000162496
Q9UBV8	0.281234678361127	26.2588748115561	1.14625354153069	0.256076265275041	0.656502338907902	-5.62341889844586	ENSG00000162517
Q09028	0.36129861337271	28.7719368448357	3.38133932400041	0.00125061029304975	0.0292685747982844	-1.13463669683034	ENSG00000162521
Q9P206	0.154670499139591	23.2148991542888	0.276247764475622	0.78327262449592	0.94969403782685	-6.22273102129276	ENSG00000162522
P05186	1.72842959736228	23.8285700731572	2.36753598678531	0.0210275364578083	0.176243805267246	-3.6351971600277	ENSG00000162551
Q12857	-0.300160772626544	23.2482084266243	-0.643638465242883	0.522173552009559	0.857654331056665	-6.05785661921214	ENSG00000162599
Q96E52	-0.32957919781127	24.8322540577304	-1.13848405662123	0.259279842473063	0.659566811623273	-5.63192936369572	ENSG00000162600
Q96AE4	0.217458164410086	29.8569901069253	1.85753644819008	0.0679650668492104	0.341385676760142	-4.61669097710873	ENSG00000162613
Q0ZGT2	0.211614748747341	25.3336437646824	0.322014350002325	0.74852287986834	0.937763410776516	-6.2093372017251	ENSG00000162614
Q9UDY4	0.0911045798160224	22.5485092827153	0.203418506422682	0.839471256550073	0.966970165181147	-6.2398264001673	ENSG00000162616
Q9UNH6	-0.720734667910918	24.4403658600458	-1.40251504634319	0.16572778290456	0.5411458683704	-5.3119798040647	ENSG00000162627
P32456	0.339024921353602	27.994797187595	1.86387006855213	0.067056312038454	0.339423354629152	-4.60577523054283	ENSG00000162645
Q96PP9	0.775146369691978	23.5373747436743	1.46310028349021	0.148469738678551	0.516398748916218	-5.22974851139259	ENSG00000162654
Q5BKZ1	0.526139736454592	25.116650249074	1.72593835016941	0.089318025528558	0.3956549091854	-4.835946635701	ENSG00000162664
P35573	-0.181159356294412	28.8529930529521	-1.43007177819289	0.157695312725258	0.530155696850081	-5.27498014059679	ENSG00000162688
P19320	0.0279467126173962	24.3247074753608	0.0466931091565552	0.962907259821051	0.992154633017358	-6.25902079937491	ENSG00000162692
Q8NEW0	0.0563340504948968	25.0987654580135	0.0913361492008244	0.927518698907142	0.98569641773234	-6.25600261689245	ENSG00000162695
O15511	-0.159937105996818	30.0747115811686	-1.05010737791815	0.297727412579113	0.697083546927395	-5.72482080991429	ENSG00000162704
Q8N126	-0.555721760308643	24.6812221127112	-1.89221407057394	0.0631140414775311	0.331881261501424	-4.55652079977066	ENSG00000162706
Q969P0	-0.789800955677226	23.1645142641141	-2.91405113953019	0.00495041367119982	0.0688637901761547	-2.36998922765227	ENSG00000162729
Q15121	-0.0671086101241478	27.6102892721869	-0.466759819228572	0.642300818661714	0.902647786771382	-6.15356177142623	ENSG00000162734
P40855	-0.115548161623632	24.4282582427534	-0.233487966995329	0.816148426449655	0.956881825291329	-6.23339617119839	ENSG00000162735
Q92542	0.0352294978459966	26.6376226445876	0.233006385306172	0.816520705148297	0.957112511860203	-6.23350611786533	ENSG00000162736
Q96T37	-0.365451688716611	23.8517686957657	-0.570685456224761	0.570266741269078	0.883685586392464	-6.10098579911999	ENSG00000162775
Q9H6A0	-0.499586046128773	25.0567039859675	-1.1614480643851	0.249892760443014	0.649532824248837	-5.60661521404882	ENSG00000162777
O95861	-0.427207562722252	28.5328897453955	-3.26024295222909	0.00180682187225185	0.0367634316021989	-1.46720726941581	ENSG00000162813
Q5VW32	-0.248731393395154	27.6972311821379	-1.96221576972721	0.0542103386449604	0.301480980633781	-4.43206042709562	ENSG00000162819
Q9H5Q4	0.248419300475518	22.5286841329269	0.620690793623822	0.537068483771264	0.866459894084231	-6.07197478468335	ENSG00000162851
Q6ZMI0	-0.331974067060376	25.9826583105622	-0.662405883259925	0.510155581479424	0.851520123165617	-6.04593460069444	ENSG00000162869
P46952	-0.690558556955665	27.5994476662184	-3.68374719030922	0.000483135078552515	0.0161627949898581	-0.269215810415862	ENSG00000162882
P49137	0.16815032862014	25.5805778158084	0.492909554229436	0.623810316639665	0.899037114426398	-6.1413160072393	ENSG00000162889
P01833	-0.281304704134122	31.8494293667825	-1.18269740883544	0.241435872506034	0.64065684319971	-5.5827539901488	ENSG00000162896
P17655	-0.145694947962738	30.5049963470517	-1.27930550962915	0.205536301609155	0.592554902318962	-5.469122798046	ENSG00000162909
Q7Z7F7	-0.0641200929664762	25.7987772000018	-0.240969025648773	0.810370827251711	0.956623819671774	-6.23165912246584	ENSG00000162910
Q9H7D7	-0.594654526850288	24.8268277266045	-1.40993793380726	0.163533684637288	0.537730944942097	-5.30207957400319	ENSG00000162923
Q04864	0.192480738286886	22.7598676587726	0.362718766546219	0.71804332456991	0.928357856792892	-6.19571278943759	ENSG00000162924
Q9Y316	0.238883915719423	26.2651130053322	1.4347965896898	0.156348933177667	0.529007813581802	-5.26856870656384	ENSG00000162959
Q9C005	-0.0387925628604684	26.4880386835877	-0.161876037919807	0.871927610730528	0.972116389555013	-6.24725573640074	ENSG00000162961
Q8WWC4	0.374541934784752	25.6006870385202	1.44475274408691	0.153541085362027	0.52455492842239	-5.25499387521985	ENSG00000162972
Q8N755	-0.00341050464478698	22.6546111331901	-0.00814738019582347	0.993525450642988	0.997182823919789	-6.26005624680835	ENSG00000162976
Q96KN4	-0.382337774121002	22.9617368856274	-0.812931112814481	0.419355048836315	0.803123448850978	-5.9381381877318	ENSG00000162981
Q8WTR2	-0.591749319764602	28.2725331782152	-1.87405380430079	0.0656272670058568	0.338796595137367	-4.5882004557182	ENSG00000162999
Q8NFH5	0.0785212598599792	25.4157685344572	0.24925062782791	0.803987302449206	0.955323756992255	-6.22967243426241	ENSG00000163002
P62760	1.14813433395375	22.7677894151286	2.29742375717459	0.0249681224520146	0.198182200481566	-3.78207555762771	ENSG00000163032
Q8NI60	-0.267791219632468	26.9328398981575	-1.08686801946321	0.281284674324523	0.681103609720969	-5.68705809786915	ENSG00000163050
Q16585	-0.336532103536406	23.6950112205837	-0.604528513150148	0.547688926261366	0.8724942199542	-6.08161465514253	ENSG00000163069
Q8IVI9	-0.185206856246943	23.4442810183131	-0.327569339837549	0.744336133331045	0.935353035844393	-6.20757444175639	ENSG00000163072
A4UGR9	-0.541242912838658	26.3296098162433	-0.994586585123226	0.323802139464387	0.722804333169614	-5.77946319444736	ENSG00000163092
O60760	-0.359833897160808	23.0603461531107	-0.692948843378963	0.490918250680095	0.840231393897852	-6.0258105684713	ENSG00000163106
Q96HC4	0.123531730228375	29.3185875206077	0.857965487842234	0.394202042353402	0.786528992664873	-5.90170196183818	ENSG00000163110
Q5VT52	0.835112329397152	23.1381544047958	1.27888045695012	0.205685006236864	0.592554902318962	-5.4696413129598	ENSG00000163125
P25774	0.0465056177602143	29.8796836330323	0.309572304319903	0.757919852837721	0.939944725386421	-6.21318185235019	ENSG00000163131
Q6P589	0.227179045845329	22.6668192063392	0.635707927486146	0.527296430932171	0.860957035032759	-6.06279293009784	ENSG00000163154
Q96ST2	-0.213849709576955	22.8995082463133	-0.598575373286871	0.551627448824844	0.874435875947227	-6.08510204730601	ENSG00000163166
P31949	-0.361312886383139	29.8599473752182	-1.17792364836368	0.243340134424975	0.64248788412462	-5.58813517335713	ENSG00000163191
P42331	0.369863749494272	25.7539262825928	1.13727881672586	0.259779333326474	0.659793528006178	-5.6332445819154	ENSG00000163219
P06702	4.01399819845095	26.99186959941	5.83904376212926	2.19671724977816e-07	8.55621368788594e-05	6.88106773769958	ENSG00000163220
P80511	3.09442121811425	23.2281911429859	3.50958104551954	0.000841851401334624	0.022393247275501	-0.775026181132744	ENSG00000163221
Q8N7R7	0.322213699107895	22.0906352869898	0.86605267224529	0.389786141278755	0.782586092928223	-5.8949557466469	ENSG00000163249
Q8TDQ7	-0.243677658535482	23.5236303140125	-0.65209757843233	0.516738250350375	0.854538367874022	-6.05252477638131	ENSG00000163281
Q9Y3D5	-0.686749883931789	23.0602894072798	-1.61834945470637	0.110642202829392	0.440463102503524	-5.00434449108876	ENSG00000163319
Q9UFW8	-0.0680850106872164	22.9835262065271	-0.231040802252011	0.818040605289501	0.957864595371193	-6.23395251701562	ENSG00000163320
Q15126	0.0174299920167087	25.7661390795952	0.093009449452636	0.926194674701501	0.985606697198344	-6.25585153797737	ENSG00000163344
Q96AQ6	-0.24979255523051	25.495502565726	-0.913973678955767	0.364256345933182	0.761322289909407	-5.8537156975449	ENSG00000163346
P12111	-0.318635104345681	34.3478167776854	-2.55900305774683	0.0129410277564644	0.131901727768225	-3.21568419485487	ENSG00000163359
Q8NCW5	-0.62831270923045	28.0609797738393	-2.96111883196777	0.00433366844236948	0.0642755811914004	-2.2516079103308	ENSG00000163382
Q8NBL1	-0.021099230770055	25.6917087099412	-0.0976476180878553	0.922525759193271	0.985515542890508	-6.25541843382886	ENSG00000163389
P05023	-0.306002725240589	33.533855569628	-2.87467955562311	0.00552773376730918	0.074673645781304	-2.46791935983406	ENSG00000163399
P29536	-0.533431749952637	26.0574693196785	-1.48600412829436	0.142323985777601	0.503401594277412	-5.19781789850461	ENSG00000163431
Q16270	0.0797644265514528	24.0518238900121	0.188584487698357	0.851031792576795	0.96894755612696	-6.24267301652979	ENSG00000163453
Q8N6L1	-0.246827674320961	23.8172980099058	-0.401988221315266	0.689069244226155	0.915568856911604	-6.18103871312422	ENSG00000163463
O15144	-0.377433329360077	30.6939624331478	-1.73838171687895	0.0870864726817603	0.390207506601182	-4.81583592469625	ENSG00000163466
P49368	0.210671295989108	31.0038616758	2.38727320069768	0.0200232367162997	0.171817341132836	-3.59318895034948	ENSG00000163468
Q9HCG8	0.273981271122853	22.6763919997793	0.545031443061947	0.587678867765187	0.888689092047578	-6.11493418207436	ENSG00000163510
P98095	-0.706404990243644	24.1696192847755	-1.49898208055	0.138931471516807	0.498070133746002	-5.17952064376138	ENSG00000163520
Q8TCJ2	-0.363491850722333	27.6485398579809	-1.37753688993717	0.17327773154414	0.550310698957598	-5.3449344852502	ENSG00000163527
Q8N4Q1	-0.688690234650647	24.1387962709667	-1.00804890935408	0.317332330912376	0.715071687757545	-5.76648844210926	ENSG00000163528
O75122	-0.018251271756256	24.0403029049886	-0.0274229843472273	0.97821006893345	0.995421890307053	-6.2597203917101	ENSG00000163539
P53597	-0.581831975670443	30.3120472754876	-3.39940042052159	0.0011830588590149	0.0280487824269923	-1.08432765100793	ENSG00000163541
P02549	-0.137896608252515	29.9594922334811	-0.770397986957796	0.443977118847617	0.819136714369994	-5.97078554126041	ENSG00000163554
P41743	-0.0942967805552328	23.4008607571394	-0.178547550061432	0.858872645086689	0.970185627365775	-6.24447702487005	ENSG00000163558
P41218	2.02248433219231	25.967092918108	3.53725078736676	0.000771201417887557	0.0212391986451558	-0.695434063141766	ENSG00000163563
Q16666	-0.437936775575693	27.6075956517394	-1.20694208063392	0.232029944473422	0.627684435414229	-5.55503384863408	ENSG00000163565
Q6P5R6	0.826684880641345	24.24255071077	2.16566397713628	0.0341751963126053	0.234341760096094	-4.04802267897176	ENSG00000163584
P07148	-0.620495747065959	33.8491539563754	-2.20893219108186	0.030910036370521	0.223544334653118	-3.9627361608421	ENSG00000163586
Q9NY27	-0.0502817976066581	25.2912088309934	-0.110771956202116	0.912153462947845	0.98085768999526	-6.25407877027648	ENSG00000163605
Q92903	-0.480387638592674	23.1580747839019	-1.29120553885926	0.201405498315941	0.586679584570953	-5.45453995112749	ENSG00000163624
Q15008	0.0380844864279126	29.2080853626814	0.229348825661339	0.819349498952429	0.958203377514335	-6.23433375467939	ENSG00000163636
P49915	-0.0542307510877045	27.8382025446857	-0.355495751488496	0.723419716923898	0.930065909578256	-6.19824850464735	ENSG00000163655
P26022	-0.0877885640306744	24.9062823027754	-0.195881877943923	0.845340482450619	0.968412111513282	-6.24129955176508	ENSG00000163661
Q14BN4	-0.105664052925437	27.3885332395527	-0.582383514145698	0.56241137497498	0.88047421331762	-6.09441478764245	ENSG00000163681
P32969	-0.199312853667937	29.3009790543379	-1.45405620661898	0.150952950742099	0.51999143423668	-5.24222984495729	ENSG00000163682
Q9BV23	-0.445729915101225	24.1201958874895	-0.554362373278583	0.581318594576624	0.887666649592057	-6.10993228879094	ENSG00000163686
A0AV96	-0.0448661658874663	28.521850289842	-0.511227678894301	0.610999724905901	0.89744488760617	-6.13234348511731	ENSG00000163694
Q96HD1	-0.0405781742017197	22.6691255081295	-0.0953581766308736	0.924336562661189	0.985606697198344	-6.25563485073944	ENSG00000163703
O15042	0.0160422261229165	27.1882556272327	0.099016023353123	0.921443632863321	0.984755658659147	-6.2552866301455	ENSG00000163714
P02775	0.835955274656826	23.9724034695546	1.33768053826445	0.185866091527787	0.569042520747818	-5.39636602536028	ENSG00000163736
P02776	0.58857388932508	24.1216036789251	1.7057978310778	0.0930297681460354	0.402217476495576	-4.86821995386104	ENSG00000163737
P15088	-0.80974959197454	29.291453009866	-2.79112154920808	0.00697145859260995	0.0850455563881477	-2.67297936276798	ENSG00000163751
P46976	0.493518510854003	27.8770430771419	3.11703452124482	0.00276378597036193	0.0494128685127332	-1.84951927319957	ENSG00000163754
Q15061	0.229777822278461	23.5807869222185	0.551269980896333	0.583421469308258	0.887666649592057	-6.11160064233945	ENSG00000163811
Q9H5V8	-0.1818044229293	24.746129685472	-0.481747462475792	0.63167428352541	0.899825244544314	-6.14662415736046	ENSG00000163814
P05452	-1.84934682911733	26.5713116301685	-3.83877088023992	0.000292271847500623	0.0127500670753672	0.191181179025556	ENSG00000163815
Q9NQ48	0.223783176590395	26.2682236183262	0.944337568189214	0.348647170877609	0.747316439778146	-5.82646753795704	ENSG00000163818
Q9BQS8	-0.0929953086787592	25.5063145737663	-0.238176764566113	0.812526063109562	0.956881825291329	-6.23231386086121	ENSG00000163820
Q8TDB6	0.660235245469927	26.6939672562507	2.02434555767987	0.0472295440208281	0.280853548032253	-4.3182724545605	ENSG00000163840
Q96T66	-0.615688894487338	24.529756125464	-1.54826404003451	0.126626745140954	0.472295240255557	-5.10869769924304	ENSG00000163864
P52434	-0.00676743783578715	26.183289607574	-0.031321631451298	0.975113221973364	0.995421890307053	-6.25960820683217	ENSG00000163882
P04843	0.210635706088365	31.7330432123134	1.90628048129143	0.0612315735437156	0.325751971252567	-4.53183221277177	ENSG00000163902
P35249	0.0861008279974946	24.5700568646571	0.235167145140626	0.814850698697654	0.956881825291329	-6.23301103690323	ENSG00000163918
P29401	0.398540832307425	32.6008817695027	3.77168591028271	0.000363412255345284	0.0143600509304191	-0.00874358438515621	ENSG00000163931
Q05655	0.314122808676199	26.6841085947938	2.06729917098342	0.0428687589888152	0.267569243335172	-4.23779823222406	ENSG00000163932
Q96AA3	0.689779264716492	24.0623210746327	1.22703488282954	0.224428771202562	0.617773896702459	-5.53166054234998	ENSG00000163933
Q9BVP2	0.207050698465736	22.6618749924469	0.606206041305783	0.546581671973422	0.8724942199542	-6.08062578946066	ENSG00000163938
Q86U86	-0.0404107212542968	25.5973024432149	-0.129370287587489	0.897481655229126	0.976230148794304	-6.25189153065517	ENSG00000163939
P30533	0.036042026213515	27.0286223559391	0.120908935633565	0.904152490614009	0.978113107813677	-6.25292860501108	ENSG00000163956
O94888	-0.295698776116804	23.3468744985454	-0.735090398531046	0.465044168495631	0.82980672773388	-5.99657998747022	ENSG00000163960
P25815	0.344749926918958	28.7227588127423	0.791637694602118	0.431626040370036	0.811096200796257	-5.95464444233075	ENSG00000163993
Q12904	0.145737361301538	29.4285388666625	1.73607059138362	0.0874974221138604	0.391405613442888	-4.81958099798511	ENSG00000164022
P53582	-0.122411893295251	27.7362705887459	-0.69214309976951	0.491420567844784	0.840827221982306	-6.02635292130243	ENSG00000164024
P0C0S5	0.237051925732992	29.7444911369244	0.842072859336578	0.402982719255321	0.791514322635313	-5.91476563145553	ENSG00000164032
Q9BUT1	-0.429036849637903	28.0046308994257	-1.45764964180485	0.149962454989572	0.519669130426993	-5.23727933429847	ENSG00000164039
O15173	0.244856002572	28.5242901216634	2.03793627497045	0.0458101653823739	0.27786744363747	-4.29296896340214	ENSG00000164040
P49913	1.33407639967467	23.1029947300459	2.75749417306521	0.00763427126165415	0.0906964731803923	-2.75338297969049	ENSG00000164047
Q96ER9	0.125754897471317	25.5109529815046	0.640598617431705	0.524134097071284	0.859063189458885	-6.05975588768606	ENSG00000164051
P13798	-0.0736079480051437	29.8233735106314	-0.700063792419035	0.486494933498992	0.837127444736512	-6.02099448780279	ENSG00000164062
Q5XPI4	0.207225733406393	26.5118674077878	0.143400898567327	0.886454941405046	0.975031286806855	-6.25001116912726	ENSG00000164068
O95757	0.306476134470383	23.1216972629304	0.427282357185688	0.670647663215379	0.908066566655102	-6.17079321317253	ENSG00000164070
Q04912	0.439867314709215	23.7423430754662	0.92641700941677	0.35780623504937	0.755076393082127	-5.84265385503885	ENSG00000164078
Q9Y6I9	-0.223418659251251	24.5564417899268	-0.409107262188563	0.683864762928584	0.911797144470554	-6.17821795865737	ENSG00000164081
Q6UXN9	0.0241168558920677	27.3559246416887	0.0607319966417319	0.95176768867131	0.989700458871978	-6.25828200883357	ENSG00000164091
P26583	-0.0363245264318373	31.170437530763	-0.300572403426043	0.764741886932673	0.942616977722393	-6.21586755006762	ENSG00000164104
P08758	0.164414920337613	32.8878470607341	1.90239482574073	0.0617467583867607	0.32721581485229	-4.53866829878723	ENSG00000164111
P15428	-0.592350383661099	26.7048722268974	-2.50707086816103	0.0147966727348408	0.145119166228573	-3.33208889810823	ENSG00000164120
Q9BXJ9	-0.0103519454493082	27.941560807319	-0.09196756387335	0.927019058115931	0.98569641773234	-6.25594592984517	ENSG00000164134
P53367	0.024365160817613	28.4333428522354	0.215643127543395	0.829970764725674	0.962800499596065	-6.23731882154036	ENSG00000164144
P61221	-0.0103813040282859	28.0337125502421	-0.0459554449030551	0.96349283372348	0.992154633017358	-6.25905427590736	ENSG00000164163
Q01804	0.276086432018431	23.7117604996194	0.38071808032216	0.704708264209511	0.922253050754061	-6.1891730435902	ENSG00000164164
P62312	0.10713504201831	27.1659856242202	0.395473608811434	0.69384509995344	0.918627247586294	-6.18357681957614	ENSG00000164167
P17301	0.343464082290737	28.6520866733326	2.5671872412097	0.0126686291878098	0.12960982169067	-3.1971646366549	ENSG00000164171
Q8N183	-0.107122765527695	26.8473455745685	-0.76049165184538	0.449830975309095	0.823130304818958	-5.97814255568758	ENSG00000164182
Q68DH5	-0.992066908782487	24.6700091068197	-1.42076282381888	0.160374290332436	0.533685447252433	-5.28755430866885	ENSG00000164187
Q6KC79	0.1657029363246	23.3844406899658	0.355011575112263	0.723780613688377	0.930185172388102	-6.19841666355358	ENSG00000164190
Q96AG3	-0.810368054559902	22.981780814464	-2.05796418115924	0.0437856437039743	0.270639623114372	-4.25541227795271	ENSG00000164209
P53609	0.214404222602663	23.4092781063022	0.438288217128791	0.66269422115401	0.904691039418433	-6.16614127814914	ENSG00000164219
Q96DG6	-0.691064966609382	28.9330074267073	-2.44358673908687	0.017396022504974	0.158895327838565	-3.47194605863832	ENSG00000164237
Q96M27	0.469678442665678	27.2041329267951	2.316311216793	0.0238467642282675	0.191511642616705	-3.74287054103832	ENSG00000164244
O43181	-0.386475539894843	28.133996583771	-1.69308500465016	0.0954372617047057	0.408296773479431	-4.88841410257335	ENSG00000164258
P00995	-1.80281993257082	25.4656157013296	-2.4075536571498	0.0190539647485204	0.166775713922443	-3.55018187787826	ENSG00000164266
Q6UWR7	-0.0720337953390704	22.5130467109005	-0.143840673814147	0.886090805156094	0.975031286806855	-6.24995554713989	ENSG00000164303
P42574	-0.0561001302850883	27.7363776694803	-0.277430041724199	0.782368940143294	0.949485591087321	-6.22241077679113	ENSG00000164305
Q9NZ08	-0.472931019804687	29.5472298701995	-1.6856357291907	0.0968889179701024	0.412439710921911	-4.90021633948106	ENSG00000164307
Q6P179	0.554863424668991	25.7156275835073	0.906955367981833	0.367935050553675	0.764323745016834	-5.85988227497426	ENSG00000164308
Q8WVY7	0.12351460415541	25.1313807591077	0.444706370740077	0.658073954365597	0.904691039418433	-6.1633742052385	ENSG00000164332
Q8TED0	0.421917016721604	22.7594514507732	0.919843765972456	0.361204309562162	0.758431690428368	-5.84851544165234	ENSG00000164338
P03952	0.157718631216259	25.6803346317204	0.439726714529478	0.661657531423359	0.904691039418433	-6.1655245705531	ENSG00000164344
Q969S9	-0.0395956859754598	23.2303183225557	-0.0833449318268739	0.933844641479751	0.98744518712218	-6.25668631153853	ENSG00000164347
Q96BQ5	0.044932818230464	22.6329636690518	0.0894582394881684	0.929004868110025	0.98569641773234	-6.25616890423909	ENSG00000164366
Q92599	-0.097565773421497	27.4652915650418	-0.80149883404	0.425891030924984	0.807121775894712	-5.94708208087993	ENSG00000164402
O14949	-0.291158265008587	28.0048748142297	-0.803163286351585	0.42494783332892	0.805996707875688	-5.94577446501355	ENSG00000164405
P78382	-0.622984384101386	24.1655156499886	-1.13754470986318	0.259669079888686	0.659793528006178	-5.63295454069782	ENSG00000164414
Q9H9B4	0.158404651691253	29.4459318016073	1.50460648081761	0.137481172841597	0.494189080754928	-5.17154510778078	ENSG00000164466
Q86YH6	0.359168898709232	23.1739139114153	0.987822821258245	0.327062545456432	0.723741788153785	-5.78594037625939	ENSG00000164494
Q5T5C0	-0.111505414799105	24.902077305422	-0.312281746061523	0.755869811141447	0.93936467053732	-6.21235784904221	ENSG00000164506
Q8NCG7	-0.116100692244185	24.4043109097591	-0.294829144361316	0.769105179110232	0.94351643232578	-6.21754013069596	ENSG00000164535
Q13595	-0.0288033625117663	25.1716092139199	-0.13410255575187	0.893753989844667	0.97562305054463	-6.25128095653573	ENSG00000164548
P62263	0.340353595776048	31.3273149411212	3.13570102821423	0.00261649351791987	0.0478783193060975	-1.80037934368634	ENSG00000164587
Q9UP83	0.193962959637986	25.7638296505148	0.561766588576966	0.576291624036892	0.883685586392464	-6.10590707249112	ENSG00000164597
Q9NXC5	-0.185990965349813	23.7959352936557	-0.466709725619596	0.642336463717784	0.902647786771382	-6.15358459427941	ENSG00000164654
Q01469	-0.194882072015094	30.8111944375416	-0.625402411224609	0.534018219241005	0.86512220722555	-6.06909021089869	ENSG00000164687
P08123	-1.02627710181545	32.1793982197992	-3.63676784267587	0.000565282965905386	0.0177996244109494	-0.411437671288321	ENSG00000164692
Q8IWU2	0.241821615195583	22.7953848659175	0.723255151637	0.47223138576625	0.829881697198043	-6.00496050205866	ENSG00000164715
P07858	-0.0163325639953413	31.0428839859354	-0.133715304238406	0.894058943471782	0.97562305054463	-6.2513317446067	ENSG00000164733
O60216	0.00393697249376146	26.0204319889434	0.00861571088574426	0.993153287329844	0.997182823919789	-6.26005240120222	ENSG00000164754
O43913	0.705637014941914	24.330620862447	0.622723702072016	0.535769507238344	0.865972561074686	-6.0707136413844	ENSG00000164815
Q86Y56	0.220181307998331	23.7895652589794	0.492782964276026	0.623899258940042	0.899037114426398	-6.14137688347516	ENSG00000164818
O94901	-0.374146778483642	26.5992380634484	-1.81690885936141	0.0740442096362662	0.359227584778523	-4.6859219275379	ENSG00000164828
Q8N573	0.0564138534726091	23.8993392338525	0.151873731028886	0.87977754722277	0.973925276150282	-6.2487923484653	ENSG00000164830
Q8IY33	0.0789468548661745	23.0440775759939	0.212210660225828	0.832635837528943	0.964551492529718	-6.23803765759267	ENSG00000164877
P07451	-0.454656939117964	23.8875981728848	-0.827294090362383	0.411229736577355	0.798019841123245	-5.92672591001772	ENSG00000164879
Q8N201	-0.0449681142688654	23.3825578469985	-0.13166045326598	0.895677369068656	0.976133012393579	-6.25159878255306	ENSG00000164880
Q00535	0.0620255777826877	26.492229003983	0.0658425906204498	0.947720323338095	0.988578018328397	-6.25796424997594	ENSG00000164885
Q9BVT8	-0.521765195139661	23.5082951906677	-1.20622462008468	0.232294130589139	0.628011846357252	-5.55586811690804	ENSG00000164897
Q96HJ9	-0.65885255570166	24.0403460912421	-0.9721922857319	0.334716521497722	0.733310241754551	-5.80071118208174	ENSG00000164898
Q9H814	-0.0130230034993843	23.00355048995	-0.0247895784909199	0.980302078876539	0.995421890307053	-6.25978774308383	ENSG00000164902
P49419	-0.224415918429617	29.8269891392791	-2.25237120092592	0.0278336815744237	0.211979141934822	-3.87450341728765	ENSG00000164904
P85037	-0.390812749489697	23.9288436223833	-0.914088260679142	0.364196613847446	0.761322289909407	-5.85361450046763	ENSG00000164916
P09669	-0.146209444550074	30.9448309922358	-0.612888531164969	0.542187222200118	0.869828456209839	-6.0766544783906	ENSG00000164919
P63104	-0.234934466905393	34.3715923426113	-1.83873218118312	0.070724443533397	0.349498178825384	-4.64890414769204	ENSG00000164924
Q9H2D1	-0.061650054008318	23.3101262323041	-0.113747958374162	0.909803563355005	0.980106199569729	-6.25375153836662	ENSG00000164933
Q9NV06	0.151960514303763	22.3329882963219	0.510835657464295	0.611272627253265	0.89744488760617	-6.13253890256368	ENSG00000164934
Q69YN4	-0.555677149816631	24.7095472386341	-1.56155236455705	0.123462063782158	0.464622935682616	-5.0892388993716	ENSG00000164944
Q9P0J1	-0.16009241013948	26.7290194096877	-0.7385784351439	0.462937925076889	0.82980672773388	-5.9940846251678	ENSG00000164951
Q5HYA8	-0.0614116583050759	30.2368610528052	-0.0484328937985011	0.96153238726968	0.992154633017358	-6.2589390154827	ENSG00000164953
Q12768	-0.026100926521206	27.0806137883524	-0.178172390617243	0.859166001257543	0.970185627365775	-6.24454254459841	ENSG00000164961
P50583	-0.121729469755635	24.2833580130408	-0.240264563164765	0.810914435804947	0.956710605461786	-6.23182502549155	ENSG00000164978
Q6PI78	-0.348170828991453	24.8020729247382	-0.714760389672038	0.477428424905755	0.833093504323546	-6.01089321489967	ENSG00000164983
O75475	-0.10768341317306	26.9446547833349	-0.4143594859604	0.680034865638225	0.909811103047585	-6.17610532246064	ENSG00000164985
P43405	0.0887841936104898	26.6369420389786	0.34217531631541	0.733371250699043	0.932508109502526	-6.20279157131104	ENSG00000165025
Q6P1Q9	0.254005376668395	22.6394117803826	0.737275144886501	0.463724275989378	0.82980672773388	-5.995018364333	ENSG00000165055
P22612	-0.890083614979044	23.784521353879	-1.5851543305328	0.117997335204627	0.454085722562338	-5.05429967422665	ENSG00000165059
Q16595	0.289816448082483	25.2790105381802	0.914894272940897	0.363776612448726	0.760913271705437	-5.85290229235573	ENSG00000165060
P00352	-0.281649097203211	31.2879671431866	-2.21846980834423	0.0301777102190135	0.220588544000376	-3.94303521675325	ENSG00000165092
Q8IZ41	-0.0403549565474961	21.9671164139382	-0.111141021206756	0.911862000056379	0.98085768999526	-6.2540386600403	ENSG00000165105
Q5T6V5	-0.0638002732790675	25.8637965311286	-0.243741599153434	0.808232243452319	0.956623819671774	-6.231001464569	ENSG00000165118
P61978	-0.0380442584353702	32.3441859008903	-0.449003694293419	0.654987864794058	0.904691039418433	-6.16149915496184	ENSG00000165119
P09467	-0.074710982212892	29.654792126102	-0.801335154315133	0.425985048785069	0.807121775894712	-5.9472092333971	ENSG00000165140
P04839	0.910224297673384	27.3861440434161	3.14084982852857	0.0025771779090339	0.0474775376282495	-1.78678804575594	ENSG00000165168
P51808	-0.462053576226477	23.6076613809402	-0.860442755269103	0.392846079422954	0.784972396882876	-5.89964202058758	ENSG00000165169
Q96SI9	-0.0903864482466332	26.6775828609866	-0.437352240843928	0.663369112022117	0.904691039418433	-6.16654146837695	ENSG00000165209
O15551	-0.574317744880929	27.6178006209071	-2.12542588814602	0.0375253112393651	0.246240098902838	-4.12657107498889	ENSG00000165215
Q14C86	0.262005915176072	25.9726528798274	1.52119902523405	0.133272246939461	0.486760591132538	-5.14785521435214	ENSG00000165219
Q96LW7	-0.439297844286781	24.0531095739215	-0.776720265247831	0.440264556395065	0.816585927218465	-5.96604145548144	ENSG00000165233
Q9Y3S1	-0.200466741795978	25.5110843655425	-0.567244767945435	0.572587353232904	0.883685586392464	-6.10289339633872	ENSG00000165238
O95139	-0.149295964196817	27.7181293792015	-0.451845234980247	0.652951811210304	0.904691039418433	-6.16024832561081	ENSG00000165264
Q9H6R4	0.28756670553777	23.2633337331832	0.550013348229328	0.584277854851156	0.88773116258104	-6.11227514029933	ENSG00000165271
P55072	0.280039624584163	32.6356841391264	3.26229836491209	0.00179568866132814	0.0367634316021989	-1.4616323335618	ENSG00000165280
Q8TEQ8	0.227729606826056	25.1061891471514	0.658482731650904	0.512655518182357	0.852319834511461	-6.04845470935709	ENSG00000165282
Q9UJZ1	-0.00608826648522509	29.0729700652519	-0.0567135173328225	0.954955006218574	0.991535409366195	-6.25851325633607	ENSG00000165283
Q8IWW6	-0.172011047400733	24.3934913031923	-0.308649706202449	0.758618316151836	0.940186423445626	-6.21346080200741	ENSG00000165322
Q9Y281	-0.14109439831174	26.1274465767233	-0.689723247611133	0.492930851339383	0.841826474272989	-6.0279780108778	ENSG00000165410
Q9Y2Z0	0.0493777964342392	27.5621961647459	0.204059257435287	0.838972681719783	0.966970165181147	-6.23969859394007	ENSG00000165416
P52655	-0.221924234045996	23.2730964287023	-0.40026506271487	0.690331265745142	0.916044411370331	-6.1817140716028	ENSG00000165417
Q6PCE3	-0.538283110258245	25.1756414401709	-1.8809625188895	0.0646548615710361	0.336284595369194	-4.57615210214154	ENSG00000165434
P14207	-1.54206739695131	25.2580190195261	-3.62971053281175	0.000574497321901174	0.0177996244109494	-0.4273603921248	ENSG00000165457
O15357	0.428879333599337	22.970967721659	0.927214219579796	0.357395518391615	0.755076393082127	-5.8419401971705	ENSG00000165458
Q9Y2S2	-0.841053492520373	27.9756954085893	-3.97386645302482	0.000186377463948783	0.0102244259869119	0.604100048417086	ENSG00000165475
Q6NUK4	0.153851099697217	23.2125585655175	0.302350473654769	0.763392585855594	0.942231727177581	-6.21534320985278	ENSG00000165476
Q8IYU8	0.035560660698561	26.4466631410947	0.218608935772662	0.82766963153188	0.96169542700088	-6.23668844061241	ENSG00000165487
Q969Q0	-0.0637304759055297	25.0128926932031	-0.0605052299800624	0.95194993035242	0.989701233596139	-6.25829512879785	ENSG00000165502
P17026	0.1060014263144	22.8182825908219	0.233700375457431	0.815984241127495	0.956881825291329	-6.2333476056435	ENSG00000165512
O60524	-0.363625627011189	25.1921876800519	-1.22191232695677	0.226346547883686	0.620546870593133	-5.53765592495812	ENSG00000165525
P62330	-0.678357209169359	28.284279572656	-2.71583568468666	0.00854570809252824	0.0994692770535633	-2.8526533033419	ENSG00000165527
Q9UKK9	0.177018089686353	28.0312629793411	1.70677584396968	0.0928466432698941	0.402217476495576	-4.86666071398367	ENSG00000165609
P36542	-0.267277413472517	30.4877922061831	-2.10431767022732	0.0393946023441995	0.253623101042408	-4.16726989858769	ENSG00000165629
P45880	-0.0350526097943593	31.203418363662	-0.377900683034514	0.706789575742609	0.923585803145087	-6.19021750400357	ENSG00000165637
Q86VU5	-0.308148062858891	23.5976666677097	-0.613623470954905	0.541699441670343	0.869735915370865	-6.07622093736039	ENSG00000165644
Q15018	0.219905424305775	25.9654007247603	0.522104982464797	0.603449760386837	0.89396966294435	-6.12686203777441	ENSG00000165660
Q6ZRP7	0.838547445888938	22.8660536762919	2.10360120780604	0.0394594468228476	0.253740994722863	-4.16864517139872	ENSG00000165661
P30048	-0.111977692220631	31.4062699793216	-0.969091262703326	0.336248979078457	0.734601635783184	-5.80361450506915	ENSG00000165672
Q9H3K2	-0.503513104800096	27.6077371071041	-1.63981500344164	0.106086633588099	0.431387332554739	-4.9715361733554	ENSG00000165678
Q10713	-0.142974304118507	28.2430440128386	-0.781663609882402	0.437374476071812	0.816036556596148	-5.96230561627562	ENSG00000165688
P00492	0.259118748350144	28.7375166187856	2.45060055854485	0.0170841286141142	0.157364448197238	-3.45646822624048	ENSG00000165704
Q9NR30	0.201175204384459	27.908498516311	1.08187916739482	0.283478386453695	0.681956781765258	-5.69225625869998	ENSG00000165732
Q14692	-0.743425756180951	27.3651891212652	-1.33402163654584	0.187133313227792	0.570395727798294	-5.40099779962812	ENSG00000165733
Q9BWH2	-0.478696709695313	25.3337293656475	-1.10357654110753	0.274023636567127	0.673692917132797	-5.66948119822361	ENSG00000165775
Q86T03	0.103049981891544	23.3908128784124	0.225670938179902	0.822196444624196	0.959819588560582	-6.23515281044086	ENSG00000165782
Q9UN36	-0.497446499885143	29.1228845383439	-2.37627827873823	0.0205772782822438	0.173696437264823	-3.61662586638644	ENSG00000165795
Q8TER5	-0.0955260043858459	22.5767936427965	-0.162116281177354	0.871739220311989	0.972116389555013	-6.24721762499583	ENSG00000165801
P55210	0.503150052647612	27.1221499247795	3.03550296711482	0.00350270020228737	0.0577046048431209	-2.06166180475361	ENSG00000165806
Q7Z3E2	0.0129364176293265	23.0971139156632	0.0313191073038559	0.975115226882667	0.995421890307053	-6.25960828428246	ENSG00000165813
Q86U44	-0.732647104089093	27.5425064341223	-0.649570741981562	0.518452996342114	0.855408226642526	-6.05402422534667	ENSG00000165819
O43301	-1.18371520724608	24.9045645801423	-2.23243429192198	0.0291919008874299	0.216732220796054	-3.91491243956189	ENSG00000165868
Q86U28	0.15836027259423	24.9829906757322	0.509542770112833	0.612173051449159	0.89744488760617	-6.13318233634522	ENSG00000165898
P17980	0.346493051385568	29.6722316660598	3.68756446754816	0.000477235161546242	0.0161627949898581	-0.257988532589836	ENSG00000165916
Q9P2I0	0.127762466614403	24.5331595993726	0.309863264652963	0.757699619979801	0.939944725386421	-6.21309370768707	ENSG00000165934
Q96JQ2	-0.369458603986335	26.5121694289781	-1.37404637190295	0.174353429697853	0.550349558851194	-5.34949541757698	ENSG00000165959
Q96BW5	-0.0538835087776341	27.1155112063346	-0.230690274085696	0.818311727322057	0.957976352315839	-6.23403172805601	ENSG00000165983
Q92930	0.296212799081278	26.3823475967781	1.47926798583238	0.14411035934576	0.506010167103948	-5.20725673123438	ENSG00000166128
Q70UQ0	1.04824682592779	24.2988780778614	1.35279714733578	0.181013397509967	0.561577519208794	-5.37702621968575	ENSG00000166130
Q8IZ73	0.332998797232253	23.6197093021157	0.390362028468949	0.697604150422674	0.918627247586294	-6.18553696718666	ENSG00000166133
Q9NWT6	-1.10499455806253	23.5490897221483	-2.2865167411143	0.0256367627968246	0.201147147526741	-3.80459295654609	ENSG00000166135
O95169	-0.0436597876728584	28.8055815322041	-0.334648232041691	0.739015132124854	0.934528311827964	-6.20528234401664	ENSG00000166136
Q9NXH3	0.113388805723506	22.6871065703076	0.237615182041379	0.812959702764905	0.956881825291329	-6.23244462256604	ENSG00000166143
O43278	-0.548904611304653	26.5429631142948	-1.33434118086028	0.186951472473235	0.570160167447736	-5.40061067369085	ENSG00000166145
P35555	-1.04154929704929	31.2466500164245	-2.87365015152877	0.00557347768805992	0.074673645781304	-2.47372880258761	ENSG00000166147
P12277	-1.68043513758475	33.848890327292	-4.75811646528527	1.24627399351675e-05	0.00188775891295746	3.11133984322596	ENSG00000166165
Q9UL15	-0.132834153032015	26.0090249873705	-0.558907826178478	0.578229268568338	0.885449087757132	-6.10746825360618	ENSG00000166170
Q9BZZ5	-0.0858743691214876	28.9307670126948	-0.849592266405072	0.39880666213712	0.788512970843142	-5.90862170291276	ENSG00000166181
P61201	0.0845278164897749	27.9768632704218	0.659530695001961	0.511987088447762	0.851757974425609	-6.04778297502566	ENSG00000166200
O95470	-0.396409866097546	26.9218164766527	-2.11544220483757	0.0383995854847762	0.249574421511901	-4.14586422777506	ENSG00000166224
P78371	0.177256628750868	31.641240826406	1.9395214289643	0.0569714920228302	0.310962481961253	-4.47284713619174	ENSG00000166226
P61457	0.0639106246171899	28.1324508031565	0.320413597214163	0.749727634443359	0.937890523197898	-6.20984179424108	ENSG00000166228
Q9Y4X5	-0.801834275810364	24.4532432703131	-1.32780738178862	0.18908899052325	0.571480600160501	-5.40888684368496	ENSG00000166233
Q93034	-0.203526885613947	26.0778807938756	-0.79089425906863	0.432007904796815	0.811096200796257	-5.95526756836778	ENSG00000166266
P06681	0.390493352397648	26.3454744934676	1.10779586954332	0.272210967173226	0.672267393113951	-5.66500185499051	ENSG00000166278
Q96S99	-0.0196569727181419	24.2011026749866	-0.0461627273286992	0.963328286381559	0.992154633017358	-6.25904492290477	ENSG00000166289
Q96DE5	-0.39187101518305	25.3481102211325	-0.769257055485689	0.444649040523639	0.819136714369994	-5.97163761993989	ENSG00000166295
Q13418	0.0914936118067367	29.4282433721064	0.825770323303472	0.412087185211191	0.798938038798591	-5.92794590350658	ENSG00000166333
O14773	-0.211146751148934	30.5008997721348	-1.72917337412912	0.08873337671947	0.394471523595295	-4.8307308309722	ENSG00000166340
P00167	-0.280363755835658	29.247437961003	-2.14087876151401	0.0362063050887551	0.241360613262814	-4.09655504162905	ENSG00000166347
Q8ND30	0.401854229809295	26.3890423162002	0.85352545780474	0.396643833620477	0.787081086147184	-5.90537498988818	ENSG00000166387
Q3SYC2	-0.877947866208732	25.2010264980027	-2.48759917595857	0.0155521722623269	0.148262229626693	-3.37523662991615	ENSG00000166391
Q6BCY4	0.0067428719077185	25.6225839118781	0.019830658008586	0.984241871100157	0.996188600782489	-6.25989612927585	ENSG00000166394
P50213	-0.221250089112857	30.2818737573159	-1.9995507697048	0.0499167722386477	0.291373634370648	-4.36405519107926	ENSG00000166411
P46776	0.378521125336597	29.7622633821951	1.7159224904624	0.0911483166522151	0.398437514790136	-4.85203903911643	ENSG00000166441
Q5BJD5	0.541359982773358	24.1599837058868	0.671302639249005	0.504513700489839	0.849010062312821	-6.04016164468673	ENSG00000166471
Q8WVC0	0.22239944081528	23.5982887226661	0.43261952623843	0.666785937962083	0.904923772948542	-6.16855199149307	ENSG00000166477
Q96JJ7	0.564936411789422	25.6512300421864	1.96579489342194	0.0537854877979851	0.29988984147486	-4.42558985746356	ENSG00000166479
P55083	-1.71893237600892	27.9482347299275	-3.04411619898059	0.00344618834101051	0.0570686424263871	-2.04494879601588	ENSG00000166482
P05771	0.828926771035739	25.2433510010219	1.27883857779666	0.205704461780634	0.592554902318962	-5.46969039369588	ENSG00000166501
Q9Y3E1	0.167641211366799	26.1004550639007	0.851043003244857	0.398006502741298	0.788350693588194	-5.90742753899722	ENSG00000166503
P33993	0.281686824082428	27.4146035471849	1.44739599865104	0.152802266841189	0.522776147784304	-5.25137518976996	ENSG00000166508
O00142	0.535491671988535	22.9582424964229	1.33214274845709	0.187668635095655	0.570433147813047	-5.40339963753985	ENSG00000166548
Q9Y3Q3	-0.812068727040376	28.4659329687076	-1.3253359178784	0.190050163817277	0.572400269927018	-5.41196770533947	ENSG00000166557
Q9BY50	0.230785494590865	28.109819353149	0.988024037992978	0.326964778301469	0.723741788153785	-5.78574873993138	ENSG00000166562
Q9GZM8	0.0880492921261187	23.1130709586212	0.133628588807419	0.894127232519391	0.97562305054463	-6.25134309722854	ENSG00000166579
Q7Z7K6	-0.510902748116219	25.5289834928269	-1.36098904483084	0.178422717751017	0.558541548430044	-5.3664605550731	ENSG00000166582
Q9Y3D0	0.391519767279977	24.8801677909664	0.584161598147503	0.561222074535567	0.880421165834997	-6.09340446273501	ENSG00000166595
P14625	0.531727668835565	34.730476505163	4.93128461505652	6.38515964967895e-06	0.00124350984177498	3.72999469392939	ENSG00000166598
Q8WTW3	-0.00905171951871253	25.2787067250515	-0.0171408004642887	0.98637909585817	0.996983356758962	-6.25994484307128	ENSG00000166685
Q6IQ23	0.0659035989394319	24.4893856922145	0.185488789735072	0.853448580978872	0.96894755612696	-6.2432399357405	ENSG00000166689
P61769	-0.535588567667347	29.4432562560926	-1.41669654392938	0.161626182314457	0.535165128455817	-5.29302910377765	ENSG00000166710
Q6P4E1	0.107231827558731	26.8417670024061	0.256528361832252	0.798389680192854	0.953041917187918	-6.22787062951208	ENSG00000166734
P40261	1.30633094859521	24.4592809318181	2.06887763752502	0.0427153759481621	0.267554329024224	-4.23481301834364	ENSG00000166741
O43747	-1.25823477743533	27.255239657598	-1.73632846692017	0.0875963968034316	0.39152717358124	-4.8195141851109	ENSG00000166747
Q08AF3	-0.00804766335290452	24.4645352251263	-0.0209616257569167	0.983343295012225	0.996188600782489	-6.25987353055699	ENSG00000166750
P23284	0.367543187320678	32.7706286510674	2.72371734556899	0.00836597149895828	0.0978962287206426	-2.83396178424136	ENSG00000166794
Q9H5X1	-0.0788499609106701	25.268434475638	-0.266732710575527	0.79055634841005	0.952274204106648	-6.22525869902766	ENSG00000166797
Q86WU2	-0.830669774081748	26.9665573138085	-2.36662748613689	0.0210748280545766	0.176243805267246	-3.63712384083929	ENSG00000166816
P15144	0.0520740222896237	28.4320431808548	0.202699118216662	0.840031098398111	0.967097434212591	-6.23996941330909	ENSG00000166825
Q9BTE1	-0.517938562097356	23.6818087299996	-1.6786747299294	0.0982277515200547	0.415543777376926	-4.91113856475627	ENSG00000166847
Q9NYB0	-0.582791826462067	23.7947974469408	-0.961553413006588	0.339993268173073	0.736823383874757	-5.81063430060386	ENSG00000166848
O76031	-0.192351809271646	25.4271341539118	-0.493389896984859	0.623472878165256	0.899037114426398	-6.1410848726336	ENSG00000166855
Q9UBC5	-0.502071368129013	28.6080517266024	-2.61290071672765	0.011240506116122	0.120421374953268	-3.09285384865306	ENSG00000166866
O43745	-0.418878416762219	24.2638830056313	-0.932891762841947	0.354479289062923	0.752210894654058	-5.83684044437021	ENSG00000166869
Q96JC1	-1.20583803062289	25.6860782238223	-1.40057199721451	0.166377327314783	0.541968677328262	-5.31456461709493	ENSG00000166887
P42226	-0.543733284223887	25.7439231425973	-1.20195387182666	0.23393277597888	0.629943420944609	-5.56078730105685	ENSG00000166888
Q86TB9	1.09491289727425	23.2814786131836	1.65783104879899	0.102381789046975	0.423609952894413	-4.9436952326984	ENSG00000166889
Q13277	0.159605857863383	24.4540975754495	0.254959586989327	0.799594546226465	0.953041917187918	-6.22826389756238	ENSG00000166900
Q9NX20	-0.178301924420229	26.1116775692667	-1.01757135725131	0.312819328049812	0.711344368580327	-5.75719850597748	ENSG00000166902
Q8TBX8	-0.152555095102176	26.2681470588246	-0.761322635145501	0.449338214660047	0.822854632355568	-5.97752900785985	ENSG00000166908
P31946	-0.283792352813933	32.9076822629763	-1.99960295804361	0.0499109810057386	0.291373634370648	-4.3639593449466	ENSG00000166913
Q9C002	-0.51114131314111	31.3081541381432	-2.38479597978318	0.0201468886618913	0.171926422336922	-3.59847722807325	ENSG00000166920
P16452	-0.67386800366938	26.3266476195386	-3.0191748660125	0.00367125724065771	0.0592288927020902	-2.10365402974456	ENSG00000166947
Q5BJE1	-0.0682657567954585	24.2005896178599	-0.105580583038682	0.916254527035734	0.982370416029464	-6.25462884064253	ENSG00000166960
Q9H8T0	0.042228716634483	24.1941734780252	0.107020310765774	0.91511694198015	0.981546374733303	-6.25447893347098	ENSG00000166971
Q15555	-0.259773034413897	27.4724826069977	-1.39407085397512	0.168251265821868	0.544681266380006	-5.32318267621571	ENSG00000166974
P56192	0.0476570905922529	28.6957909590565	0.329952645082691	0.742543259749324	0.934627021605365	-6.20680819555597	ENSG00000166986
Q8N129	-0.146650562655772	23.0322748864667	-0.279440142646154	0.780833192219432	0.949234930564147	-6.22186316768353	ENSG00000166997
P30101	0.265862685415335	34.1215967417644	2.46825811967933	0.0163368416019386	0.152832345945136	-3.41782421616244	ENSG00000167004
O43809	-0.047555282895182	28.3673520985135	-0.257040218815024	0.797995210229468	0.953041917187918	-6.2277426423715	ENSG00000167005
P35232	-0.00149518140973015	31.5867604330084	-0.014956603004037	0.9881146230726	0.997028532073778	-6.25997918451241	ENSG00000167085
P62314	-0.426966097675859	27.6253560253104	-1.56496174292415	0.122660380613859	0.462531696190651	-5.08422164986443	ENSG00000167088
Q96CM8	-0.56937205805545	29.1430094544938	-2.69753327694495	0.00897680079506903	0.103271085939898	-2.89589471835288	ENSG00000167107
Q08379	-0.0897725889824628	28.0487823543961	-0.562070412697209	0.576085879258222	0.883685586392464	-6.10574068962433	ENSG00000167110
Q6P1M0	0.301215570307694	24.9266177754546	0.849403067874417	0.398911088374717	0.788512970843142	-5.90877729375417	ENSG00000167114
Q9BTM9	-0.163965641901594	23.919956256424	-0.334714242325174	0.738965573799481	0.934528311827964	-6.20526074057078	ENSG00000167118
Q14249	0.0728643595839777	26.1145535565428	0.344021304857942	0.731989347615184	0.932508109502526	-6.20217229210376	ENSG00000167136
Q99807	-0.561959177679203	25.6460097163013	-1.04008153265731	0.30232388580211	0.700625647802339	-5.73490266363536	ENSG00000167186
P46108	-0.0747754141729295	28.3268096237902	-0.70821903114639	0.481452132926198	0.836101427021197	-6.0154147118502	ENSG00000167193
Q8NEZ5	-0.439993079274434	24.1893346239109	-1.35018102518292	0.181845437526583	0.563677137496999	-5.38038799559379	ENSG00000167196
Q9UPU7	0.648444466935793	29.3898946959764	0.501846359340835	0.617615455817892	0.897939625005374	-6.13691230196376	ENSG00000167202
Q8IYT4	0.547086660539776	28.0102472077699	3.9557507674199	0.000198011685456987	0.0102834068647329	0.548420602123574	ENSG00000167216
Q9H0R4	0.0651319822633525	26.1352211485385	0.307843696876746	0.759228679790768	0.940498407746265	-6.21370382152517	ENSG00000167220
Q9NYV4	-0.425632653518228	23.5552053697465	-0.635637403560536	0.527342104714728	0.860957035032759	-6.06283655640661	ENSG00000167258
O75964	-0.225135620717452	29.752400090027	-1.35626441883363	0.179912840344482	0.559709824670054	-5.37256165564825	ENSG00000167283
P04234	-0.019960995689555	22.5766714579742	-0.0478977466657453	0.961951036611747	0.992154633017358	-6.2589649847564	ENSG00000167286
Q9ULV0	-0.483949884412375	28.051710832949	-2.71454032997049	0.00857558395675966	0.0994692770535633	-2.85572122336232	ENSG00000167306
P42765	0.104708985180498	31.370027269684	0.826858889520956	0.411474520476372	0.79821080048298	-5.9270745748326	ENSG00000167315
Q13586	-0.175211547067427	27.0396996330617	-0.909567744746604	0.366557940236427	0.762689442260677	-5.85759760120476	ENSG00000167323
P23921	0.108337275877815	24.7811004070311	0.264372768456206	0.792365803197538	0.952502718023134	-6.22587194052307	ENSG00000167325
Q9H479	0.0815724873766541	26.9990319356953	0.461679002057197	0.645920455898441	0.903814295394978	-6.15586422634269	ENSG00000167363
Q8WZA9	0.415565897389953	26.6725708141517	2.56894389688773	0.0126108433448561	0.129304791450025	-3.19318341682325	ENSG00000167378
Q9BQB6	0.035615295473896	24.9823471884233	0.0575328997365179	0.954304931704064	0.991204722396621	-6.25846740370783	ENSG00000167397
P22748	-0.0296069705968129	27.9035157975921	-0.140320216991345	0.888859926882617	0.975169321159376	-6.25044541176223	ENSG00000167434
P67936	-0.114078654456137	32.1220930449515	-1.0140906860212	0.314463888304616	0.712410296188231	-5.76060397644953	ENSG00000167460
P61006	0.144911605565955	28.5463876920267	1.0085365711112	0.317100154806224	0.715071687757545	-5.76601473869712	ENSG00000167461
P36969	-0.325121485985466	27.1649877893727	-1.81198533377824	0.0748109494619613	0.36165257749652	-4.6942187517756	ENSG00000167468
Q86YP4	0.277167652553434	25.0467490626752	0.636347549184473	0.526882283759116	0.860957035032759	-6.06239704016752	ENSG00000167491
P53602	0.0351829864246085	26.3018194851322	0.146546731859665	0.883963239538696	0.975031286806855	-6.249570759438	ENSG00000167508
P26373	0.266387006046358	31.5939911399336	1.6626116751842	0.10141659466279	0.423125241542614	-4.93626092906117	ENSG00000167526
Q71U36	-1.37773666859137	27.2231291048254	-2.76749611234386	0.00745027989136314	0.0892887390057213	-2.73103409968117	ENSG00000167552
Q9BQE3	-0.455122502332785	25.5066484037806	-0.779728468521745	0.438504504079625	0.816585927218465	-5.96377082923924	ENSG00000167553
P61018	0.0223253057274491	25.9104303164158	0.0455813655830307	0.96378979373838	0.992154633017358	-6.25907104860542	ENSG00000167578
P21695	-0.915263657568222	23.3400292507397	-1.64985209399328	0.104009379371485	0.427402521260519	-4.95605971239147	ENSG00000167588
Q96SQ9	-0.906785197582536	25.8355289721145	-4.12593281926787	0.00011151349323493	0.00741564730012284	1.07716587499971	ENSG00000167600
Q96Q05	0.0200845830080993	22.8557426299665	0.0474577872936648	0.962300263347045	0.992154633017358	-6.25898553422709	ENSG00000167632
Q96A00	-0.582918112909127	23.7737492925963	-1.38302968405553	0.171595275664696	0.549694273430874	-5.33773526062819	ENSG00000167641
O43291	0.155634000545312	24.0752863216268	0.360540475004078	0.719663227245906	0.928936875612524	-6.19648284976645	ENSG00000167642
Q9GZP8	-0.0211470442940751	24.2263367699577	-0.0271944680705945	0.978391599198633	0.995421890307053	-6.25972650537706	ENSG00000167644
Q5BJH7	0.190891230673707	23.2592018255452	0.453928030538016	0.651458901241193	0.904691039418433	-6.15932849904647	ENSG00000167645
O43293	-0.136415373109582	24.0453384712962	-0.273117149505142	0.785666982200472	0.951055946761935	-6.22357242491631	ENSG00000167657
P13639	0.198033467848639	33.5917347449429	2.17718479965451	0.033265526582514	0.231373617926593	-4.02530102000565	ENSG00000167658
Q9BZV1	-0.169789263016053	25.0483673315843	-0.577195699552273	0.565888436751935	0.882354619403589	-6.09734514904465	ENSG00000167671
Q7Z4V5	0.0472211052364351	25.9107845279627	0.142573681506284	0.887087234019025	0.975031286806855	-6.25013324377579	ENSG00000167674
Q6DKJ4	0.170434111449961	23.1714289815915	0.310688701143614	0.757074942651457	0.939751801110493	-6.21284319748357	ENSG00000167693
Q9HC38	-0.19063413994375	30.1274907407815	-1.66129718394578	0.101681243876401	0.423581224490464	-4.93830702713238	ENSG00000167699
P24298	-0.170130699420401	28.0198103864804	-1.10097008662606	0.275147609990374	0.675209822016387	-5.6722400731028	ENSG00000167701
Q8N370	-0.0438106380280594	23.155939159969	-0.072944677097646	0.942083957900736	0.988539327237031	-6.25748244954559	ENSG00000167703
Q96NA2	0.144483611921114	22.4124724118099	0.590443068131885	0.557030616757897	0.877200439654024	-6.08981089120118	ENSG00000167705
P08697	0.0587246098829795	25.9734771469763	0.200152145287406	0.842013866502013	0.967446610626944	-6.24047168027378	ENSG00000167711
Q2NL82	0.0581647349027392	24.6500284492065	0.138007307350303	0.89067997448612	0.975169321159376	-6.25076064609308	ENSG00000167721
Q6P531	0.259539741438935	23.6465959495909	0.732063752246436	0.466876216641006	0.82980672773388	-5.99873586661719	ENSG00000167741
P06870	-1.30957554228281	26.6491651792274	-3.34152647426891	0.00141261492617064	0.031684055036917	-1.24489248356867	ENSG00000167748
Q96FW1	-0.287888823238305	29.2381302749505	-2.58768674919446	0.012009002740111	0.125932869118895	-3.15056974539167	ENSG00000167770
P49821	-0.468905269243031	29.9338290575897	-3.45592801353379	0.0009932618334373	0.0247317661083726	-0.925709609851951	ENSG00000167792
P32119	-0.0777829136261801	32.5719863715702	-0.551867508788885	0.583014468921747	0.887666649592057	-6.11127938451664	ENSG00000167815
Q8IV36	0.143788404205196	25.6959431431031	0.433668842190499	0.666027760584677	0.904691039418433	-6.1681081029771	ENSG00000167861
Q14197	-0.324795329369586	27.4064196994858	-0.854231099871473	0.396259085105265	0.787081086147184	-5.90478828857554	ENSG00000167862
O75947	-0.0779930908439432	31.4941514732243	-0.661413795154514	0.510787148885885	0.851520123165617	-6.04657328048365	ENSG00000167863
Q9UHB9	0.148935974552511	28.10290320582	1.08221851517726	0.283328792313137	0.681956781765258	-5.69190340245328	ENSG00000167881
P04183	0.645445964167482	22.0622057206014	1.99303667892834	0.0506441728060407	0.292855434052322	-4.37600140964885	ENSG00000167900
Q8N2G8	-0.121119389099754	24.8247424885743	-0.324539495197576	0.746617424198962	0.936793560551528	-6.20854056294559	ENSG00000167925
Q9H0X4	-0.257847258394563	23.6579322574429	-0.436375914071971	0.664073396087322	0.904691039418433	-6.16695800516889	ENSG00000167930
Q9BVC4	-0.285056757114464	22.9517083273079	-0.734316172038878	0.465512422609028	0.82980672773388	-5.99713230034774	ENSG00000167965
P42126	-0.599178219291751	29.8278251743805	-3.51134161523701	0.000835491563450027	0.0223330171347696	-0.768534693721984	ENSG00000167969
Q9UQ35	0.0136724036399265	26.2813095961801	0.0362741783890294	0.971179781643369	0.993813704858371	-6.25944422389327	ENSG00000167978
Q16531	-0.284343812132295	29.6779813644939	-2.66034061284171	0.00991468734817272	0.110307054196074	-2.98305990658095	ENSG00000167986
A5D8V6	-0.0281292080870017	23.74764033536	-0.0628326498714961	0.950101033250383	0.989251460912291	-6.25815494691721	ENSG00000167987
P02794	-0.0713034009489455	27.0615021778632	-0.212524421714416	0.832392141155534	0.964551492529718	-6.23797242710138	ENSG00000167996
Q96G97	0.120454102905111	22.9206114969459	0.265545757475696	0.79146628533889	0.952274204106648	-6.22556781369684	ENSG00000168000
P62487	0.606685535966204	24.1315529071651	1.49900703666458	0.138925009822058	0.498070133746002	-5.17948531658391	ENSG00000168002
P08195	0.478625680161748	28.0604397173468	2.62134262556313	0.0109933745262305	0.118472077651255	-3.07343053378095	ENSG00000168003
P08865	0.223206809075904	32.2869709121957	2.57215693468929	0.012505767204788	0.12891105589359	-3.18589586493579	ENSG00000168028
P35222	-0.0787207701022865	31.0543168449182	-0.753340872057245	0.454084226079271	0.824632805985357	-5.98339509111132	ENSG00000168036
Q13158	0.288918399847471	23.6157902762146	0.482120865559917	0.631410513789864	0.899825244544314	-6.14644853522067	ENSG00000168040
Q15637	0.291388311181731	27.4345054811524	2.43178229269505	0.0179142177018786	0.160404317123718	-3.49740270728519	ENSG00000168066
A6NC98	1.39321507995767	22.7642424505817	2.85080069567541	0.00590756620853624	0.0778114940462515	-2.52682310656794	ENSG00000168071
Q7L5N1	-0.408720923140127	27.3624423421662	-2.02678753681214	0.0469717525649082	0.280544322821955	-4.31373679618697	ENSG00000168090
P68402	-0.0718182607658555	28.5199370963286	-0.506047286914856	0.614610464093454	0.897939625005374	-6.13491384665176	ENSG00000168092
Q9BRJ7	-0.626729348399454	24.6246544108101	-1.39137452072659	0.169063237347844	0.546150375152721	-5.32674653462488	ENSG00000168101
P20338	-0.82779230052672	25.7155119685411	-2.03706818640764	0.0458997133361116	0.277966389328181	-4.29458959651912	ENSG00000168118
Q16695	-0.605441928576766	23.8693706205376	-0.881211997804917	0.381592000463373	0.774979954758575	-5.8821437966679	ENSG00000168148
Q86VS8	0.0890506369010886	24.7121208844018	0.272278349527791	0.786308867375916	0.951055946761935	-6.22379624116718	ENSG00000168172
Q8NDC0	0.553818174967958	23.8027427685157	0.895077162602177	0.374192929182186	0.769642517538263	-5.87023595873638	ENSG00000168175
Q9NUN5	0.339991201519986	25.0810443910813	0.703804927542577	0.48417797490952	0.836497626570383	-6.01844271247697	ENSG00000168216
Q9NYR9	0.361563980898307	23.3583930364256	0.721002325349651	0.473606532033585	0.830677523055367	-6.00654058086904	ENSG00000168256
Q99615	0.147104864450235	27.6889163690107	0.849992982208545	0.39858554672076	0.788512970843142	-5.90829205530661	ENSG00000168259
Q7Z5L9	-0.538879889518444	24.6954772858263	-0.94687219653488	0.347364163092547	0.74681483208041	-5.82415389084878	ENSG00000168264
Q5JTJ3	-0.668345841434409	25.3019242413726	-2.22814612220131	0.0294915571512437	0.217299186222	-3.92356419172626	ENSG00000168275
Q10469	0.35980688334616	25.0539332834318	1.10046298844496	0.275366658417241	0.675209822016387	-5.67277609735675	ENSG00000168282
P11177	-0.0956272445351232	30.6116948471335	-0.889894080739386	0.376948152322794	0.770243892448389	-5.87470854402777	ENSG00000168291
P10412	0.154732254111103	32.4324145764273	0.448662454268826	0.655261685505566	0.904691039418433	-6.16162274536941	ENSG00000168298
Q96MG8	0.312422593290602	21.746657431203	1.15214850109239	0.253664469061902	0.653701488560753	-5.61692477158215	ENSG00000168300
Q99424	0.113352923691316	22.3473453414867	0.284069618360638	0.777299540106516	0.946541847298087	-6.22058696798685	ENSG00000168306
P18085	-0.588972961740087	29.2145135061919	-2.36647837996083	0.0210825987700659	0.176243805267246	-3.63743999563457	ENSG00000168374
Q15019	-0.0774813656459763	30.8059204831939	-1.02890825066129	0.307503112087648	0.706920097054782	-5.74602841979944	ENSG00000168385
Q4L180	0.612941035856888	24.057461476817	1.16971675071743	0.246573002347447	0.646735248581352	-5.59738195521326	ENSG00000168386
P23919	0.18063941432095	27.4962537259054	0.971759129894225	0.334930300204159	0.733483906431036	-5.80111726295219	ENSG00000168393
Q03518	0.607362717501903	28.1802845527505	3.59821183921239	0.000635122784149059	0.0190122910728158	-0.518859618652264	ENSG00000168394
Q9Y4P1	-0.0943453753470784	24.9036578426367	-0.341802280799423	0.733650611978592	0.932508109502526	-6.2029163115204	ENSG00000168397
Q8NB16	1.37269444820435	25.6795534429806	1.45948350181382	0.149552356700498	0.519669130426993	-5.23477583974658	ENSG00000168404
P83436	-0.167418917345948	26.1145268984815	-0.529485362457264	0.598351609349865	0.893202947043432	-6.1230776920489	ENSG00000168434
O60508	-0.17690940726855	23.9756431726344	-0.470191942601549	0.639860639565555	0.902647786771382	-6.15199229123076	ENSG00000168438
P31948	-0.0856952980608554	31.3125428220894	-1.07309841191859	0.287368251265427	0.685785152801039	-5.70134953359042	ENSG00000168439
Q13636	1.27596414864473	23.7540174392802	2.55798617910554	0.0129752411477914	0.132003712647214	-3.21798192385807	ENSG00000168461
P22105	-1.06900608414707	29.6550286439707	-3.48829525962599	0.000900836356296735	0.0231710408060665	-0.836362099899623	ENSG00000168477
Q8WWM7	0.145571425129354	25.2441391439522	0.501787139512004	0.617586981622815	0.897939625005374	-6.13700815901983	ENSG00000168488
P05423	0.618716598605939	23.5017136147865	0.750213516146563	0.455958006032906	0.824929995652766	-5.98567003227889	ENSG00000168495
P39748	0.0218859186282536	27.5602192022672	0.129584298776312	0.897313025314194	0.976230148794304	-6.25186439142178	ENSG00000168496
O95810	-0.35643218823996	27.2874459572025	-1.65962409516268	0.102018904540257	0.423609952894413	-4.9409091727353	ENSG00000168497
P49354	-0.520125599529919	26.7346737239122	-1.93391311589168	0.0576720204341526	0.313205783610287	-4.48286206296567	ENSG00000168522
P05976	0.0256096990719854	28.8721172391925	0.0664048438014789	0.947270884606045	0.988539327237031	-6.25792840098955	ENSG00000168530
Q7Z392	-0.299539992032592	24.1723665755626	-0.303383626424767	0.762614775336334	0.941638924695442	-6.21503318439755	ENSG00000168538
Q9NXV6	0.222685904907706	25.3032481446203	0.973977529153358	0.33383638744352	0.732264610108412	-5.79903567695706	ENSG00000168564
Q8TF09	0.177192008771588	28.4411244929046	1.59952800032054	0.114765644709027	0.446693119627642	-5.03278547593157	ENSG00000168589
P40763	0.0572938929059355	29.3959598439821	0.464072485841698	0.644214231471081	0.90283171589529	-6.15478269729046	ENSG00000168610
O43920	-0.583838210910354	28.2146361364901	-3.14732755340376	0.00252850045866777	0.047218880140806	-1.76966613828497	ENSG00000168653
Q96KN1	0.31571940606737	22.7290035482094	0.78206245936567	0.437141781019817	0.816036556596148	-5.96200318078655	ENSG00000168672
O43865	-0.348993047724729	25.5412892203403	-0.500894101600193	0.61821879205534	0.898113676986203	-6.13743823141847	ENSG00000168710
Q6UXI9	-0.705570090065404	23.2693924907037	-1.44445505259722	0.153624467392363	0.52455492842239	-5.25540103622007	ENSG00000168743
P43166	-0.13088627687932	24.4956077344979	-0.242985844904595	0.808815038642104	0.956623819671774	-6.23118147486274	ENSG00000168748
Q8NE01	-0.159078881197519	23.2338429115841	-0.377038423444692	0.707427007414392	0.923975921300762	-6.19053561619784	ENSG00000168763
Q13425	-0.233470608837255	25.8337813353178	-0.940799418317292	0.350443303153789	0.747886658420552	-5.82968714680754	ENSG00000168807
Q9P2W9	-0.28923944315995	25.3193640585523	-0.663765364380473	0.509290810083776	0.851520123165617	-6.04505787101989	ENSG00000168818
Q96RP9	0.0629796284070672	28.3200301297561	0.423490150645726	0.673396959306557	0.908195356389641	-6.17236885876142	ENSG00000168827
Q9NUU7	0.0403502359725962	26.8024933767406	0.193654655774155	0.847076654432249	0.968707167377975	-6.24172426553131	ENSG00000168872
Q53GS9	-0.465521337434911	26.4508271170771	-1.32114227662276	0.191288426009077	0.574391953208975	-5.41728986156148	ENSG00000168883
P31153	0.094297053316815	29.7155059923472	0.988187401872408	0.326885417385809	0.723741788153785	-5.78559312640436	ENSG00000168906
Q92835	0.227855761403848	24.697317967073	0.51177040424357	0.610622002657352	0.89744488760617	-6.13207269849589	ENSG00000168918
O95202	-0.0936501411718531	29.8030253347108	-0.748694640920051	0.456860186715871	0.825466732326588	-5.98678183623941	ENSG00000168924
P45877	-0.0537556983168948	25.6180727248787	-0.261446093862779	0.794611383693178	0.952502718023134	-6.22662489734916	ENSG00000168938
Q8N960	0.477221245391494	25.6927557923398	0.637444913397293	0.52619585438706	0.860957035032759	-6.06169180691374	ENSG00000168944
Q9GZY8	-0.656745292009074	25.5050165863018	-0.997835200196296	0.32223022442289	0.720426983918826	-5.77635034134242	ENSG00000168958
O00182	0.184159664320926	29.1285067581091	2.13476073461457	0.0367236009393915	0.243914489552377	-4.10846116686903	ENSG00000168961
Q9NX08	-0.0785354502239493	25.0806593572288	-0.25554831459634	0.799141916575896	0.953041917187918	-6.22811683403147	ENSG00000169019
P56385	-0.103295784922942	29.8033101810643	-0.85237538227819	0.39727249759814	0.787724856971045	-5.90632904845333	ENSG00000169020
P47985	-0.103854115610719	30.6217432422347	-0.649694384134841	0.518279335181823	0.855408226642526	-6.05404650891127	ENSG00000169021
Q02750	-0.13685600530081	26.2294902520365	-0.272256144518986	0.786327893630623	0.951055946761935	-6.22380091061272	ENSG00000169032
P31943	0.165434277042937	30.8027805236558	1.21200668319044	0.230088926047801	0.625606871662582	-5.54918167031907	ENSG00000169045
P51608	-0.0961972577389965	27.328623752294	-0.677144821952944	0.500822202498243	0.846526314155316	-6.03633498318285	ENSG00000169057
A8MT70	-0.347457501210119	23.4953246306913	-0.493002569344567	0.623744967653194	0.899037114426398	-6.14127126702636	ENSG00000169064
Q562R1	-0.866596377716455	31.0376774188854	-0.394321240953627	0.694775174121263	0.918627247586294	-6.18395250834479	ENSG00000169067
Q8N5I4	0.405034572233859	22.9482316078115	0.882501749051414	0.38089987669944	0.774728469840374	-5.88104375777257	ENSG00000169084
O95671	-0.0159321164414763	26.6702635537425	-0.0814485050909395	0.935346519264301	0.987531394271817	-6.25683937992885	ENSG00000169093
P12236	0.0056499108864756	29.5758412115421	0.0366699093221274	0.970865511622964	0.993813704858371	-6.25943008422983	ENSG00000169100
Q15819	0.0858863015618354	26.6068293953067	0.393849921832166	0.695037373848839	0.918627247586294	-6.18420298925741	ENSG00000169139
O95400	-0.156736869967229	25.8624008571908	-0.246652157450635	0.805992038973177	0.956282547545852	-6.23030117759089	ENSG00000169217
Q12907	-0.100424453703084	30.6008875485253	-0.794074074229406	0.430168289667484	0.810541701298132	-5.95282433001069	ENSG00000169223
Q96D46	0.0421110475329769	22.8332604341219	0.0792819147348127	0.937062641644928	0.987639287987826	-6.25700994370626	ENSG00000169251
Q9BYD6	0.0408871301972304	26.9126212064001	0.19682181294988	0.844608011293095	0.968183200668751	-6.24111885809268	ENSG00000169288
Q96G03	-0.543424821401224	29.7622251742314	-3.72726359961315	0.000419820484188305	0.0150695035247281	-0.140796948656865	ENSG00000169299
P55259	-0.218675145762443	23.3005037193421	-0.369238761852876	0.713202460434102	0.925389179133615	-6.19338027126385	ENSG00000169347
O00400	-0.153038630412247	23.9388870638691	-0.299550794618643	0.765517473239567	0.943016530674842	-6.21616742047956	ENSG00000169359
Q96ST3	-0.5243100534489	26.3844760869872	-2.2450409536158	0.0283264354401583	0.213348138750253	-3.88939596619773	ENSG00000169375
P10153	2.2686704558355	29.294244386586	7.27692548999108	7.17682615335886e-10	1.3045077671422e-06	12.232297347881	ENSG00000169385
P12724	2.51328532611041	30.0312275265387	7.49546012094506	3.08958144425935e-10	8.42374380777313e-07	13.0198731948598	ENSG00000169397
Q05397	0.284643200705911	25.334239665953	1.20418506233994	0.233075645693857	0.628877533878576	-5.5582194184988	ENSG00000169398
P43378	-0.372492237492491	23.7595003616201	-0.900218749790929	0.371472403207284	0.766996976406406	-5.86577419423629	ENSG00000169410
Q93091	-0.467858722580687	25.4160531628936	-1.80245832051539	0.0763134541246651	0.363566707865816	-4.71021578363373	ENSG00000169413
Q8N4V1	0.634819301339803	24.2344112201793	1.0429548328395	0.30100166897069	0.699642839257108	-5.73202284668871	ENSG00000169446
Q9Y696	0.0624490776902249	28.6001363880393	0.304436372175334	0.761810625250596	0.941296448505651	-6.21472416317747	ENSG00000169504
Q15365	0.207541574676181	30.8194301590069	1.59383594726482	0.116036780214319	0.45003453947986	-5.04132655643221	ENSG00000169564
P49773	0.201652056960999	30.2017423120354	1.02720778866872	0.308296582737795	0.707728241941025	-5.74771147961481	ENSG00000169567
Q9UMS0	0.0833498610611727	25.7490687533667	0.424129966617257	0.672932786938926	0.908195356389641	-6.17210399709435	ENSG00000169599
Q9H3K6	0.589378359518591	28.2037246433145	3.69560157886519	0.00046503732546578	0.015948732929339	-0.234326206562052	ENSG00000169627
Q86V48	0.185320075375977	24.9451003364769	0.60247847164955	0.549043599016267	0.873198952852428	-6.08281943353195	ENSG00000169641
Q9H2V7	-0.341571149561606	23.5035016568705	-1.23702906530355	0.220721454504087	0.613765472417536	-5.51989481365695	ENSG00000169682
O15120	-0.563906073860228	23.9664080688899	-1.37211255019664	0.17495158411382	0.550349558851194	-5.35201759435433	ENSG00000169692
Q9BZE9	0.244978937092942	26.6341830240131	0.495522354365182	0.62198276477406	0.899037114426398	-6.14004946388841	ENSG00000169696
P49327	0.101144235487034	31.1851120329542	0.726368438631723	0.470334719604427	0.82980672773388	-6.00276894392359	ENSG00000169710
P62633	-0.0623221160758725	24.6470309369505	-0.0897430384912803	0.928779463026216	0.98569641773234	-6.25614390768416	ENSG00000169714
Q13098	0.153302826251927	27.3464912133118	0.56809684491827	0.572012232432747	0.883685586392464	-6.10242204830506	ENSG00000169727
Q7Z4W1	-0.248706878171465	28.5452867878066	-1.61501679566084	0.111363471907833	0.4419687134741	-5.00940267744705	ENSG00000169738
P60763	0.123821344166185	29.0707074097891	0.969638537950012	0.335978192154844	0.73459866953503	-5.80310277359013	ENSG00000169750
P48059	-0.347934184811091	27.2146983083476	-0.908370628315012	0.367191012604918	0.763068823069594	-5.8586428392621	ENSG00000169756
Q16851	-0.283433588553006	31.7243341522968	-2.25673653277362	0.0275438447091326	0.211544486195634	-3.86561510621283	ENSG00000169764
P52597	0.226193618337518	31.0946504821672	2.08205982683645	0.0414528889013811	0.26278264633603	-4.20980569029531	ENSG00000169813
P43251	-0.388639394581393	25.2802290177919	-1.61604741538945	0.111140015720535	0.441652689345676	-5.00783946167238	ENSG00000169814
Q9BRZ2	0.261380524452726	24.9118479465292	0.570931837964269	0.570100742577882	0.883685586392464	-6.10084876153602	ENSG00000169871
Q9NZD4	-0.95409704084803	23.6860332519905	-2.17940736464208	0.0330924980529784	0.231054278979374	-4.02090578385274	ENSG00000169877
Q96A49	0.0223568637879055	27.5138907569356	0.0934054384869038	0.925881372862726	0.985606697198344	-6.25581538370871	ENSG00000169895
P11215	4.14678984752297	23.7947825268104	5.45968846294615	8.8251872293308e-07	0.000249857937553481	5.57662684087424	ENSG00000169896
Q8NFQ8	-0.659465918067106	25.4863705476963	-1.28804801843833	0.202495462138627	0.58828330050183	-5.45842177626225	ENSG00000169905
P08236	-0.359438261948892	27.9760759777167	-1.9211387033572	0.0592950772224338	0.318244149698752	-4.50557811320087	ENSG00000169919
Q15059	0.00370786852721494	25.6661448546951	0.0108718094091087	0.991360480635251	0.997028532073778	-6.26003086483077	ENSG00000169925
Q9BWJ5	0.226541721228852	26.7374806668013	0.940032701232815	0.35083331601683	0.747886658420552	-5.8303832891504	ENSG00000169976
Q6PIF6	-0.314856551900192	28.0301387700379	-1.79507449925524	0.0774952219854434	0.36523893300486	-4.72256208537462	ENSG00000169994
Q13740	-0.0706262299737972	26.3619638762528	-0.32594716080367	0.745557252337066	0.936448552581215	-6.20809281574672	ENSG00000170017
P61981	0.17229716961376	30.5738882531961	0.889477746887177	0.37717002178311	0.770243892448389	-5.8750667092627	ENSG00000170027
Q9Y5R8	0.230951857320818	22.5765732227296	0.468251303783009	0.641239911490756	0.902647786771382	-6.15288113088968	ENSG00000170043
Q8IY95	-0.594226162040833	23.2141175082418	-1.18356781045547	0.241083138266839	0.640032304269266	-5.58177495265315	ENSG00000170088
P08185	-0.150499897089691	25.8831648999537	-0.686528926264626	0.494928392977009	0.843125437958023	-6.03011462850134	ENSG00000170099
P51965	0.347467762842921	22.8242936656938	0.72415231837476	0.471684374658196	0.82980672773388	-6.00432990189162	ENSG00000170142
P51991	-0.104324990095868	31.5817900137809	-0.805631177912356	0.423521518602703	0.805313172342375	-5.94386350088182	ENSG00000170144
Q96K76	0.342679684971575	27.1627249548412	1.799712791465	0.0767511015019637	0.363987251831495	-4.71481182548608	ENSG00000170242
Q8WUM4	-0.197172291887437	31.7280946624686	-2.96335373645187	0.00430623754448881	0.0642755811914004	-2.24595170336588	ENSG00000170248
P16278	-0.281247917790346	28.3991810506005	-2.27585686556761	0.0263055314743274	0.204336272264256	-3.82651322521872	ENSG00000170266
Q9BXV9	0.33690667805158	24.9015675938998	1.3323804856962	0.187590981382015	0.570433147813047	-5.40309824957603	ENSG00000170270
O75718	0.589921591668539	22.8436841223767	1.5762778428422	0.120029327413811	0.456748026788215	-5.06749660984167	ENSG00000170275
O95166	-0.88556989186597	24.866453077399	-1.1478523774132	0.255430653771924	0.656194624777664	-5.6216532649308	ENSG00000170296
Q3B8N2	0.377501855224395	23.7400017139285	0.882929355007372	0.38067058339264	0.774551004194055	-5.88067870328507	ENSG00000170298
Q9UNK0	0.350943849653227	25.3053129104606	1.15052881017115	0.254325511405729	0.654786125446383	-5.61871226483456	ENSG00000170310
P06493	1.10299586351632	23.5374430482212	1.80360582865678	0.0761311557962686	0.363566707865816	-4.7082929816037	ENSG00000170312
P0CG47	-0.591771885344318	30.4669444318393	-2.16437445399318	0.0342939161116236	0.234341760096094	-4.05074402772066	ENSG00000170315
P15090	-0.81929582250832	26.0020135618926	-3.06729549413183	0.00319500156021395	0.0544726697499799	-1.97942416473887	ENSG00000170323
P49755	0.416121635500833	31.1105058285318	4.74829284179855	1.24575507730545e-05	0.00188775891295746	3.10793308684436	ENSG00000170348
P16455	-0.183727025236383	24.9764649904538	-0.591852524783926	0.556092273654162	0.876970859227447	-6.08899933503561	ENSG00000170430
Q6UX53	-0.143733203798707	25.8963893378751	-0.508238002723326	0.613082358135308	0.897939625005374	-6.13383004360262	ENSG00000170439
P12081	0.069631514467428	29.6329608260623	0.687582815724196	0.494268862829321	0.843033391036102	-6.02941078214378	ENSG00000170445
P08571	0.0726602741568882	27.243342427059	0.433860749280506	0.665889136964951	0.904691039418433	-6.16802680558863	ENSG00000170458
Q9H6W3	0.148681500050579	22.5454453063222	0.325588586677076	0.74582726276549	0.936448552581215	-6.20820705351878	ENSG00000170468
Q86X10	-0.248401457326882	24.9257177598907	-0.606488858881643	0.546395109852982	0.8724942199542	-6.08045880811007	ENSG00000170471
Q9BRP8	0.726128017358292	25.4128022892707	1.18774166206278	0.239448416555863	0.637243638594008	-5.57703617141953	ENSG00000170473
Q8WU39	0.978364255007929	31.0767498437302	4.70368301501754	1.46399668019577e-05	0.00208290273382021	2.95784511589445	ENSG00000170476
Q9BW91	-0.0746564641740726	26.7166480175942	-0.486158540373977	0.628561399805933	0.899825244544314	-6.14454087808649	ENSG00000170502
Q9UQ80	0.0389994583520092	30.5127835605639	0.472272916486836	0.638383042414618	0.901606508750819	-6.15103512167559	ENSG00000170515
Q16875	-0.891286595928023	23.733849427984	-1.88621955038217	0.0639310352931708	0.334185053040583	-4.56699275995184	ENSG00000170525
Q15041	-0.102585735218884	25.6586958372602	-0.140598188731388	0.888644433321226	0.975169321159376	-6.25040610207044	ENSG00000170540
P50453	-0.165673581698083	27.6506239029902	-0.610045786376697	0.544051526115844	0.870769877284913	-6.07835215638314	ENSG00000170542
P52630	0.388148333059711	25.1248048412248	0.961856364599704	0.339842256467896	0.736823383874757	-5.81035319503951	ENSG00000170581
Q8WVJ2	-0.0136171387522133	24.1337328033713	-0.0196883462587586	0.984354942054884	0.996188600782489	-6.25989888415478	ENSG00000170584
Q8IU81	-0.384935942928443	22.7723130923438	-0.928260467530295	0.356856960870389	0.755076393082127	-5.84100269698813	ENSG00000170604
P34932	-0.177652588691014	30.2589480603466	-2.40287119870108	0.0192601200749492	0.168040695629917	-3.55978690149033	ENSG00000170606
Q9GZQ3	0.25563899417471	24.1982110606803	0.838149632457443	0.405152596207628	0.792715144284247	-5.91797089253653	ENSG00000170619
Q92629	-0.218553640819028	26.283238538067	-1.10176724114988	0.274803513840132	0.674697686163999	-5.67139696756111	ENSG00000170624
Q8N2F6	-0.259024834611022	24.2624858098298	-0.498966948834314	0.619560965957964	0.898767211324495	-6.13838492171997	ENSG00000170632
P14621	0.439718413453996	22.9493247312347	0.815702260142187	0.417779890626792	0.802405808888372	-5.93595155724163	ENSG00000170634
Q9H4I3	0.335752246154446	23.7478615124656	0.89098205390715	0.376368747266027	0.770243892448389	-5.87377180775972	ENSG00000170638
P33176	0.0179158340165948	30.3833206759962	0.233491549069157	0.816145657546289	0.956881825291329	-6.23339535255029	ENSG00000170759
Q12802	0.745378293963796	24.4532848442107	1.12033443519966	0.266873935110551	0.666185007808799	-5.65159380942664	ENSG00000170776
O43715	0.0701594393598768	23.2481952253407	0.236488375338588	0.81382997112387	0.956881825291329	-6.23270606461016	ENSG00000170855
P62310	0.211471911506109	27.4978791645187	1.60334851208855	0.113918767906306	0.445721454547393	-5.02703701582149	ENSG00000170860
Q9BTV4	-0.0984762826810197	28.7761960040683	-1.02219882530212	0.310641923391052	0.709289509822052	-5.75265356109479	ENSG00000170876
P46781	-0.201513239858869	30.5476610960749	-1.20857884374115	0.231394412623093	0.627198460752827	-5.55314934026611	ENSG00000170889
O95167	-0.498580960805874	27.2176572568242	-1.41512039372604	0.162015166094256	0.535760279388708	-5.2951385100322	ENSG00000170906
Q969G5	-0.53941347670828	27.0513050606961	-2.19570020052936	0.0318480046776188	0.227610969209771	-3.98856921515848	ENSG00000170955
Q13496	-0.392714267326916	25.8764651709168	-1.56936003342462	0.121632322999584	0.460597956469954	-5.07773422222523	ENSG00000171100
P06213	-0.263242420624827	24.7152928933794	-1.02498651404464	0.309335163063294	0.70814636615623	-5.74990597342783	ENSG00000171105
Q8IWA4	-0.214538170812098	24.5523924302541	-0.676641245695134	0.501139553969877	0.846526314155316	-6.0366664007066	ENSG00000171109
Q8ND71	0.165539884644453	23.5547617109367	0.540652275527189	0.590676132550532	0.890997773388119	-6.11725173369493	ENSG00000171115
P21217	0.673186992453019	27.6100758592512	2.15984844709742	0.0346425990432245	0.235001014801884	-4.0594530907721	ENSG00000171124
Q8N5M9	-0.734611267760279	24.3137624021471	-1.2454531274515	0.217631665247075	0.60827548467058	-5.50990708813237	ENSG00000171135
Q9H477	-0.502544673937738	23.5277872114094	-1.24097906847733	0.219268677937093	0.610971947261609	-5.51521963392652	ENSG00000171174
Q9H061	0.000317100008928151	26.3310508693575	0.0018419953037218	0.99853618998608	0.999391935659059	-6.26008710058097	ENSG00000171202
Q8IUX1	0.210079295693106	23.5603188124098	0.351397650449253	0.726476353217006	0.931563400319999	-6.1996646033052	ENSG00000171204
P16662	-0.0173578540662618	22.4800613885068	-0.048155058115156	0.961746793855524	0.992154633017358	-6.25895287846606	ENSG00000171234
P02750	0.842404381636591	26.9392063226583	3.18979067616385	0.00223012651460433	0.0434679505172916	-1.6568063567825	ENSG00000171236
Q52LJ0	0.24912022689854	29.2940802988573	2.73757117167569	0.00805841497090084	0.0949082869035038	-2.80100502720703	ENSG00000171262
P10253	-0.31529455562633	28.7213992315179	-2.15279439151892	0.0352170414066597	0.237259784113729	-4.07328253138252	ENSG00000171298
Q8WVQ1	-0.152731828449291	27.8830167552945	-1.17537540272436	0.244319451019037	0.64392168506854	-5.59102713467561	ENSG00000171302
Q9Y3B2	0.00399715480564211	22.6726269600481	0.00952703155789163	0.992429102379396	0.997182823919789	-6.26004430218826	ENSG00000171311
P18669	0.303627387252781	32.2062338365477	3.18649512990754	0.00225204523925346	0.0434679505172916	-1.66560376940557	ENSG00000171314
Q9P2D1	0.509336438045349	28.5331225252782	2.52441349614104	0.0141518417081618	0.140413370817716	-3.29342985960303	ENSG00000171316
P08727	-0.242583332099358	35.4809149948762	-2.1257544829079	0.0374968333760635	0.246240098902838	-4.12593474832797	ENSG00000171345
O94811	-1.54332257578533	23.9726186907577	-2.45695526507616	0.0168117233814066	0.156440832079881	-3.44258687548892	ENSG00000171368
P18440	0.103047984870638	25.832277282672	0.432281328548281	0.667030375158866	0.904929143171575	-6.16869483037493	ENSG00000171428
O15160	-0.237165203375742	25.4287380473796	-0.554396724248431	0.581293221905693	0.887666649592057	-6.10991574946912	ENSG00000171453
O76021	-0.118985148988489	26.3631401490395	-0.586089579285489	0.559933922892843	0.879665710612121	-6.09230552381553	ENSG00000171490
Q08752	-0.46514269969116	25.9661492876754	-1.41220132348479	0.162869140020914	0.536750203582787	-5.29905106155042	ENSG00000171497
Q16134	-0.473280682318151	28.7935779786741	-2.36255086387719	0.021288205207896	0.177228370990316	-3.64576169429816	ENSG00000171503
O75347	0.259208290449589	29.7797364796011	1.16209218762085	0.249633011179485	0.649532824248837	-5.60589820014652	ENSG00000171530
P02679	0.139368619241885	32.0891000764821	0.833921692220785	0.407512914115919	0.794708306805161	-5.92139399446387	ENSG00000171557
P02671	0.475060021466724	32.1949682780906	3.1859184688647	0.00225590133805126	0.0434679505172916	-1.66714249587852	ENSG00000171560
P02675	0.417606324408844	32.4187202673856	2.98232824743111	0.00407975942373803	0.0625534275658098	-2.19780260060209	ENSG00000171564
O43660	0.0133518541042648	26.2629393724552	0.0367554664140554	0.970797567001046	0.993813704858371	-6.259427007063	ENSG00000171566
Q9NQX3	-0.199306158428637	26.9152992884946	-1.16142322490408	0.249902781088219	0.649532824248837	-5.60664285681965	ENSG00000171723
Q9HCJ6	-0.498174645983255	23.5694195659052	-1.14687872398781	0.255819714504635	0.656194624777664	-5.62273168331635	ENSG00000171724
P56470	-0.742227396268213	33.8316065089167	-4.13567312812282	0.000107870142165097	0.00735269856532846	1.10780477429832	ENSG00000171747
P50440	-0.772972804673106	25.7596658891678	-1.81958756803099	0.07362982529339	0.358743091804606	-4.68139946313956	ENSG00000171766
P17812	0.223963156917051	25.4561853396487	0.64881069012748	0.518846628774692	0.855773855642858	-6.05460468182764	ENSG00000171793
Q01780	0.284716185470739	25.2372312802845	0.965290004899667	0.338133775374512	0.735141926956866	-5.80716115564341	ENSG00000171824
P31350	0.197048541448158	24.592027278437	0.482823224481575	0.630914501843597	0.899825244544314	-6.14611782990711	ENSG00000171848
Q8WVT3	-0.198712792997945	23.4355303839711	-0.740491053287182	0.461785311060243	0.82980672773388	-5.99271140244658	ENSG00000171853
P63220	0.46480300356416	30.479214912477	2.96079242845086	0.00433768822270958	0.0642755811914004	-2.25243372315527	ENSG00000171858
Q9HC36	0.514796036856449	23.0277583253789	0.988375714159261	0.32679395262617	0.723741788153785	-5.78541371717935	ENSG00000171861
P62081	0.227331782826049	30.4231046798405	1.34364806737102	0.183938376319556	0.567693030652962	-5.38875582974149	ENSG00000171863
P04156	-0.0869450727777945	23.4247956549827	-0.209126294613523	0.835032316308006	0.966093093015364	-6.23867376939775	ENSG00000171867
Q9HBI6	-1.89140749237381	29.9873264883071	-3.87599120892643	0.00026401769031411	0.011997403877357	0.287856646055402	ENSG00000171903
Q9Y4G6	-0.471396052174239	28.333338614907	-1.99325952000644	0.0506191396595433	0.292855434052322	-4.37559330410664	ENSG00000171914
Q6DKI2	0.300324856347416	23.703370000212	0.664002042407446	0.509140338644428	0.851520123165617	-6.04490505627325	ENSG00000171916
P0DJJ0	0.117691829240155	22.2879515707236	0.317739727870567	0.751745499226779	0.938088839629172	-6.2106762222126	ENSG00000171943
P13521	-0.257847942319898	24.8538246713781	-0.610399858194028	0.543818516222835	0.870769877284913	-6.078141785341	ENSG00000171951
Q8N5M1	-0.863564017956755	24.6634119314034	-1.79717575976783	0.0771573745990712	0.364276332198039	-4.71905325125723	ENSG00000171953
O43447	0.0327082722564676	26.3500329134751	0.178128487742935	0.859200332440969	0.970185627365775	-6.24455020301883	ENSG00000171960
P52888	0.160638705071882	26.824188490127	1.5098423399045	0.13614183383264	0.491969131802113	-5.16409564338795	ENSG00000172009
P17677	-1.27235971297451	26.2314182253565	-2.81678280355287	0.00649038861150177	0.0815485923929013	-2.61009156154817	ENSG00000172020
P55268	-0.355568302036591	28.917468758103	-2.4400750558235	0.0175440562474914	0.159432868946249	-3.47939568508474	ENSG00000172037
O94966	0.000548715614240081	22.7268205313406	0.00122640913928515	0.999025388094174	0.999391935659059	-6.26008802583295	ENSG00000172046
P47897	-0.0146679085791384	30.3017313167991	-0.150248026450113	0.88105458634251	0.974126248849495	-6.24903284974138	ENSG00000172053
Q8N138	0.138086623267828	25.376261713262	0.537533084489937	0.592815406646075	0.891538678272224	-6.11889118727701	ENSG00000172057
Q16637	0.361337652762771	23.3887172489686	0.75713823453419	0.451822686316122	0.824285416019342	-5.98061183768419	ENSG00000172062
P99999	-0.228629986188153	32.0482827011817	-1.98490888877459	0.0515645054146375	0.294313244115597	-4.39085912584365	ENSG00000172115
P22676	-0.79979706610532	27.258756676756	-3.78361303163968	0.000349549323822451	0.0140153857559105	0.0268752475166316	ENSG00000172137
Q13884	-0.159527304913734	23.6109163707918	-0.552503763570729	0.582581239244272	0.887666649592057	-6.11093692664837	ENSG00000172164
Q9BYD1	0.0940963297965602	27.3729399734093	0.763938898135908	0.447788859303447	0.821463682269127	-5.97559302560544	ENSG00000172172
Q96AZ6	0.533736833407676	26.7942816053111	2.07816813274647	0.0418221949161273	0.264566622827891	-4.21720274632742	ENSG00000172183
Q6ZNC8	0.34103785105906	22.7331005326958	0.755812443451336	0.452611526324188	0.824613543616138	-5.98158512818359	ENSG00000172197
Q15661	-0.402848608465039	32.1844945185281	-1.99001220855286	0.0509849824579604	0.293891236092239	-4.38153639742588	ENSG00000172236
Q9H074	-0.212216771216024	26.041244452395	-0.528349710494759	0.59913478028344	0.893202947043432	-6.1236634323635	ENSG00000172239
Q7Z3B1	-0.486055993235976	25.5212649964315	-2.43040392609507	0.017976418083698	0.160679227046404	-3.50039084254702	ENSG00000172260
P35613	0.195023483666127	29.3321404718889	1.24355063249285	0.218326665656792	0.60896946691892	-5.51216835016061	ENSG00000172270
Q6ZMG9	0.0405397474329128	23.875459477357	0.0693534380571384	0.944930539737636	0.988539327237031	-6.2577327521995	ENSG00000172292
Q96S44	0.369127825254761	25.148589135603	1.84912332429133	0.0691882127096704	0.344236609403132	-4.63113945395743	ENSG00000172315
P07738	-0.557999772681491	27.9544503071558	-2.62661975092011	0.0108414118647763	0.117742937314136	-3.06126357088974	ENSG00000172331
Q96I99	-0.531969364665727	31.5967292559204	-3.25184919187722	0.00185296477810974	0.037284933339603	-1.48994841639467	ENSG00000172340
Q9NSY2	0.356412176938218	24.7046054229173	0.823117007118947	0.413582838927059	0.799092660138177	-5.93006501488975	ENSG00000172345
Q14005	0.13559099463793	26.9027600707879	0.696340903243026	0.488806672872615	0.838987342516326	-6.02352053473855	ENSG00000172349
P62879	-0.416206455081827	30.2111162791774	-2.19366452881062	0.0320012150929708	0.228108007714993	-3.99262064441659	ENSG00000172354
Q9UBI6	-0.509484289996831	28.5246167775107	-2.63504135403365	0.0106028562550604	0.11609914690531	-3.0418065337129	ENSG00000172380
Q9UMS6	-0.102069626553138	26.5123610660224	-0.330326747625322	0.742261965620857	0.934627021605365	-6.20668741688456	ENSG00000172403
Q9Y5Q6	-1.84206742461167	24.5883499980494	-3.14171094956277	0.00257065673728322	0.0474775376282495	-1.78451338595301	ENSG00000172410
Q8WXC6	0.22027055073103	22.8975687296682	0.589647857959277	0.557560374810351	0.877200439654024	-6.09026792418469	ENSG00000172428
Q96C11	0.326703434530504	22.2596935479867	0.967369315780522	0.33710192105093	0.734893495546025	-5.80522279044342	ENSG00000172456
O43427	0.124334612601867	27.0778265902366	0.445140011906583	0.657762266326918	0.904691039418433	-6.16318580727747	ENSG00000172500
P62136	-0.211051021862069	29.9779190103121	-1.586466925309	0.117699217373049	0.453258356168952	-5.05234241653648	ENSG00000172531
P51610	0.212640409842194	27.0649906143576	1.39836212839084	0.166965182941982	0.542587093315033	-5.31749738229479	ENSG00000172534
Q14432	-0.292699491681276	25.9702998790913	-0.611901929657423	0.542830588968314	0.870604471071829	-6.07724799212679	ENSG00000172572
Q96BP2	-0.0559474416277297	23.743009982673	-0.0824602900086353	0.93454520511823	0.987531394271817	-6.25675815290835	ENSG00000172586
Q86TS9	-0.427384121521708	23.3417426169976	-0.64510624297404	0.521228295130742	0.857079205176621	-6.05693639066804	ENSG00000172590
Q92484	-0.418834352046968	25.4336350194017	-0.822654129597554	0.41384409619111	0.799092660138177	-5.9304340160156	ENSG00000172594
O95967	0.297819145059204	22.8762282069941	0.803779901653284	0.424582073817446	0.805811698176524	-5.94530741700282	ENSG00000172638
Q9BR76	0.00856421358681203	29.9841470216318	0.0635074733356612	0.949565845448068	0.989108415516392	-6.25811318684617	ENSG00000172725
P23528	0.0895914304886247	33.8196651040327	0.572040476026019	0.56935409432257	0.883685586392464	-6.10023141279436	ENSG00000172757
Q6N069	0.178333768189219	22.0667774612927	0.520815400731422	0.6043426150845	0.89396966294435	-6.12751787833755	ENSG00000172766
Q9GZU8	0.550715456714453	22.7897325270967	1.29228718071424	0.201033129281739	0.586534860338857	-5.45320812365064	ENSG00000172775
Q86YS6	0.672852383771136	24.4400220399	1.51233530063225	0.135507767277088	0.490979305622567	-5.16054028608026	ENSG00000172780
P63173	-0.0711813953739693	29.0382065432286	-0.386878059797633	0.700165566788222	0.920586375922899	-6.18686253485421	ENSG00000172809
Q6UWW8	0.0633689494565246	26.6030682272812	0.345920077209392	0.730568858956189	0.932508109502526	-6.2015318428486	ENSG00000172828
Q8TE77	-0.234901244869761	26.3610819373995	-1.19104652593653	0.238155858757166	0.635384942947346	-5.57327524260498	ENSG00000172830
O00748	-0.683751959563448	31.0678840061863	-3.10647928027018	0.00285047180443902	0.0502625428555278	-1.87721278057078	ENSG00000172831
Q6IA69	-0.710761178466051	26.6129275922533	-2.09574884037956	0.0401762403771815	0.25701673669547	-4.1836915663783	ENSG00000172890
Q9UBM7	-0.201019669335572	25.9090559213302	-0.642418280465286	0.522960044154437	0.858342138609559	-6.0586200447199	ENSG00000172893
Q96AM1	-0.0861688605159436	23.2258186087458	-0.141175163138065	0.888187314073847	0.975169321159376	-6.25032756286507	ENSG00000172935
Q99836	-0.0178409543019882	24.5805950120752	-0.0512037061454451	0.9593271077129	0.992074856506437	-6.25880450569466	ENSG00000172936
O95747	-0.539179888216932	27.5593515036987	-2.17550639371361	0.0333967168257389	0.231695034161265	-4.02861761829716	ENSG00000172939
Q6UWP7	0.0123210381963297	25.5702835210561	0.0470185001722389	0.962648963861317	0.992154633017358	-6.2590058631213	ENSG00000172954
P28332	-0.223220720463292	23.2232933704294	-0.501478278601278	0.61780303039268	0.897939625005374	-6.13715931418624	ENSG00000172955
P25098	0.297328845757743	26.4027012818746	1.5660282005287	0.122410470144383	0.462264328262721	-5.08265017783586	ENSG00000173020
Q04206	-0.105259590182332	26.3038788020502	-0.392065245596962	0.696348753890293	0.918627247586294	-6.18488828725268	ENSG00000173039
P17066	-0.161778617008533	31.3251006373475	-0.52368828276394	0.602375306882321	0.89396966294435	-6.12603414865439	ENSG00000173110
Q9UI30	0.506671991517596	25.7729320974511	1.57588982403731	0.120118788421203	0.456769702413403	-5.06807193319331	ENSG00000173113
Q3MIX3	0.403490937070281	22.5323850600642	1.02589887953359	0.308908290748554	0.708020799227589	-5.7490051629679	ENSG00000173137
Q9BQC6	0.0474328262020478	26.613106164973	0.224790244804396	0.822878521276494	0.959819588560582	-6.23534697696004	ENSG00000173141
Q8WTT2	0.475733827656832	22.3433719819673	1.39542899283906	0.167843414139698	0.544137081206426	-5.32138511733076	ENSG00000173145
Q8N668	0.00158788265173015	24.9789509860248	0.0053302570277154	0.995764131134779	0.998327230571419	-6.26007484530503	ENSG00000173163
Q70E73	0.44715853931725	22.5088403575	1.18784752434761	0.239404834575654	0.637243638594008	-5.5769172237515	ENSG00000173166
Q13505	0.0133379846530168	27.1682617897267	0.0671220742297172	0.94669958693319	0.988539327237031	-6.2578819114047	ENSG00000173171
Q460N5	0.224243278000788	26.6868900647091	0.57866878799114	0.564900045327634	0.881549891788552	-6.09651570411342	ENSG00000173193
P35754	0.149158386877634	28.5605917392896	0.623495109383512	0.53523658276332	0.865972561074686	-6.07027660643551	ENSG00000173221
Q14789	0.216193306865854	29.7419115393365	2.65967389002097	0.00993228747666836	0.110307054196074	-2.9846137634577	ENSG00000173230
Q8TDB8	0.936241035568084	23.5870619738236	1.89935819402684	0.0621519279631593	0.32867916919315	-4.54400208244124	ENSG00000173262
Q9H8L6	0.235461850411621	22.9052775096387	0.569952466094281	0.570760729857155	0.883685586392464	-6.10139314242808	ENSG00000173269
Q6P582	0.332755416314413	22.597120061334	0.97930072367464	0.331221110068087	0.729549463066278	-5.79402201950538	ENSG00000173272
P02745	-1.05364927830272	24.2079961544837	-2.23485394865909	0.0290240027892814	0.216508737633313	-3.91002436221403	ENSG00000173372
Q14118	-0.241214430381987	28.0368962891861	-0.949177260010841	0.346200033759873	0.746767715226498	-5.82204456812329	ENSG00000173402
Q5TGZ0	-0.718622683112827	27.2144632470927	-1.29214997181368	0.201148024823012	0.586556245646997	-5.45335167238659	ENSG00000173436
Q8N3D4	0.319112795726536	23.544720676288	0.710418620511261	0.480097019959499	0.835338031138404	-6.01389888030603	ENSG00000173442
Q96C90	0.0478253435448686	23.6269429348307	0.0878851889912147	0.93024996857571	0.985780021659967	-6.25630553847942	ENSG00000173457
Q8TD06	-0.351176266409556	30.5608212420677	-2.25606490265569	0.0275882634243948	0.211587623703551	-3.86698356585381	ENSG00000173467
Q92922	0.203826243384434	24.6940956155091	0.487093790916654	0.627902262164932	0.899825244544314	-6.1440967539647	ENSG00000173473
P26885	0.471411544347426	29.1268126081473	3.87825783814927	0.000256151746765042	0.011997403877357	0.311924216652244	ENSG00000173486
Q9Y5P6	0.320601019433145	29.0075877805697	2.4190436041941	0.0184964889953709	0.163735965084022	-3.52496572207573	ENSG00000173540
Q7L9L4	-0.286685089694082	27.3339129936088	-1.31466308848586	0.193444937830029	0.577686334056488	-5.42542023814175	ENSG00000173542
Q969S3	-0.260820657734637	24.840341545805	-0.594198954436227	0.554531896662601	0.876227885395874	-6.08764403365782	ENSG00000173545
Q6UVK1	-0.0758475060158439	25.5021565042308	-0.291584984197439	0.771573170245396	0.943995624264784	-6.21847069118113	ENSG00000173546
Q8WV41	-0.388961209784917	23.9883081593063	-0.847493033291575	0.399966256830115	0.789365182227513	-5.9103461505123	ENSG00000173548
O43704	-0.787279401969489	29.9913485452314	-3.69119008043381	0.000471695244141261	0.0160759635393894	-0.247318233944131	ENSG00000173597
Q9NZJ9	0.111864470825058	26.055961177831	0.249161311221835	0.804056077873365	0.955323756992255	-6.22969421791932	ENSG00000173598
P11498	-0.337656615414282	27.4082893087913	-2.4942135358557	0.0152917229490076	0.147324673570562	-3.36061032906568	ENSG00000173599
Q9HAN9	-0.0232968893986936	25.6918730358236	-0.0577004873837536	0.954171976288856	0.991204722396621	-6.25845794449634	ENSG00000173614
P07919	-0.327276287882814	28.4448455705227	-1.04802797043834	0.298686132776805	0.698129225045828	-5.72691110229429	ENSG00000173660
P47813	0.17085525046112	25.9122645690415	0.457460373183898	0.648932403295069	0.904095144396528	-6.15775695305633	ENSG00000173674
Q99460	-0.124779340997769	29.2277067206207	-0.768370940657783	0.445171304327677	0.819136714369994	-5.97229854033835	ENSG00000173692
Q9H3R2	0.310522826904812	27.6060534807628	1.72765767734793	0.0890069061792691	0.395239950647846	-4.83317567810139	ENSG00000173702
Q15388	0.318833676088925	25.3882566378639	0.624072297079857	0.534859939369321	0.865714232526242	-6.06992614756575	ENSG00000173726
P52594	-0.0875090623923356	24.1969010740411	-0.208173250680474	0.83577312733446	0.966103794968921	-6.23886844207874	ENSG00000173744
P51692	-0.0170527402019012	24.3914740454945	-0.0474920564556194	0.962273061233044	0.992154633017358	-6.25898394040427	ENSG00000173757
P09543	-0.0166363061133374	28.3857939930363	-0.153780800435833	0.878279896071782	0.973031343616299	-6.24850692661745	ENSG00000173786
P14923	-0.306717398694687	31.3170239890255	-2.59002365750721	0.0119358207201451	0.125406609608769	-3.14523921350884	ENSG00000173801
P41567	-0.0101692042466794	27.0259241833309	-0.036545523055453	0.970964292573936	0.993813704858371	-6.25943454514505	ENSG00000173812
Q63HN8	0.87752095555237	27.3186524434857	1.98576751920419	0.0514923516357521	0.294313244115597	-4.38945907868444	ENSG00000173821
O00461	0.160196464747592	28.5634502971809	1.01615497344247	0.31348784493929	0.71171974606146	-5.75858564890885	ENSG00000173905
Q96IX5	0.229266667083774	29.9034840259585	1.15627076694649	0.251987583904067	0.651535464688895	-5.61236458103018	ENSG00000173915
Q9BWF3	0.0394020326745235	26.2786439522908	0.142306958714279	0.887297022090863	0.975031286806855	-6.2501704516704	ENSG00000173933
O14618	0.146271806847761	26.8472350220262	0.83399813828833	0.407470162428689	0.794708306805161	-5.92133225095296	ENSG00000173992
P63218	-0.0276198151102953	26.0218796871496	-0.104665224697633	0.916977878882539	0.982952697768131	-6.25472309408996	ENSG00000174021
Q8IXL7	-0.19737690140083	22.5952187122504	-0.434309923847676	0.665564722523318	0.904691039418433	-6.16783638252747	ENSG00000174099
Q9Y2U8	0.107777443742773	24.0110905809622	0.254869669471889	0.799663683311796	0.953041917187918	-6.2282863290683	ENSG00000174106
Q16772	-0.8414984697345	24.5595765137468	-1.27660163801149	0.206483616270754	0.593929184154424	-5.47241842493614	ENSG00000174156
Q7L0Y3	-0.387003443055765	28.7553377134441	-1.40165530984617	0.165989796875237	0.541677057068023	-5.31312346388972	ENSG00000174173
Q5H8A4	0.188869484482083	23.0246400506513	0.526234158060965	0.600594979774069	0.893600115882127	-6.12475125767787	ENSG00000174227
Q6P2Q9	-0.125322290112326	30.2781757265619	-1.60574852957745	0.113389348328343	0.445308002028273	-5.023419438865	ENSG00000174231
Q6BDI9	-0.497803434770749	23.2558115622118	-0.984856941235428	0.328505862069418	0.725239864722484	-5.78876066039766	ENSG00000174236
Q00169	-0.0446132400451162	27.743685495837	-0.109907061641168	0.912838596952035	0.98085768999526	-6.2541717048851	ENSG00000174238
Q9BUQ8	0.0278532571937298	27.5895198509478	0.186509725849134	0.852651386838101	0.96894755612696	-6.24305400615944	ENSG00000174243
Q7Z5L7	0.894060252619834	23.6868367401374	0.880199449354423	0.382159093977819	0.775553978214011	-5.88298188132589	ENSG00000174348
Q6GYQ0	-0.00483278517326369	23.118226152083	-0.0130068798789888	0.989663889771919	0.997028532073778	-6.26000589128278	ENSG00000174373
P16615	-0.011496582254459	31.1461087953855	-0.152584140379032	0.879219599966271	0.973676782822111	-6.24868644087791	ENSG00000174437
P36578	-0.0562533735420736	31.3455598776502	-0.387339809894485	0.699825487388333	0.920586375922899	-6.18668785314825	ENSG00000174444
Q9Y3B7	0.11728108748428	26.3529001730458	0.318532327262084	0.751147173399188	0.938088839629172	-6.21042960433561	ENSG00000174547
Q16880	-0.275316457677658	23.8927475913119	-0.809920332834428	0.421070465648259	0.803666282268273	-5.94050565426159	ENSG00000174607
O43505	0.207111444295588	22.7688241287835	0.417200850928669	0.677966466288633	0.908862849114883	-6.17495125253723	ENSG00000174684
Q8TBQ9	-0.508947877416492	24.7461226844452	-1.05542913340864	0.295307117774383	0.69573256256618	-5.71943144831847	ENSG00000174695
Q4G0J3	-0.0812461463239664	25.0256781130635	-0.185540385631338	0.853408288831231	0.96894755612696	-6.24323056371975	ENSG00000174720
P61313	0.0506839885266643	30.453957343215	0.248188804126776	0.804805026606314	0.955914138550258	-6.22993090090923	ENSG00000174748
O76094	0.186711063124982	28.0552534227432	1.64057744717609	0.105927666182543	0.43106236096523	-4.97036356963532	ENSG00000174780
Q6L8Q7	-0.085329633011245	26.665437992049	-0.330444123017624	0.74217371631136	0.934627021605365	-6.20664949423956	ENSG00000174840
Q92990	0.379107344622739	24.6219896035404	0.846450015598752	0.400543180391799	0.789931993734713	-5.91120140464447	ENSG00000174842
O95070	0.331127669467378	23.4248150287985	0.610302122963458	0.54388282938046	0.870769877284913	-6.07819986657358	ENSG00000174851
Q86Y39	-2.17492073487348	26.438215356809	-3.96660646468693	0.000191768577861898	0.0102520985792248	0.578532366021521	ENSG00000174886
Q9H0U4	-0.0499537479159997	31.4533870133454	-0.441851656419471	0.660127353426013	0.904691039418433	-6.16460989935485	ENSG00000174903
Q5XKP0	-0.36002655212787	27.1549212575714	-1.68929617232509	0.0961645783585922	0.41031725022645	-4.89440606248889	ENSG00000174917
Q9H2U1	-0.139952131784622	24.2650409444277	-0.394807476749822	0.69433414726511	0.918627247586294	-6.18383402130373	ENSG00000174953
O60844	-1.50428004476479	31.8617516178444	-4.42014246350865	4.10118572447872e-05	0.00421957844444952	2.0042174824198	ENSG00000174992
P56545	-0.870660183446475	25.9808858299455	-2.23905383124396	0.0287345966107623	0.215821404012507	-3.9015293252387	ENSG00000175029
O00762	0.341780199573428	22.9766269300095	0.719021335626575	0.474817608078826	0.831468294564116	-6.00792599671508	ENSG00000175063
Q96JH7	-0.0440271640256746	23.965918833495	-0.0941609005134993	0.925283692940575	0.985606697198344	-6.25574598321022	ENSG00000175073
P17661	-0.474234626357379	32.0595495909168	-1.66947846617246	0.100094211861395	0.419211779785091	-4.92563733178622	ENSG00000175084
P82650	-0.0494457652238616	28.3252288857852	-0.315220646359078	0.753648143576769	0.938088839629172	-6.21145597023674	ENSG00000175110
Q6VY07	0.388260098609077	24.0086769138504	1.08180801605823	0.283509758931001	0.681956781765258	-5.69233022887081	ENSG00000175115
P49006	-0.750698052547964	25.6768900888347	-0.862562692538557	0.391737391838919	0.784314072507352	-5.89782212346899	ENSG00000175130
Q13200	0.109540826168907	30.5536446404444	1.16762094531253	0.247411428634719	0.64831067772471	-5.5997281662373	ENSG00000175166
Q16527	0.529384967417684	23.6403990793778	0.72406026598813	0.471740483399052	0.82980672773388	-6.00439463900086	ENSG00000175183
P05165	-0.517878418138711	29.9533638909532	-3.57353833632472	0.000686819347844996	0.0198160100730093	-0.590175350411235	ENSG00000175198
Q13561	0.0461341194927805	29.8006121898487	0.561810265141199	0.57626204478888	0.883685586392464	-6.10588315942141	ENSG00000175203
Q14008	-0.0283171519535159	27.9453493677097	-0.204388757655266	0.838716320029883	0.966917567256438	-6.23963271450445	ENSG00000175216
Q07960	0.0252671482471456	30.2094806046269	0.271336347887578	0.787029904181546	0.951344071311978	-6.22404677593552	ENSG00000175220
O14683	-0.585853435563322	26.7387726634982	-2.21335244021986	0.0305462352146904	0.222685321692121	-3.95330352154481	ENSG00000175274
Q8IUZ5	0.025798096183042	25.1943287243172	0.113844391388067	0.909727431684621	0.980106199569729	-6.25374078985223	ENSG00000175309
Q8N8V4	-0.451621477784755	24.0653552359149	-0.800879665679174	0.426246747363869	0.807337100859735	-5.94756294016663	ENSG00000175311
O15116	0.103613644303064	25.6293576216072	0.288738442700681	0.77374062631623	0.945226331826114	-6.21927874137487	ENSG00000175324
O75531	0.162792790728364	28.9611534244577	0.855067771684714	0.395791819377692	0.786806480164439	-5.9041041673775	ENSG00000175334
P17706	0.0681726195831125	28.5389443862846	0.259617021980631	0.796015681990624	0.952502718023134	-6.22709122328853	ENSG00000175354
Q15796	0.133135267550152	25.8275081667945	0.474119829741926	0.637072870901911	0.900689231275116	-6.15018209693098	ENSG00000175387
O00303	0.0697640273289402	28.8892570428091	0.647185391968561	0.519890857517143	0.85604994567216	-6.05562932254113	ENSG00000175390
P09497	-0.169472253986232	28.8827971490922	-1.07933448252796	0.284601901732376	0.68306961714201	-5.69489884854179	ENSG00000175416
P29120	-0.573112521338047	24.2216317823547	-1.1417841572459	0.257915660908923	0.658433566917771	-5.62832130106846	ENSG00000175426
O43290	-1.51133331592492	26.6411364981821	-1.48484148748281	0.142796435556037	0.503713130420744	-5.19952010687908	ENSG00000175467
Q8N386	0.351868269793403	22.5717283530059	0.960790485590733	0.340373758294611	0.736823383874757	-5.81134183243863	ENSG00000175489
P16233	-0.599388619840987	22.9935310780473	-0.946693591197654	0.347454470747845	0.74681483208041	-5.82431712164052	ENSG00000175535
Q5I7T1	-0.431705154156425	23.200521743148	-0.962029565965351	0.339755940903034	0.736823383874757	-5.81019244475463	ENSG00000175548
Q14919	-0.593077586962654	25.1865602450503	-1.50296686268615	0.137902722073932	0.495377828372299	-5.1738729867985	ENSG00000175550
Q9H3H3	0.180670518114621	24.1955058423345	0.325278297747374	0.746060939695968	0.936526313112825	-6.20830580703186	ENSG00000175573
Q96GC5	-0.0377464409037671	26.4308774147506	-0.198366861913536	0.843404287079873	0.967963190183964	-6.2408199598665	ENSG00000175581
P20340	0.0724916031059877	29.4630389059714	0.597907320579177	0.552070312143809	0.874619236525331	-6.08549126925238	ENSG00000175582
Q9BUB7	-0.466713873440661	24.3466256535117	-1.09153151147241	0.279244727444274	0.679786383372155	-5.68217815751476	ENSG00000175606
Q9UBS0	0.27809684086504	22.8932033728054	0.492098562582281	0.624380217872571	0.899239504746031	-6.1417057389169	ENSG00000175634
Q6ZVM7	0.0110656452169167	25.9201904341858	0.0587030959791119	0.953376585638316	0.990806655514721	-6.25840077927542	ENSG00000175662
Q8NFN8	1.87621474942605	24.1066551641007	3.27449712745809	0.00173093123187186	0.036239356871382	-1.4284951337725	ENSG00000175697
Q8N4H5	-0.581252463045416	25.1856732834197	-1.08725087504991	0.281116812848166	0.680999547072878	-5.68665822945334	ENSG00000175768
Q9Y265	0.145187748973996	29.3209782745837	1.7906194123908	0.0782156085696346	0.367004801979162	-4.72998931199211	ENSG00000175792
P31947	-0.268808807043794	31.3969068703882	-1.45460454904715	0.150801476128511	0.51999143423668	-5.24147515491204	ENSG00000175793
Q9UJ68	-0.210487025946684	25.9091420946113	-1.30647867317263	0.196195088068093	0.580482802822909	-5.43563646321872	ENSG00000175806
Q9UQB8	-0.79238151729961	25.0058985040898	-2.02854081291194	0.0467874136876863	0.280219941608899	-4.31047737512146	ENSG00000175866
Q9H8W4	-0.524234860945587	24.2203827400068	-1.36021622619274	0.178665815274178	0.558638010716796	-5.36745989166768	ENSG00000175895
P01023	-0.561600365764583	32.6476712206291	-2.7645036033124	0.00748998751254207	0.0893717765993258	-2.73656475185836	ENSG00000175899
Q9C0C9	0.38628529669182	26.5024161500452	2.09950052569867	0.0398323733796108	0.255536390634139	-4.17650879196254	ENSG00000175931
Q9BUF5	0.118356081179485	28.415316935586	0.959122747226136	0.341206471975363	0.737747379731028	-5.81288658109887	ENSG00000176014
Q12996	0.23938316580028	25.5593868819618	0.834737083684803	0.407057055913905	0.794708306805161	-5.9207351387905	ENSG00000176102
P07947	-0.187237628625716	27.6594835060456	-1.02004194716343	0.311655541084474	0.709289509822052	-5.75477445335983	ENSG00000176105
Q96FZ7	-0.0614489074097584	26.6212331391549	-0.331595784840008	0.741308017590635	0.934627021605365	-6.20627669348299	ENSG00000176108
P18283	-0.0655792174760137	29.0774724041822	-0.465821459826371	0.642968666136197	0.902647786771382	-6.15398888792398	ENSG00000176153
Q8IWT0	0.216711613484275	23.2845592524995	0.491218857972075	0.624998665502927	0.899239504746031	-6.14212777161987	ENSG00000176261
P80365	-0.502253710356424	29.8309809156088	-2.66199477725182	0.00987114357326328	0.110307054196074	-2.97920340443333	ENSG00000176387
Q8IUI8	-0.0443803689178104	25.3341127427564	-0.145593910805159	0.88471227262332	0.975031286806855	-6.24970706318396	ENSG00000176390
Q9H4A4	-0.173525667970111	30.3323618610174	-1.74304224396642	0.0862626201045547	0.388439764972835	-4.80827005777435	ENSG00000176393
Q9P0J7	0.123258791697278	22.8156776263344	0.288389396144893	0.774006527345727	0.945226331826114	-6.21937728142603	ENSG00000176407
Q8WW59	-0.996748806950471	25.4963076169094	-2.46249499519078	0.0165774460827777	0.154789064194155	-3.43046183768148	ENSG00000176422
Q6ZMZ3	-0.191736495197663	24.5990830931441	-0.223523471101144	0.823862764904764	0.959906141301175	-6.23562342950955	ENSG00000176438
Q643R3	0.336960577192652	25.8949370436665	1.62834347112159	0.108501884580763	0.43729547421944	-4.98911868497783	ENSG00000176454
O60262	-0.463213989360625	24.561286788189	-0.935051013579823	0.35337425666529	0.751011298720342	-5.83489299753365	ENSG00000176533
O94819	-0.083447301302968	25.7966058785335	-0.182644971569039	0.855669971536177	0.970185627365775	-6.24375246815884	ENSG00000176595
Q03252	-0.0588978196633505	31.4099491380437	-0.594516587973275	0.554320838858994	0.876227885395874	-6.08746016075204	ENSG00000176619
Q96DB5	0.203762905585805	26.4167590117179	1.23980378999126	0.219700198365146	0.611861686253903	-5.51661216030296	ENSG00000176623
O94832	-0.64087520028081	30.9336126971052	-4.69732266176161	1.49800823966484e-05	0.00208290273382021	2.9364977547956	ENSG00000176658
Q4G176	-0.357885443973252	27.0272190433522	-1.9152881592777	0.0600512861309865	0.321038885561048	-4.5159373976123	ENSG00000176715
Q96T51	-0.039868252892056	26.7578462072353	-0.143578779095504	0.88629675775953	0.975031286806855	-6.24999240688322	ENSG00000176783
P80723	-0.318434992576741	28.0801346114958	-1.28557035722953	0.203353818977229	0.589339500519797	-5.46146149196325	ENSG00000176788
Q658Y4	-0.322686900395517	24.332301294994	-0.76655296812229	0.446243912755002	0.819866518935259	-5.9736521607935	ENSG00000176853
Q9NR77	-1.18367021771874	25.003362811319	-2.64337335980663	0.0103715532180983	0.114254706461192	-3.02250800755485	ENSG00000176894
Q86XL3	0.852064451954689	24.5329483846548	0.829587778108936	0.409976733553851	0.797048488786876	-5.92484700115065	ENSG00000176915
P07360	0.131251613111207	25.8293662258389	0.585388024419174	0.560402486273196	0.879869823692848	-6.09270582065822	ENSG00000176919
Q8WY91	-0.948953934851744	27.4554323623116	-0.72464898200203	0.471488824826689	0.82980672773388	-6.00386419864434	ENSG00000176946
P34896	-0.31244132327377	27.957456093017	-1.74396100606841	0.0861009715000305	0.388439764972835	-4.80677638611192	ENSG00000176974
Q9UHL4	-0.241262802644389	27.6912558229444	-1.03197892553019	0.306073782317803	0.704227989442608	-5.74298236201659	ENSG00000176978
P53992	-0.158014464322051	28.929846156427	-1.5405088780485	0.128503360850215	0.477010773802737	-5.1199830549819	ENSG00000176986
Q5HYI7	0.679088753233707	23.119250339643	0.945292401492629	0.348163480586974	0.747316439778146	-5.82559665838043	ENSG00000177034
Q8IUH4	-0.166941245967507	25.2849063861461	-1.06537264128296	0.290821138764319	0.690700204565258	-5.70929129157131	ENSG00000177054
P84095	0.398149302128751	28.6641471708872	2.85823644492329	0.0057867804443029	0.0769641799092285	-2.50852074186052	ENSG00000177105
Q9H6S3	0.1161573130018	27.2710083555346	0.739045370224106	0.46265638133577	0.82980672773388	-5.99374969661349	ENSG00000177106
Q4KMQ2	-0.186449618812574	24.1632017986211	-0.359384429743547	0.720523453478607	0.928936875612524	-6.19688965400429	ENSG00000177119
P37837	0.100082003438949	31.7872279002889	0.776723685366248	0.440262552983949	0.816585927218465	-5.96603887882141	ENSG00000177156
P51812	-0.362591417707762	29.2295314929179	-3.68006857437019	0.000488886546858979	0.0162196359303912	-0.280028365440273	ENSG00000177189
Q9Y606	0.238121509500441	25.8474718328618	1.03768639989904	0.303429082914645	0.702285336593993	-5.73729737184375	ENSG00000177192
Q8NB37	-0.014152086470709	24.3212087343434	-0.0725274660512954	0.942414620453544	0.988539327237031	-6.25751217688229	ENSG00000177225
Q9UKM7	0.407271453381302	23.2445294535057	0.831024902849862	0.409134931657376	0.796505813040939	-5.92372958075153	ENSG00000177239
Q9Y584	-0.443045410089976	23.9701524545058	-1.62955767120959	0.108244152678774	0.436902564439196	-4.98726301450658	ENSG00000177370
Q8IVG5	0.595702063314892	23.1583612125218	1.07093836612867	0.288330777209574	0.687179951103063	-5.70357552994418	ENSG00000177409
Q96IZ0	0.00941494974915003	29.0939411932918	0.0202834848268421	0.983883667651849	0.996188600782489	-6.2598871537266	ENSG00000177425
Q6NZI2	-0.189599412734772	29.9154082101495	-0.856402970069494	0.395058795852725	0.786616304109284	-5.90299827371032	ENSG00000177469
O95376	-0.173793672374586	23.9885524664549	-0.520832650855818	0.604330667782877	0.89396966294435	-6.12750911607513	ENSG00000177479
Q9H936	-0.228023264002864	23.5020422510957	-0.74436480109446	0.459455883771749	0.827657248351728	-5.98991944344551	ENSG00000177542
Q9H5N1	0.273636908574876	25.2351346815089	0.653432913773376	0.515882998490866	0.854538367874022	-6.05167683128255	ENSG00000177548
O00244	-0.547957132767987	27.1705003124486	-1.7902615391156	0.0782737180821135	0.367004801979162	-4.73058521532189	ENSG00000177556
Q9BZK7	-0.0834878979027138	26.7353185623281	-0.40855914678019	0.684264928734542	0.911797144470554	-6.17843688639687	ENSG00000177565
Q86VB7	0.00743948745595446	26.8855114578549	0.024527925063435	0.980509947392009	0.995421890307053	-6.25979406402438	ENSG00000177575
P05387	-0.0739483266231424	31.9110965733638	-0.719518427906377	0.47451354764765	0.831468294564116	-6.0075787046592	ENSG00000177600
P04062	0.147122837999309	26.8401388324955	0.817767720893091	0.416608179746987	0.801610587212533	-5.93431702925996	ENSG00000177628
Q9H845	-0.415648611157099	27.5516174021864	-1.65773042310716	0.10240218524494	0.423609952894413	-4.9438515048558	ENSG00000177646
Q9NR16	-0.528487448235662	26.9900023240784	-1.12295126471806	0.265790327264716	0.665992452032236	-5.64876093939535	ENSG00000177675
Q58DX5	-0.478457940506576	23.8154954262149	-0.750833399490285	0.455581141770682	0.824632805985357	-5.98522539989799	ENSG00000177694
P48509	-0.179142043834283	24.0109379139748	-0.348474640851185	0.728659260055411	0.932132700718732	-6.20066465806704	ENSG00000177697
P62875	-0.824812495315676	24.6339259779008	-1.99404369452658	0.0505311327814048	0.292822813025505	-4.37415686902274	ENSG00000177700
Q13045	0.221733457875178	28.9794089802369	2.44130952379636	0.0174895447902181	0.159411361625502	-3.47671085168225	ENSG00000177731
Q13151	-0.0930153627741923	26.8887158374195	-0.266086847193454	0.791051441264796	0.952274204106648	-6.22542706989154	ENSG00000177733
Q9BWS9	-0.0513628879952535	27.8740635012801	-0.413403620145686	0.680731253184673	0.910204077595426	-6.17649180127564	ENSG00000177830
Q92572	-0.20611403498706	25.1464865142258	-0.817475393129814	0.416773893023017	0.801646574481309	-5.93454861205688	ENSG00000177879
P62993	0.195093811697081	28.7846001537912	1.73756129955417	0.0872321709682783	0.390539432093614	-4.81716588916869	ENSG00000177885
P61088	-0.123477108413162	29.9800840675201	-0.726174457752886	0.470452769970305	0.82980672773388	-6.0029057644695	ENSG00000177889
Q9NYM9	-0.218831275537323	24.2674634078878	-0.56947216869756	0.571084532823333	0.883685586392464	-6.10165977638766	ENSG00000177951
P42677	-0.34248421686792	29.4773996999357	-1.73262041541432	0.0881138906652925	0.392726043002591	-4.82516346686648	ENSG00000177954
Q9NPQ8	0.131172656330971	25.5684385539451	0.500027230956729	0.618818493910122	0.898168018975751	-6.13786821514663	ENSG00000177963
Q9NV31	0.568889345867351	23.5991364181391	1.72665404202131	0.089188409313625	0.395401947957071	-4.83479349269934	ENSG00000177971
Q9NPF5	-0.17747917617784	23.6817728917848	-0.329233527348558	0.743084075617395	0.934627021605365	-6.20703997906461	ENSG00000178028
P12268	0.406446896646994	29.2091042418468	3.08093532593606	0.00307088500612422	0.0528020222588123	-1.94395109232872	ENSG00000178035
Q9BU61	-0.45264398322286	25.00532612344	-0.786339800440382	0.434650906340194	0.813925615478391	-5.95875029999838	ENSG00000178057
Q9UGK3	-0.185477519617915	25.4947621445798	-0.400832556997765	0.689915541855838	0.916023727718501	-6.18149197195188	ENSG00000178078
Q5VU43	0.152228995314704	25.3177379401031	0.237361543943541	0.813156585688955	0.956881825291329	-6.23250302991928	ENSG00000178104
P19404	-0.218763395061661	29.1869709555222	-1.48188835806266	0.143413375402041	0.505515925059684	-5.20358974341489	ENSG00000178127
Q7Z4H8	0.00249161787391472	26.7267549928882	0.0155998052040949	0.987603538870132	0.997028532073778	-6.25996955716323	ENSG00000178202
Q15149	0.0406677010034784	33.8975563121611	0.705207441225332	0.48331095250904	0.836450271297841	-6.01748263000062	ENSG00000178209
P17152	-0.304933770761743	26.2151307270102	-1.74263532484393	0.0863342943451574	0.388439764972835	-4.80893137673239	ENSG00000178307
Q5TFE4	0.275461291625398	26.7249388911733	1.53492965783834	0.12986707860157	0.47946186839158	-5.12806958465319	ENSG00000178425
O43772	-1.3495192524835	26.9190887917525	-3.18432731221259	0.00226864910441702	0.0435596604450211	-1.67199640643766	ENSG00000178537
Q7L775	-0.400425270914397	24.4970828535231	-0.923341542451555	0.359393541872963	0.756377068249041	-5.84540140470901	ENSG00000178567
O43824	0.253426570117242	25.1299836115406	0.260334517123735	0.795476006830518	0.952502718023134	-6.22690203301683	ENSG00000178605
Q53GL7	-0.0765208289433978	23.9594688075448	-0.162610047544593	0.871352049284668	0.972116389555013	-6.24713911821251	ENSG00000178685
Q96CX2	-0.378908096431601	29.2800265672624	-3.65387018099819	0.00053177911416635	0.0171585296423024	-0.356836742660156	ENSG00000178695
P20674	-0.108466074627266	32.054519828216	-0.622384338261706	0.535961800762373	0.865972561074686	-6.07095014757534	ENSG00000178741
P22792	0.405862541367728	23.7851077359216	1.25485530371647	0.21422087040199	0.602137322836109	-5.49868369478861	ENSG00000178772
P34949	0.0139949935615	28.1465228143477	0.103009817588958	0.91828622449788	0.983723210974062	-6.25489146606873	ENSG00000178802
O14841	-0.607088987137715	27.8008881874408	-3.0024272119545	0.00385196854724866	0.0607899086040022	-2.14655237427566	ENSG00000178814
Q9NPD3	0.0426061677677119	25.9189621782397	0.186257766262797	0.85284811424309	0.96894755612696	-6.24309998696797	ENSG00000178896
O15067	0.191334016737471	27.896687629259	1.92233812911856	0.0591410498648216	0.318004360220373	-4.50345089634719	ENSG00000178921
Q5T013	0.300313530533039	24.9859200517017	0.934031710864509	0.353895623490663	0.751510655718594	-5.83581286039715	ENSG00000178922
Q9BQA9	-0.126409945406895	23.7759230594548	-0.240587215587183	0.810665444838303	0.956623819671774	-6.2317491000502	ENSG00000178927
O14976	-0.00725412499626188	27.7686181032703	-0.0512303107914442	0.959305993486366	0.992074856506437	-6.25880317081744	ENSG00000178950
O95365	-0.119906237332199	23.9326755580518	-0.191033562318716	0.849120831906906	0.96894755612696	-6.24221787418537	ENSG00000178951
P49411	-0.307819177547817	31.8666094393912	-2.79222594252399	0.00694354885893459	0.0850455563881477	-2.66972602532506	ENSG00000178952
Q9UBQ5	0.0854057960344541	28.2900965687564	0.434970100446421	0.665088029111849	0.904691039418433	-6.16755615188183	ENSG00000178982
Q96RF0	0.250791359970709	25.7015594926901	1.32464134846392	0.190131365794621	0.572400269927018	-5.41288338677422	ENSG00000178996
Q15050	0.0195151455884712	24.9481874256964	0.081659720661068	0.93517923503683	0.987531394271817	-6.25682250615081	ENSG00000179041
Q9P258	-0.607238359750042	28.9285611670855	-2.74693268019715	0.00785649505143175	0.0929265075485564	-2.77866150537218	ENSG00000179051
Q9P2X0	-0.587215646040072	26.3963759687703	-1.16975886459159	0.246566454980031	0.646735248581352	-5.59732766911143	ENSG00000179085
P08574	-0.238577168588748	30.084924159996	-1.33865932529234	0.185548865354753	0.569042520747818	-5.39511999757695	ENSG00000179091
Q9Y285	0.174072826709622	29.1846709144505	1.71465579551973	0.0913819764101079	0.398437514790136	-4.85406818288125	ENSG00000179115
Q96F86	0.285736093639599	23.6726135310232	0.876521398390107	0.384115791581626	0.777077424080961	-5.8861312249259	ENSG00000179151
P04066	-0.702390329080743	30.3274774114998	-3.43521720156182	0.00105917898104352	0.0258685056931553	-0.984027731032295	ENSG00000179163
O60812	-0.000310400775482833	31.7267905067037	-0.00365403133382094	0.997096193119426	0.998744588736265	-6.26008222221719	ENSG00000179172
P27797	0.147717522416393	33.3866250710125	1.07562900501841	0.286243435695466	0.684298752673114	-5.69873618602587	ENSG00000179218
P54725	-0.408488370132467	26.7019476292277	-1.95090794158082	0.0555714979478786	0.306401798088758	-4.45243529146994	ENSG00000179262
Q8TAE8	-0.0512439760128345	26.4095209763284	-0.265975565710008	0.791136753895018	0.952274204106648	-6.22545603886203	ENSG00000179271
Q06124	0.0648189614531596	27.9715298220826	0.436134011652858	0.664247942075231	0.904691039418433	-6.16706106662144	ENSG00000179295
Q14964	0.414742637572385	23.4741014688431	0.726209730904827	0.470431302646814	0.82980672773388	-6.00288088792597	ENSG00000179331
Q86VP3	-0.044510735893919	22.4652443932534	-0.124706502750947	0.901157644636498	0.977800741991114	-6.25247182116624	ENSG00000179364
Q8IZ81	-0.117523871118344	25.7810826113027	-0.497136387790037	0.620843768221487	0.899037114426398	-6.13927444756979	ENSG00000179387
Q6PCB0	-0.523976946480342	26.4990873884271	-2.32105131667571	0.0235724602821928	0.190430556916737	-3.73298933618347	ENSG00000179403
Q96CN9	0.0155351620280513	24.5162769153074	0.0380700409849946	0.96975363354004	0.993813704858371	-6.25937882522436	ENSG00000179562
Q96S97	-0.435100996333823	27.2050806495302	-2.13061071196356	0.0370781564373434	0.245075378245859	-4.11652076313186	ENSG00000179820
Q8NDA8	0.423375940943181	24.0286114952083	1.35917767832575	0.178992897821826	0.558699640424966	-5.36880200391572	ENSG00000179832
Q6P996	-0.047697076703404	30.5227351512262	-0.452214262381402	0.652686149793672	0.904691039418433	-6.1600865989215	ENSG00000179889
Q9Y2A9	-0.602088539659078	25.7358099674895	-2.03309751450702	0.0463112368366024	0.27904439167955	-4.30199477520396	ENSG00000179913
Q8WWA0	-0.887648626055732	30.9311082787288	-3.23091930993953	0.00197776605032677	0.0390752111319996	-1.54813421156955	ENSG00000179914
Q99611	-0.106525594373565	25.414260824683	-0.475802712613836	0.63588007079299	0.900553762545728	-6.14940195473908	ENSG00000179918
Q9UHX1	0.236509039315106	28.9351616291695	2.20542129115222	0.0311252164653944	0.224099104942585	-3.96917807294788	ENSG00000179950
Q9H773	-0.0480927125445128	28.3496651199851	-0.320599318087794	0.749587543106397	0.937890523197898	-6.20978357794776	ENSG00000179958
Q8N4Q0	-0.464933273208231	26.0624608848557	-1.6886939554053	0.0962805992539282	0.410491092831642	-4.89535733217577	ENSG00000180011
Q8WYJ6	-0.073693510967825	25.1963209836649	-0.170100231424142	0.865482788186788	0.970506166261881	-6.24591895677017	ENSG00000180096
O60645	0.0811680198384614	26.6984865438601	0.364177044552236	0.716959589784355	0.928143217359356	-6.19519468448357	ENSG00000180104
Q8N752	-0.0974481336158135	26.8389087811915	-0.450752534227214	0.653733671236783	0.904691039418433	-6.16073095613146	ENSG00000180138
O60244	-0.228565371412039	23.5593021104143	-0.265670103360702	0.791372974174935	0.952274204106648	-6.22553427729928	ENSG00000180182
Q6P587	-0.113625888985009	27.5520290018316	-0.817867821350083	0.416551444460592	0.801610587212533	-5.9342377108121	ENSG00000180185
P18754	0.155162424143157	28.2808299591721	0.940066634678845	0.350816048827811	0.747886658420552	-5.83035249086423	ENSG00000180198
P00734	0.225414656748164	28.7644491477753	1.7328395106748	0.0880746369139875	0.392726043002591	-4.82480926405981	ENSG00000180210
O75569	-0.101800953263993	26.4771742402798	-0.466858778623431	0.642230404710552	0.902647786771382	-6.15351667797388	ENSG00000180228
Q8NHG8	-0.525823430763872	23.5543128976344	-1.17149033117669	0.245865076545287	0.645810338343665	-5.5953933280761	ENSG00000180233
A2RUB1	-1.03671216504575	24.4724665532437	-1.6182623640077	0.110661003196374	0.440463102503524	-5.00447679570624	ENSG00000180336
P14317	0.206949602666057	25.9383826457327	0.468259091961484	0.641234373651789	0.902647786771382	-6.15287757108865	ENSG00000180353
Q13177	0.179828252488093	28.7592144703153	1.25710539380124	0.213410499274942	0.601720502867767	-5.49598588005836	ENSG00000180370
Q8NI22	0.147462720278014	23.0924780243451	0.32320401441385	0.747623684922594	0.937406544582155	-6.20896356465394	ENSG00000180398
Q92619	0.103830506276228	25.4341098957348	0.291699617730735	0.771485922382151	0.943995624264784	-6.21843798448271	ENSG00000180448
Q93077	1.17100695802181	26.3628486640033	1.04856990648184	0.298561913064308	0.698129225045828	-5.72625372012858	ENSG00000180573
Q2VIR3	0.0489918950927546	29.5413023985284	0.435318814353947	0.664836289368886	0.904691039418433	-6.16740795967618	ENSG00000180574
P62807	0.469276648290439	35.1332017220077	2.8173827732597	0.00647966597624063	0.0815485923929013	-2.60862957670577	ENSG00000180596
Q15181	0.164229395236557	30.9448319215577	1.29488000175389	0.200142612528822	0.585817319441583	-5.45001128422459	ENSG00000180817
P51571	0.432327364347124	29.4566347861117	3.82649895853087	0.000303770020372393	0.0129410775085208	0.155512658133	ENSG00000180879
Q14160	-0.197891893978571	27.0553580940696	-0.867882474225339	0.388791292090565	0.781451867220734	-5.89342078745366	ENSG00000180900
Q8N465	0.0988449901890149	24.2099382107665	0.239046995350295	0.811854209518912	0.956784310461773	-6.2321106233165	ENSG00000180902
Q6ZRV2	0.171827974599577	24.2691744798218	0.330509601648255	0.742124487365073	0.934627021605365	-6.20662833301084	ENSG00000180921
P48739	0.126121196132598	28.4030288758486	0.808894632825926	0.421655828639195	0.803666282268273	-5.94131023019888	ENSG00000180957
Q8N9N7	0.0548983613510394	25.8385152507553	0.19861514572765	0.843210887784095	0.967963190183964	-6.24077171031593	ENSG00000180979
Q6P1L8	-0.014240948822934	26.7592828907236	-0.102513226693072	0.918678747855233	0.983808957591238	-6.25494145128555	ENSG00000180992
P15559	0.113102641266448	26.7161819998637	0.390605975249151	0.697421717224681	0.918627247586294	-6.18544633151005	ENSG00000181019
Q8IUR0	-0.201847104795974	24.116486410554	-0.295770243260849	0.768389686100988	0.94351643232578	-6.21726826320157	ENSG00000181029
Q9Y241	0.0599480381487929	27.1011309838145	0.280527464697252	0.780002825862019	0.948703757587387	-6.22156530664498	ENSG00000181061
Q8TD08	-0.916763024813264	24.1842352605505	-1.24417428983881	0.218098657653246	0.60890774809677	-5.51142744699101	ENSG00000181085
Q15848	-0.379066481528163	24.3727954106788	-0.596051116007419	0.553301759127999	0.875552667592855	-6.08657047947294	ENSG00000181092
P06748	0.119614554084656	31.6319701882064	0.707739551296896	0.481747811475077	0.836173780380282	-6.01574452834775	ENSG00000181163
Q96HY7	-0.729891034401998	25.6238942104456	-3.05875171400621	0.00327511458649261	0.054615290031022	-2.00158568239216	ENSG00000181192
Q7L7L0	1.3762080311669	26.2886213811304	1.20277830242293	0.233764915480551	0.629802413100515	-5.55974692101751	ENSG00000181218
Q8NAA5	0.292583050965465	21.6684631422356	0.870174789860095	0.387547214190826	0.780389571263876	-5.89149338310093	ENSG00000181350
A8K0Z3	0.244568450746367	25.0760389103611	1.00459326595585	0.318980835225433	0.717452796434169	-5.76983882851434	ENSG00000181404
P61225	-0.109427539282816	26.4662786243149	-0.568718214765798	0.571593007878735	0.883685586392464	-6.10207788046043	ENSG00000181467
P51688	-0.249644219628035	24.3332799239331	-0.436587704188135	0.663920593115612	0.904691039418433	-6.16686772630641	ENSG00000181523
Q9Y3D9	-0.261430564046524	26.9319238787953	-2.07529249038836	0.0420969110424477	0.265381216134112	-4.22266086917976	ENSG00000181610
Q96EC8	-0.256212284345899	24.3725175576859	-0.736695365927482	0.464074335148664	0.82980672773388	-5.99543322508423	ENSG00000181704
Q8NDZ4	0.126897037478297	23.378798778068	0.322978573437987	0.747793594155946	0.937406544582155	-6.20903479960987	ENSG00000181744
Q9Y678	0.0902516011599097	30.9562662536905	1.12171813126369	0.266289513070032	0.665992452032236	-5.65010529334541	ENSG00000181789
Q96A29	0.0209947456444866	23.6574168201559	0.0374977897413028	0.970208064806011	0.993813704858371	-6.25940000746868	ENSG00000181830
Q5T440	-0.377010738859955	26.3769786751444	-1.38349035651016	0.171454741766914	0.549694273430874	-5.33713025060082	ENSG00000181873
O95471	-0.853591129452731	25.838155154761	-1.5660506737536	0.122411459749013	0.462264328262721	-5.08262281588776	ENSG00000181885
Q96SZ5	-0.377492175969522	23.9718359749509	-0.854819354795227	0.395928292971066	0.786806480164439	-5.90430973576759	ENSG00000181915
Q9NYJ1	-0.405812518947315	23.5813212821716	-1.07637351941153	0.285913089499457	0.68410885346228	-5.69796619720238	ENSG00000181924
P54619	-0.94668339869234	26.6802553402267	-2.04506883154952	0.0450899779136621	0.275336673643	-4.27970924676472	ENSG00000181929
P82912	-0.392049777005514	24.2611033509238	-0.701699641755307	0.485481065234267	0.836812812052665	-6.01988034418158	ENSG00000181991
P62304	-0.0788976216498263	28.3136603400449	-0.417763975269665	0.677556828789917	0.908862849114883	-6.17472159875108	ENSG00000182004
P48735	-0.0459269899636325	32.7200822098623	-0.423896778334181	0.673101945122848	0.908195356389641	-6.17220057500559	ENSG00000182054
Q3MIR4	-0.053421217423697	26.1158068394903	-0.249537603939673	0.803766336103142	0.955323756992255	-6.22960239018692	ENSG00000182107
Q9NPE3	0.127477340002805	26.4175110996329	0.379799667296986	0.70538648076791	0.922253050754061	-6.18951436420062	ENSG00000182117
P53990	-0.145350973866311	28.6507595989862	-1.74893042973223	0.085230981029196	0.386981298544717	-4.79868505626233	ENSG00000182149
Q8IXM3	0.202556443795906	26.3886088864441	1.16234421037925	0.249531433042573	0.649532824248837	-5.60561755439637	ENSG00000182154
P41226	-0.0167263699734868	27.029498757102	-0.114221037267906	0.909430086472908	0.980106199569729	-6.25369872132271	ENSG00000182179
Q9Y3D3	-0.174120719358147	26.2057830536692	-0.706351337825813	0.482604444715118	0.836450271297841	-6.01669819042559	ENSG00000182180
Q66PJ3	0.397339044480024	23.8749747500186	0.828704840089096	0.410436852469017	0.797048488786876	-5.92559444318206	ENSG00000182196
P34897	0.295596533887512	29.4202158894595	2.45380833509129	0.0169461299962752	0.15702785126836	-3.44946476353107	ENSG00000182199
Q70IA6	-0.305572304127296	24.555042457502	-0.948487175867707	0.346548280665077	0.74681483208041	-5.82267657389299	ENSG00000182208
O75787	-0.278269502979267	24.8395627118302	-0.598162776346338	0.551900945127267	0.874605014175818	-6.08534248591767	ENSG00000182220
O15061	-1.50135131894909	26.3999379415182	-2.53467900478632	0.0138030079246344	0.13810605910648	-3.27123822939149	ENSG00000182253
P56377	0.597756753387269	23.2609626904767	1.08825179861295	0.280678291078441	0.68054189473132	-5.68561218851619	ENSG00000182287
P09871	0.170950725069527	27.0824076738276	1.13807773568188	0.259448158982564	0.659566811623273	-5.6323729105657	ENSG00000182326
Q86SZ2	-0.516919954495126	24.06035794974	-0.774658789353985	0.441473086319032	0.816882504139017	-5.96759251348094	ENSG00000182400
Q8TAT6	-0.047124909402406	27.2303174477725	-0.279347826410826	0.780903704109804	0.949234930564147	-6.22188840366002	ENSG00000182446
Q6ZSI9	1.36011622092352	23.2702801105042	2.56881419947929	0.0126151016048805	0.129304791450025	-3.19347743282862	ENSG00000182472
Q9UPT5	-0.0185038946537794	26.051104128069	-0.0969955458337271	0.923041465661408	0.985606697198344	-6.25548059583777	ENSG00000182473
P52292	0.598256515344747	23.5763309985684	1.34855773209575	0.182363788669595	0.564413873108079	-5.38247078095869	ENSG00000182481
P21810	-0.691662972266307	28.9783971287966	-3.67499950526354	0.000496919179897777	0.0163234957107384	-0.294916772943473	ENSG00000182492
Q86SX6	-0.444882610217125	26.3327218763637	-1.73070873548503	0.0884570062134246	0.393760044801473	-4.82825228655544	ENSG00000182512
P53671	0.269348734758552	27.1008789760558	1.49573117669471	0.139775231625606	0.49886804008361	-5.18411786636974	ENSG00000182541
Q9BV57	0.102223930239564	25.815508422903	0.450638935171788	0.653815109281153	0.904691039418433	-6.16078094595282	ENSG00000182551
Q6NW29	-0.263089044080491	23.2136126476012	-0.626911778118272	0.533009033906983	0.864632895343894	-6.06819740077822	ENSG00000182552
P54753	-0.441636123095588	23.2725716938748	-1.41750133063836	0.161321189514017	0.535165128455817	-5.29194164558709	ENSG00000182580
P07355	0.114260633650389	34.9181939986498	1.63492932711069	0.107109887559468	0.433286511025057	-4.97903829175176	ENSG00000182718
P08708	0.248356174076921	29.9993612319178	1.80775362255736	0.0754752501444688	0.362613690782193	-4.7013336505228	ENSG00000182774
P52943	-0.973376402934477	24.5146276663752	-1.86675124103073	0.066646320492006	0.339423354629152	-4.60079869529971	ENSG00000182809
Q9H3P7	0.180868849272613	28.5294403108931	1.98807076275823	0.0512047875650485	0.294313244115597	-4.38508549617842	ENSG00000182827
Q9BV10	-0.405897352879432	23.6495041984924	-0.812684185955083	0.419495578817343	0.803123448850978	-5.93833267722137	ENSG00000182858
P06239	0.290856435846692	23.2393499471149	0.605969271921458	0.546737883007473	0.8724942199542	-6.08076552383843	ENSG00000182866
P39060	0.136694636006656	28.6596473578071	1.10729658611964	0.272425025228846	0.672375777742202	-5.66553276262702	ENSG00000182871
P98175	0.727604850166049	25.4912295008615	2.40038370970737	0.0193800463622237	0.168547675938127	-3.56512570827148	ENSG00000182872
P18077	-0.175005357547626	28.621650679228	-0.353575498610516	0.724880479180084	0.930958484961627	-6.19889204449971	ENSG00000182899
Q9H0W9	0.148084039643077	28.2854516562785	0.947244453954188	0.347175988908441	0.74681483208041	-5.82381358170109	ENSG00000182919
P08240	0.379601740984054	27.4819804081175	2.00187524977914	0.0496593883056683	0.29102710186343	-4.35978406181828	ENSG00000182934
Q01844	0.469395977738063	28.591564412501	1.72524131090472	0.0894444129676564	0.395893168760252	-4.83706930910565	ENSG00000182944
Q9H9A5	-0.565370245458126	23.5537356623491	-1.14499338063216	0.256593942956178	0.656904587295793	-5.62480300656125	ENSG00000182973
Q13330	-0.0195533663928771	24.555874903084	-0.0564440417486938	0.955168807152141	0.991535409366195	-6.25852819247873	ENSG00000182979
Q9BY67	-0.24277942814965	22.9694920693539	-0.503655433578893	0.616280829416255	0.897939625005374	-6.13609185659347	ENSG00000182985
P32322	1.33938207182289	26.2033954852531	3.70705193701118	0.000448172594014827	0.0155901286787585	-0.200559292188267	ENSG00000183010
O94973	-0.590641560872395	29.1186574770967	-3.34133137684541	0.00141345553836053	0.031684055036917	-1.24543058596579	ENSG00000183020
P80404	-1.15894731038889	25.9563862728942	-3.50204432766913	0.000860185620110966	0.0227698649828403	-0.795020426978634	ENSG00000183044
Q9UBX3	-0.1983695409921	27.4323261968412	-1.3122789337931	0.194243058379579	0.578668983659718	-5.42840248614907	ENSG00000183048
Q8IU85	-0.60330067934115	26.2175727707748	-2.41344769047234	0.0187575920244463	0.165234458872314	-3.53703614766669	ENSG00000183049
Q63HM1	-0.0417423747401422	22.9934665156371	-0.0686511704698232	0.945487274819503	0.988539327237031	-6.2577802223275	ENSG00000183077
Q9Y625	-0.0787642918753377	22.9489981399217	-0.192589231329483	0.847907447257486	0.968707167377975	-6.2419257184182	ENSG00000183098
P47224	0.118139270534808	24.6581191610853	0.314605338762407	0.754113114443933	0.938088839629172	-6.21164549045163	ENSG00000183155
Q4V9L6	-0.73947304163174	26.0002491881727	-2.23882835658651	0.0287500687687233	0.215821404012507	-3.9019857318105	ENSG00000183160
Q9H4I9	-0.802408244514709	23.9181957943294	-2.20945047436497	0.0308298878271501	0.223544334653118	-3.96111952771889	ENSG00000183172
Q9GZX3	-0.805872034837183	26.3777267412177	-2.28019043555202	0.0260318156602094	0.203077955357828	-3.81761233383178	ENSG00000183196
Q9Y230	0.172944941485294	29.346734495491	2.20885634795358	0.0308732802900206	0.223544334653118	-3.96230859201588	ENSG00000183207
Q6ZNW5	-0.115873432920733	22.545511386262	-0.339167580552456	0.735624730200695	0.933321363351595	-6.20379347572745	ENSG00000183208
P53801	-0.232094148340003	22.8975251452866	-0.442040913718494	0.659991139051066	0.904691039418433	-6.16452822197608	ENSG00000183255
Q9UJV9	-0.630428170871951	24.5014403438657	-1.32354129351483	0.190494557533217	0.572954673043922	-5.41426990028887	ENSG00000183258
O60613	0.15208746026925	26.5021349089038	0.641804734171136	0.523355751759464	0.858342138609559	-6.05900337857653	ENSG00000183291
Q12874	0.0180220603178007	28.5820762148392	0.170693087486235	0.865018549781659	0.970506166261881	-6.24582003560832	ENSG00000183431
O95456	0.134260361951114	25.1446062509981	0.424001013628122	0.673026329224978	0.908195356389641	-6.17215741115027	ENSG00000183527
P57721	-0.289923399839481	23.8220429822249	-0.548981917034581	0.584981214738786	0.887819573250231	-6.11282762259377	ENSG00000183570
Q86TU7	0.28232813952599	26.4514285146074	0.578913585894036	0.564740699864646	0.881549891788552	-6.09637272402564	ENSG00000183576
Q5GJ75	-0.494149194082336	23.4049411125748	-0.768935164194058	0.444838717374893	0.819136714369994	-5.97187779317472	ENSG00000183578
Q6ICL3	0.358005226772111	23.2302501710073	0.762770062312388	0.448480661261581	0.82203867087711	-5.97645874575892	ENSG00000183597
Q71DI3	-0.704531117408205	23.9520142400867	-1.0134383130723	0.314772770622968	0.712452607102569	-5.76124100003464	ENSG00000183598
Q6P4A7	-0.205189510693046	24.3664348395609	-0.599135919940375	0.55125599107272	0.874435875947227	-6.08477512933423	ENSG00000183605
Q6P161	-1.28523692459508	23.8053671073989	-2.52412490647977	0.0141623608930394	0.140413370817716	-3.29407492564595	ENSG00000183617
Q96FZ2	0.465451958236976	23.1357324446696	0.841777448895049	0.403133994087216	0.791514322635313	-5.91502019367261	ENSG00000183624
O75438	-0.263440119371722	27.9785409743212	-1.23085395126822	0.223006751289211	0.616802393678702	-5.52717522642175	ENSG00000183648
Q16831	0.0941394381594804	23.2890721793341	0.18016207469987	0.857610394733961	0.970185627365775	-6.24419348512156	ENSG00000183696
Q9UHD2	0.0834438993412867	24.8725171262652	0.295242212848302	0.768791109045103	0.94351643232578	-6.21742090860062	ENSG00000183735
Q12788	0.139875201627593	24.2537604796141	0.226427966522774	0.821610253644074	0.959819588560582	-6.2349853025888	ENSG00000183751
Q9Y2C3	-0.808513126689856	25.5517165845675	-1.8514375525849	0.0688499250276711	0.343493724772086	-4.62717088995808	ENSG00000183778
Q6UWY5	-0.977047572707207	23.5366220694057	-2.08930445279368	0.0407729321175824	0.260345197701612	-4.1960037517581	ENSG00000183801
Q8IXT5	0.0599052659412784	22.3567314584882	0.210526282645313	0.833944362968319	0.965498643580944	-6.23838619194096	ENSG00000183808
P53814	0.182085054641608	26.3128188207803	0.709762990077433	0.480500714811754	0.835338031138404	-6.01435118697365	ENSG00000183963
Q9Y2R0	0.0431697432976179	28.2334286777124	0.247222122400123	0.805549670967283	0.956173782277883	-6.23016525072109	ENSG00000183978
Q12974	-0.312273614858398	25.518452110078	-0.901509886117544	0.370791213758193	0.766461140494096	-5.86464986462501	ENSG00000184007
P63261	0.33690124118791	37.1969236032461	2.68738743183571	0.00922425629019429	0.10589446221143	-2.91976681284229	ENSG00000184009
O15393	0.461771908522774	23.6016865849451	1.01035086855595	0.316237368664257	0.714370973209809	-5.76425042725494	ENSG00000184012
Q9NR28	0.0558245653960228	28.6651152855553	0.4428183832222	0.659431691163836	0.904691039418433	-6.16419232648685	ENSG00000184047
Q9H267	-0.226326524365287	25.5476566535756	-0.533523214609853	0.59557087800022	0.892210988388791	-6.1209849807346	ENSG00000184056
Q9UDW1	-0.855253954727129	28.7036967299143	-4.32173713786191	5.67904377582524e-05	0.00476428087839616	1.70051392758596	ENSG00000184076
Q99613	-0.0893000333080494	29.8281645882964	-0.787702146229772	0.433859321426946	0.813001676886988	-5.95771059822301	ENSG00000184110
Q9BPW8	-0.17762945376699	29.2177297935183	-1.52215176374051	0.133033706803075	0.486368767807385	-5.14648764423348	ENSG00000184117
Q86WQ0	-0.146577246076887	23.2245243476056	-0.450438716603738	0.653958654279741	0.904691039418433	-6.16086902264764	ENSG00000184162
Q6UXH1	0.415302380191214	26.2607456966203	1.47699182654704	0.144717943368853	0.507816567046562	-5.2104371258393	ENSG00000184164
Q8WU76	0.0676844597139734	23.3834806517328	0.190786515237871	0.849313556497339	0.96894755612696	-6.24226405204961	ENSG00000184178
P41236	-0.389971099891525	23.2044346604786	-0.84707304342901	0.400198503925931	0.789537786507996	-5.91069065766815	ENSG00000184203
A6NDG6	0.522266698769371	26.0816641807415	3.31225705951247	0.00154414482802772	0.033546700188188	-1.32538037824851	ENSG00000184207
Q86TX2	-0.442222179328006	29.1182119989477	-2.31190012451997	0.0241045722304949	0.192308893337546	-3.75205073983654	ENSG00000184227
Q86UD1	-0.180388553746766	23.5609316244899	-0.313867413103008	0.75467086479053	0.938262705358587	-6.21187229137796	ENSG00000184232
P47895	-0.0938789691500368	26.3720526878188	-0.292812959425568	0.770638709436304	0.943995624264784	-6.21811966423686	ENSG00000184254
P16401	0.425376563534094	31.7967846056428	1.9315577514997	0.0579743531244919	0.31393659144772	-4.48709224295619	ENSG00000184357
Q9Y446	0.084225012838683	27.9326311914418	0.474146388574248	0.637054038938953	0.900689231275116	-6.15016980623143	ENSG00000184363
P35606	-0.302217540670952	30.6923694891706	-2.89247442001757	0.00525949526232216	0.0715212659986104	-2.42378194771243	ENSG00000184432
Q9H756	-0.465496436102345	22.8455569337811	-1.25149203039329	0.215436389456205	0.604618956101229	-5.50270764360874	ENSG00000184434
Q9NNW7	-0.859987197003313	26.2759805520379	-2.23138758063656	0.0292647962093273	0.216821920828073	-3.91702556856996	ENSG00000184470
P07225	0.0833603537387511	25.1164373091547	0.158402087845377	0.874652588085505	0.972371164695261	-6.2478005202019	ENSG00000184500
Q8N4P3	-0.169292217323793	26.2076613255046	-0.461176560755342	0.646278870219477	0.903814295394978	-6.15609055627582	ENSG00000184508
O43592	-0.293343068702306	25.7785861583898	-0.727016466167995	0.469940472925592	0.82980672773388	-6.00231161028006	ENSG00000184575
Q86WV6	-0.0466382886433827	26.6271525500427	-0.18905544962382	0.850664241069203	0.96894755612696	-6.24258594728049	ENSG00000184584
Q9UHD8	-0.117135683347914	30.1323385627918	-1.55596161918647	0.12478573703484	0.467906971451041	-5.09744441729324	ENSG00000184640
Q16778	0.245318584866315	31.8542790081832	1.45716047837906	0.15009698889098	0.519669130426993	-5.23795390166314	ENSG00000184678
Q0VD83	0.150762114914112	28.5184787182431	0.71505848230771	0.477245512732491	0.833093504323546	-6.01068619454249	ENSG00000184730
Q6DD88	-0.128904766502746	29.0656983413196	-1.13363818829181	0.261292271047866	0.661327688639441	-5.63720931467582	ENSG00000184743
Q9UI09	-0.444561637161375	29.1456649094414	-3.51554023070917	0.000824561903766906	0.0222497977682736	-0.756558763381145	ENSG00000184752
P60604	-0.331305952596129	25.1643230149918	-0.746789067895974	0.458001518234953	0.826433580057975	-5.98816490566591	ENSG00000184787
Q9BUR5	-0.349233132030804	26.3941374344059	-1.25878824408893	0.212805902563978	0.600817452099816	-5.49396517802911	ENSG00000184831
Q9BVK6	0.156298966802446	29.534447619578	1.32295856757383	0.190687160921613	0.573217799617174	-5.41500393008337	ENSG00000184840
Q92522	0.444982097929994	28.4283876579755	2.64821556635847	0.0102392518146819	0.113025587338989	-3.01127040773413	ENSG00000184897
O95466	0.41427208470299	25.3794636971297	1.34139062295763	0.184665817028666	0.568585001269604	-5.39163842664272	ENSG00000184922
Q6GMV3	0.092722240096279	27.0489757183351	0.441295665114929	0.660527584413261	0.904691039418433	-6.16484964636339	ENSG00000184924
Q9BVI4	-0.0742821978412103	23.1776781586895	-0.207254031712329	0.836487787264583	0.966103794968921	-6.23905536432166	ENSG00000184967
P56556	-0.418420692177708	28.5548282723383	-1.01870299911257	0.312336884865662	0.710543610001024	-5.75604116321849	ENSG00000184983
Q8WY22	0.13971828633181	27.3038622400987	0.670790833571021	0.504834441611012	0.849010062312821	-6.04049891908089	ENSG00000184992
O75907	-0.563932109723165	26.3616899712358	-0.555061319069542	0.580902533994912	0.887666649592057	-6.10949484519884	ENSG00000185000
Q9Y2T2	-0.542305383679889	26.3091840549308	-1.37273090810524	0.174760148177683	0.550349558851194	-5.35121146709467	ENSG00000185009
Q9NPR2	0.156289796414566	23.585211992457	0.345282032991776	0.731046080277422	0.932508109502526	-6.20174744462289	ENSG00000185033
Q99828	0.117912788014607	26.0960198821138	0.590042373819427	0.557297522391478	0.877200439654024	-6.09004125927292	ENSG00000185043
Q9H3P2	0.379523493908586	23.4677645078791	1.08306395428811	0.28295633697863	0.681956781765258	-5.69102384597944	ENSG00000185049
Q6P9B9	0.189772644255676	22.4980303558519	0.539193176572481	0.591676391885733	0.891520134001907	-6.11801980871752	ENSG00000185085
Q71UM5	-0.346957086135959	28.0291557559175	-1.67061600699438	0.0998171698414498	0.418694636265712	-4.92376978626523	ENSG00000185088
Q9UNN5	-0.113570129197154	25.4874193580244	-0.616128125760902	0.540055900264718	0.868453206766	-6.07472159615463	ENSG00000185104
Q7Z4R8	-0.327344247676585	24.3043270927586	-0.812494325959857	0.419603650426634	0.803123448850978	-5.93848217925546	ENSG00000185127
Q00577	-0.327244339252168	27.5032138539337	-1.99206897795283	0.0507530040264137	0.293173867538172	-4.37777316943816	ENSG00000185129
Q5JPE7	0.00821199253688931	28.5301802383205	0.0475862251346978	0.962198312419346	0.992154633017358	-6.25897955479373	ENSG00000185164
Q6IA17	0.0471140049002834	24.2589927121692	0.124445845226541	0.901363159415536	0.977800741991114	-6.25250362516536	ENSG00000185187
Q01629	0.407124415912389	26.5942211376776	0.700897972496467	0.486005167021968	0.836812812052665	-6.020397043278	ENSG00000185201
Q03169	0.865124298998495	24.3844872725551	1.99484402435296	0.0504414482332528	0.292614060868008	-4.37269033100224	ENSG00000185215
Q15907	0.2362489511566	30.986701140431	2.70707980738047	0.00874952148928318	0.10108292517174	-2.87336850249628	ENSG00000185236
Q86UA1	-0.120446114746549	23.6003670461727	-0.321716706685235	0.748744863105908	0.937763410776516	-6.209432610347	ENSG00000185246
Q9NXU5	0.697637189469269	24.4657707298429	1.09859112298846	0.276176293193572	0.676241278304691	-5.67475268465544	ENSG00000185305
Q9Y487	-0.513099256079833	23.4474703012466	-1.3054974895249	0.196526748040593	0.580531070999649	-5.43685718387924	ENSG00000185344
O14964	-0.116132804418154	29.5584641673208	-0.867925829277023	0.388767739501102	0.781451867220734	-5.89338438004538	ENSG00000185359
Q8TCC3	0.0223958142611878	23.7707174923768	0.0360030487014543	0.971395102139282	0.993813704858371	-6.2594538229312	ENSG00000185414
Q9H8H3	-0.572344301038065	28.8616191593429	-2.38141656063554	0.0203166747581152	0.172296776758946	-3.60568416920489	ENSG00000185432
Q7Z7N9	1.10064630195277	22.942788801708	1.8867632222041	0.0638565711674507	0.334185053040583	-4.56604422374661	ENSG00000185475
P15941	-0.838625376197125	25.9015216569821	-2.0954414872101	0.0402045252890584	0.25701673669547	-4.18427951679919	ENSG00000185499
P46736	-0.444969331183426	25.3556973570093	-0.987614730925666	0.327163672803793	0.723741788153785	-5.78613851917514	ENSG00000185515
Q13976	-0.189750830480182	23.502074034155	-0.420478511691601	0.675583546039968	0.908575899069828	-6.17361023409595	ENSG00000185532
Q8IVF2	-1.60130485229196	24.5655809830735	-1.73256415917059	0.0881527006482984	0.392726043002591	-4.82532283619309	ENSG00000185567
Q9NQ50	-0.0111817374785765	25.757701071775	-0.0494214814656189	0.96074159922662	0.992154633017358	-6.25889234915797	ENSG00000185608
P07237	0.30461465864748	33.7832375013887	2.77900518588256	0.00719940195336553	0.087047314527056	-2.70166544597343	ENSG00000185624
Q9UNM6	0.101665336298975	29.2113664384327	1.0315136042703	0.306290088398737	0.704428448771959	-5.74344451611188	ENSG00000185627
P40424	-0.370647500433801	22.4174565631244	-0.975875967205237	0.332902126759527	0.730804631863019	-5.7972506677806	ENSG00000185630
P68036	-0.33490721202612	29.1167386416153	-1.56973217423831	0.121545656281915	0.460597956469954	-5.07718454925899	ENSG00000185651
Q9Y295	-0.101331503296919	26.8226525112385	-0.551542972116215	0.583235507132726	0.887666649592057	-6.1114539127475	ENSG00000185721
Q9P2R3	-0.563602305032362	27.0138547899316	-1.51113342693585	0.135813162913244	0.491432765339032	-5.16225502708075	ENSG00000185722
Q7Z739	-0.734633560713014	25.7001821859564	-1.83709042252911	0.0709697636871459	0.349907885520802	-4.65170272027632	ENSG00000185728
P09914	-0.398903098393227	24.1459306300972	-0.538218426679809	0.592345058035892	0.891538678272224	-6.11853177525867	ENSG00000185745
Q9UBU8	0.40804488811488	24.0375611060251	0.912517396132847	0.3650160606123	0.76203391214352	-5.85500079252319	ENSG00000185787
Q99447	-0.0967007564406686	26.0995280493151	-0.370532165546351	0.712243551317853	0.925389179133615	-6.19291264103661	ENSG00000185813
P51572	-0.0724497853499102	30.9515923262603	-0.478666188344691	0.633852708439957	0.900541279433307	-6.14806821411632	ENSG00000185825
P34910	0.207859841884119	23.2509377813687	0.459051794953314	0.647795491720507	0.903814295394978	-6.15704497360637	ENSG00000185862
Q8IYQ7	-0.173863554166925	24.520361024233	-0.682875288390282	0.497218585642439	0.844666697233339	-6.03254650240258	ENSG00000185875
P27449	1.8966246567552	24.8792049630561	2.38874155023796	0.0199602063270522	0.171676664197816	-3.59029312256735	ENSG00000185883
P13164	0.4669290844381	26.5643188034147	0.73935064165828	0.462506446075799	0.82980672773388	-5.99349357583775	ENSG00000185885
P11279	-0.138037198478479	29.0374230241288	-0.486410896816083	0.628387460952311	0.899825244544314	-6.14441741613076	ENSG00000185896
Q9H5K3	0.120846837778227	21.946448752748	0.391245963964591	0.696951073800877	0.918627247586294	-6.18520184625754	ENSG00000185900
Q8TD16	0.568807582844286	24.9720312196583	0.543759272366847	0.588576842205558	0.889553636515218	-6.11558145265285	ENSG00000185963
Q9NVH6	-1.09013607549358	25.3832455394942	-2.68493661286446	0.00928495889397928	0.106367396741321	-2.9255227582629	ENSG00000185973
Q14644	-1.48211981038816	25.9698799390737	-0.988976188566148	0.32665333109026	0.723741788153785	-5.78469515711827	ENSG00000185989
Q9P0J0	-0.159625970154078	29.2880971564972	-0.988166532053915	0.326895555069049	0.723741788153785	-5.78561300749895	ENSG00000186010
Q96BJ3	-0.3634528294712	24.5511051128268	-1.10220939233205	0.274612786650015	0.674533119640779	-5.67092907643004	ENSG00000186063
Q9BUI4	0.495915687984482	24.4477946244526	0.561406851381259	0.576543305044346	0.883685586392464	-6.10609584396031	ENSG00000186141
Q9HCS2	0.414184568189743	25.0510112557767	0.781690168129453	0.437358979304462	0.816036556596148	-5.96228548265881	ENSG00000186204
Q5VT66	-0.00978000671214829	26.3902673394406	-0.0181871980255851	0.985547900308974	0.996697459270185	-6.25992672477701	ENSG00000186205
P36873	0.0405313773011962	26.0312017089018	0.211800028023639	0.832954797601098	0.964557764136502	-6.23812288196209	ENSG00000186298
O00629	-0.557345344912264	26.9588952962956	-1.67550579761165	0.098850271383452	0.416982225738368	-4.91611214390013	ENSG00000186432
P62266	-0.284274917361433	27.8646067199018	-1.45254892983275	0.151369934146977	0.520769874387043	-5.24430296117062	ENSG00000186468
P59768	-0.218737004088091	26.4881796412507	-0.450250237895471	0.654097407001263	0.904691039418433	-6.16094865668695	ENSG00000186469
Q9H0R3	-0.357865210038245	22.8968790244267	-1.02015301575967	0.311603290283784	0.709289509822052	-5.75466534353371	ENSG00000186501
Q9P0V9	-0.477344985210369	26.485408668711	-2.97318522422374	0.00418747122235582	0.06325673963776	-2.22103207784375	ENSG00000186522
P62256	-0.498984216685109	23.8397789490632	-1.00362810045543	0.319442288532832	0.717692564913645	-5.77077260817551	ENSG00000186591
Q96P48	0.254649077841947	23.8226666204563	0.872902412887943	0.386070130235516	0.77856524414729	-5.88919350874955	ENSG00000186635
P13727	0.881424311322949	29.0892838497378	1.68225182033368	0.0976769134307501	0.414822592630748	-4.90578994374049	ENSG00000186652
Q5U5X0	0.40144907100467	24.9126406330589	0.990073798946678	0.325969948569807	0.723741788153785	-5.78379442025527	ENSG00000186687
O94992	-0.00254869890734355	24.0048088150207	-0.00407967949620328	0.996757938368487	0.998744588736265	-6.26008060972667	ENSG00000186834
Q9Y2G5	-0.074785846938699	22.9682241199204	-0.224174871627782	0.823355194969356	0.959906141301175	-6.23548219848585	ENSG00000186866
B1AK53	0.624153091346805	24.5200078704332	1.14913677380757	0.254894621573648	0.655941657121804	-5.6202465955504	ENSG00000187017
P51178	-0.512803075629968	27.5717382037409	-2.04182386429299	0.0454109865562124	0.276677217531873	-4.28570386051969	ENSG00000187091
O75356	-0.895580377672758	28.8684537767945	-3.72008514762298	0.000429687894699234	0.0151166973535156	-0.162045473340876	ENSG00000187097
P55209	0.122609800187501	27.9402558008627	0.809110905870969	0.42153236180491	0.803666282268273	-5.9411406650658	ENSG00000187109
Q7Z7K0	-0.0868977960371353	26.462531896448	-0.166710859533019	0.86813991113629	0.97166809019421	-6.24647704247987	ENSG00000187118
Q04828	-0.842720901806867	24.6922969486988	-1.69837680159202	0.0944289883144674	0.406409844734641	-4.88002482280546	ENSG00000187134
A0MZ66	-0.327735358555842	27.4024405139324	-1.24624414338331	0.217343179249315	0.607780695613597	-5.50896593850607	ENSG00000187164
Q96RU3	-0.202055087785066	27.9490344652307	-1.10392150451511	0.27387512017256	0.673692917132797	-5.66911559260916	ENSG00000187239
Q8NCM8	0.0327798307309095	26.7157515667412	0.067718356092601	0.946227686954013	0.988539327237031	-6.25784238795906	ENSG00000187240
P50895	-0.0377667419075713	25.8951158646911	-0.179591788422368	0.858056207422066	0.970185627365775	-6.24429392895533	ENSG00000187244
Q99653	-0.0491373602516809	27.6568790620359	-0.361855857561034	0.718684878464229	0.928678512976	-6.1960183937227	ENSG00000187446
P02462	-2.05910383907858	26.5095403808299	-2.94667196086818	0.00453768685238334	0.0658085276756551	-2.29122270671677	ENSG00000187498
P06454	-0.164433724765985	28.3723475271955	-0.345162746802623	0.731156960814347	0.932508109502526	-6.20177159512994	ENSG00000187514
Q0VDF9	0.0356341651871794	24.7325981306101	0.10304831002113	0.918255799541544	0.983723210974062	-6.25488758146245	ENSG00000187522
Q93009	-0.14992152703724	29.2215753798009	-1.9954557393683	0.0503729919038308	0.292528141481991	-4.37156906666624	ENSG00000187555
P05161	-0.0141374437827508	25.0828777434655	-0.0298681757175111	0.976267716005807	0.995421890307053	-6.2596517713302	ENSG00000187608
Q9BSF0	0.26245084332465	23.2776386655839	0.570792403692189	0.570194682951164	0.883685586392464	-6.10092632209926	ENSG00000187699
Q6ZMP0	-0.84590585945493	23.7064356942346	-1.36563550035175	0.176966441694196	0.555234756362746	-5.36044094780746	ENSG00000187720
P23193	0.0371529131903436	27.9149418894568	0.227744474952926	0.820591082666141	0.958997679763923	-6.23469266466659	ENSG00000187735
Q9H9Q4	-0.488378776325359	24.0162566177373	-1.08881482832663	0.280431827308433	0.680452082956815	-5.68502337318343	ENSG00000187736
P16403	1.24465144177888	26.8777364339506	1.27538888621987	0.20706472260404	0.593929184154424	-5.47382825338084	ENSG00000187837
Q9NRY6	-0.728329694831249	24.2616024696989	-1.15982802289502	0.250546913384899	0.650264120978513	-5.6084169035419	ENSG00000187838
Q9UGM3	2.5172318582318	25.3697211696722	3.37189799679809	0.00129042423838395	0.0299433334974796	-1.1625152772492	ENSG00000187908
Q05707	-1.16666909584376	32.2458562091333	-8.41443160998318	7.34281851296129e-12	4.00403893511779e-08	16.5016008740516	ENSG00000187955
Q9UHD9	-0.79076787926293	25.6246988996435	-1.95220694558954	0.0554136641595567	0.306150669363792	-4.45009996621875	ENSG00000188021
P0CG08	-0.685817781036381	23.7769109740788	-1.63673778734949	0.106730194703935	0.432630725434814	-4.97626372701266	ENSG00000188092
O00468	-0.215876154252566	26.9341227990136	-1.27001054985329	0.208806434146174	0.59489105820224	-5.48042432788497	ENSG00000188157
Q6ZT21	-0.000222113932505152	23.2731911168241	-0.000855121715478482	0.999320445447434	0.999503739733099	-6.26008840440772	ENSG00000188167
P68371	0.198288681123998	34.2383083432313	2.19450112336247	0.0319381724763246	0.227956615855233	-3.99095602640926	ENSG00000188229
Q7Z4G1	0.0235050119864439	23.952292071131	0.0406533562176206	0.967702320728006	0.993650462264991	-6.25927920933574	ENSG00000188243
P14555	-0.189612096168208	23.4304233452315	-0.412541690684159	0.681359443378787	0.910204077595426	-6.17683953845731	ENSG00000188257
O15162	-0.102716094811544	25.086591029271	-0.106786429608704	0.915305944529405	0.981546374733303	-6.25450234376382	ENSG00000188313
P13984	0.785843030898803	24.8431129298283	1.25594421791908	0.213828413989215	0.60196507046112	-5.49737868020772	ENSG00000188342
Q5VW36	-0.47424082933551	23.4517524325193	-1.20104767535181	0.234281551404513	0.630571223992501	-5.56182894880958	ENSG00000188352
Q6NXT2	-0.739123630667791	23.8153613302742	-1.01265605073949	0.315143421550758	0.712765274871956	-5.76200433458228	ENSG00000188375
Q9BZ81	-0.418564435718789	24.0440433821724	-0.674109405892659	0.502736760044234	0.847426136791718	-6.03832899506315	ENSG00000188408
Q8TDH9	-0.371991461307758	24.0353838833136	-0.752907940108905	0.454342475560839	0.824632805985357	-5.98371153389859	ENSG00000188428
P16104	-0.529066665455705	28.9263360442506	-1.57446117536875	0.120483370975883	0.457836809708357	-5.07022313817878	ENSG00000188486
O75494	0.451531404683941	27.6692110268304	1.87068567060659	0.0660898667982616	0.33883319611394	-4.59399186259823	ENSG00000188529
P69905	0.0685874453125734	37.4712595586937	0.358733038041869	0.721011058261539	0.9289932622001	-6.19711620306541	ENSG00000188536
Q2PPJ7	0.12533892140798	23.0891873008887	0.252768548858459	0.801279680143622	0.953878298401541	-6.22880824274546	ENSG00000188559
A6NHQ2	-0.419523058962138	23.938415296087	-0.459094598160414	0.647770825369026	0.903814295394978	-6.1570204292777	ENSG00000188573
P61956	0.0753503059613365	29.0784485460892	0.180106134848548	0.857664107835574	0.970185627365775	-6.24419912922401	ENSG00000188612
Q12882	0.136577913895636	25.8760956548971	0.525197189348624	0.601311318920921	0.89396966294435	-6.12528289169644	ENSG00000188641
Q96FQ6	-0.581239970614238	31.0411420471641	-1.84536249850083	0.0697947430951314	0.345850466614266	-4.63778632753678	ENSG00000188643
Q66K66	-1.24247249611876	27.4401810975184	-0.938169913336282	0.351925001326089	0.749137318820015	-5.83192712674891	ENSG00000188760
Q5TBC7	0.24576514134386	27.2141645330476	1.13475542206274	0.260827319508877	0.661223325561092	-5.63599391511864	ENSG00000188761
P51888	-0.964573559821659	28.7780866342173	-4.61539344385446	2.01140927357568e-05	0.00243738105973515	2.66269904826502	ENSG00000188783
Q5SNT2	0.254590486984299	23.5577273655038	0.706710279481043	0.482382869196721	0.836450271297841	-6.01645178451892	ENSG00000188807
Q5JS37	-0.80287758948382	23.355379230436	-1.349911671297	0.181931370253937	0.563677137496999	-5.38073375644332	ENSG00000188811
Q5MY95	-0.609891557593713	23.0105574848131	-2.11887668748159	0.0380968461706062	0.248495337521909	-4.13923601566808	ENSG00000188833
P50914	-0.0193254830977061	29.9424772753041	-0.108960142815827	0.913584486977063	0.98085768999526	-6.25427374501846	ENSG00000188846
Q96GJ1	-0.137584042652993	23.2829073819684	-0.236451026363684	0.813858820952551	0.956881825291329	-6.23271470909209	ENSG00000188917
Q9Y3T9	-0.509465092426616	24.0905120880082	-1.49147078956038	0.140887108116483	0.501733888378358	-5.1901286103929	ENSG00000188976
Q8WX92	-0.0996450752719795	25.244219242189	-0.262426741459541	0.793858756618093	0.952502718023134	-6.2263735339602	ENSG00000188986
O00483	0.0643177358317253	27.6984202509674	0.265137042267718	0.791779680294026	0.952274204106648	-6.2256739358443	ENSG00000189043
P05090	0.0939489787071643	28.0213991900065	0.348938194141509	0.72831292699814	0.932132700718732	-6.20050661678105	ENSG00000189058
P07305	-0.405121905904863	30.7915111026191	-2.18710575693453	0.0324992560795623	0.229855309211223	-4.00565226708686	ENSG00000189060
Q9BXJ8	-0.0484556115975607	23.2905969581107	-0.0961759710978136	0.92368969232498	0.985606697198344	-6.25555813531121	ENSG00000189077
Q15393	-0.158986420841142	29.502610017683	-1.64904073641233	0.104176057372732	0.427443221108732	-4.95731397126087	ENSG00000189091
Q6QNY0	-0.0566399990255952	24.2702935516534	-0.0853749716391227	0.93223721600878	0.98651068094234	-6.25651855554638	ENSG00000189114
Q9UK76	0.158616369995329	23.3236157799528	0.351531457145926	0.726376480495201	0.931563400319999	-6.19961862463536	ENSG00000189159
Q99584	-0.472561568543927	27.3142481992484	-1.18084197232344	0.242168115139079	0.641414652383092	-5.5848524696317	ENSG00000189171
P21397	-1.1385726693595	31.7566250493251	-5.68107321135018	3.78204012911654e-07	0.000128896655150453	6.36876766296466	ENSG00000189221
P49789	-0.334983503628333	24.883487091186	-1.06365175961074	0.291594131065468	0.6919333318973	-5.71105275956013	ENSG00000189283
Q9HCY8	-0.475395469197451	28.0019959837408	-3.41874718680445	0.00111453533154015	0.0268918635526038	-1.03023728417956	ENSG00000189334
Q8IYD1	0.572756270017408	25.5795435059896	0.483821011948545	0.630260229240045	0.899825244544314	-6.14560026130093	ENSG00000189369
P09429	-0.0542808534836894	32.6577705686208	-0.515583292803639	0.607971331477545	0.895751343634127	-6.13016227219773	ENSG00000189403
Q6QNY1	0.126066995070648	23.2358765300078	0.234727050920755	0.815190768790069	0.956881825291329	-6.2331122427756	ENSG00000196072
Q8NHU6	0.170319722853037	22.4113884139056	0.301913059251192	0.763724452761446	0.942428024645432	-6.21547248619219	ENSG00000196116
P01911	-0.366834077738538	29.0827605221789	-0.924667390533112	0.358760100172689	0.755637656883243	-5.84416526634668	ENSG00000196126
P01011	-1.08335417436071	27.3273225401313	-2.49854097039604	0.0151370048768101	0.146611168016421	-3.35148607064357	ENSG00000196136
P42330	0.175587382972477	29.7360212465551	1.31349371758178	0.193836088125324	0.578107494284097	-5.42688359812169	ENSG00000196139
Q9NUQ6	0.260000374946163	25.0055025545208	0.535247328498088	0.594385381456537	0.891659830834249	-6.12008662053561	ENSG00000196141
P26447	-0.353307508656467	30.4329177397783	-1.34029816946808	0.185036577251649	0.568585001269604	-5.39302789726894	ENSG00000196154
P45954	-0.168298686682611	28.5963195350424	-1.11957914460956	0.267193322889771	0.666245002025969	-5.65240557262365	ENSG00000196177
O94886	-0.263598145283499	26.7205374293036	-0.273136124957012	0.785682128269659	0.951055946761935	-6.22354911005639	ENSG00000196187
P14091	-0.248570154812604	23.6236891044331	-0.590326185461476	0.55710846663488	0.877200439654024	-6.08987810561742	ENSG00000196188
Q9H3S1	0.866766387495652	22.6669245359506	2.1453710104766	0.0358305343040868	0.239680342188985	-4.0877941945399	ENSG00000196189
Q99549	0.0438278417839939	23.4952548809109	0.0751434890629429	0.940341449557774	0.988539327237031	-6.25732296176373	ENSG00000196199
P07437	0.337219732759912	31.9660135424557	2.84523970963487	0.00599941471326145	0.0786413664216699	-2.54048724726847	ENSG00000196230
O00267	0.247587801714477	26.7541425246597	1.29293109805562	0.200811696927208	0.586516434571004	-5.4524147662398	ENSG00000196235
Q9NQH7	0.517640524530609	23.7281850887175	1.12152139017998	0.266372554168771	0.665992452032236	-5.65031704573183	ENSG00000196236
P62937	0.132623888553461	34.4881628053866	1.09728905031941	0.276740456099223	0.676762096906991	-5.67612569575659	ENSG00000196262
Q9GZT8	-0.00361671828578736	27.4750164129658	-0.0262515492762771	0.979140653258322	0.995421890307053	-6.25975119094175	ENSG00000196290
P41252	-0.170257783618137	29.2344204642454	-1.05759369056674	0.294326565094459	0.695108599225272	-5.71723188309099	ENSG00000196305
Q96F15	0.0755333235050664	24.1686049513491	0.140911045282918	0.888395095052277	0.975169321159376	-6.25036404619806	ENSG00000196329
P08174	0.155621963717735	23.2061595684668	0.277168157470139	0.782569087862047	0.949485591087321	-6.22248183123402	ENSG00000196352
P61964	-0.408173282546045	25.9034610732039	-1.67975581447687	0.0980161132943913	0.41497039269745	-4.90943986622575	ENSG00000196363
P36776	-0.118201569766459	29.1670523504383	-1.18488225580381	0.240566773772668	0.638972536474603	-5.58028475953761	ENSG00000196365
Q9Y4A5	0.594190654211165	26.834707974163	0.483779952883023	0.630306145377726	0.899825244544314	-6.14560377311827	ENSG00000196367
P18031	0.471763131476433	28.5698485720725	2.23766852950315	0.0288297726989473	0.215821404012507	-3.90433284379702	ENSG00000196396
Q9UI08	0.0678854613693609	26.1269447591676	0.375630364782159	0.708468376543349	0.924425321684442	-6.19105353441037	ENSG00000196405
P24158	4.68290893441425	24.0499133491304	4.89088558690319	7.4647373689704e-06	0.00127203790228111	3.58528343014953	ENSG00000196415
P12956	-0.178986204937495	31.9953431154666	-1.79312943142395	0.0778090553689446	0.366401363494693	-4.72580681267109	ENSG00000196419
O75157	-0.604891503368759	24.8562472465543	-2.15060050338889	0.0353973887014644	0.237927473173885	-4.07757574259526	ENSG00000196428
Q99570	0.209190001106155	23.3239043356215	0.495922483604146	0.621695087859749	0.899037114426398	-6.13986253279177	ENSG00000196455
P14649	0.553490266262969	21.7070339171538	1.37516718534389	0.174007465227324	0.550349558851194	-5.34803207576707	ENSG00000196465
Q8TEX9	0.157220726309841	25.5746996386825	0.475186869672978	0.63631645829611	0.900553762545728	-6.14968776233236	ENSG00000196497
P50225	-1.03746771727822	29.0625396734093	-3.60018863479688	0.000632032666918552	0.0190122910728158	-0.514150607741268	ENSG00000196502
O75400	-0.27642831639265	27.1631864139897	-1.33279641789211	0.187455181085679	0.570433147813047	-5.4025708355999	ENSG00000196504
Q9UJX3	-0.0757944042327487	22.9644526499372	-0.23238102318665	0.817004194193521	0.95736409139799	-6.23364855189889	ENSG00000196510
Q9H3S4	0.819391064433109	23.7587241155856	1.65325618690875	0.103312436816734	0.426299589503041	-4.95079126501998	ENSG00000196511
Q13765	-0.209418757615502	29.9290626715384	-1.80159910000248	0.076450192376478	0.363772163201514	-4.71165480276197	ENSG00000196531
Q92614	0.244456960125898	28.9097584672832	2.51137266158925	0.0146342972179877	0.144305285225473	-3.3225197196094	ENSG00000196535
Q96GS4	0.308752309636095	22.6216307025796	0.919239986561485	0.361517472880506	0.758678252698561	-5.84905181780252	ENSG00000196544
P08473	-0.287592498382772	23.174188568738	-0.768292835921273	0.44521735534945	0.819136714369994	-5.9723567599637	ENSG00000196549
P24043	0.776714295011985	25.8042275108442	1.14720750656236	0.25571027491545	0.656194624777664	-5.62235142815207	ENSG00000196569
O15031	-0.00132500278203551	28.4927198341305	-0.0138137273925173	0.98902275664122	0.997028532073778	-6.25999529100228	ENSG00000196576
Q9UM54	-0.141467569730281	29.1917438479522	-1.22720454848755	0.224365456080135	0.617773896702459	-5.53146155938511	ENSG00000196586
Q92769	-0.413540419044558	25.33998440105	-1.2490772389032	0.216312251632745	0.605518844021231	-5.50559047058076	ENSG00000196591
P00325	-1.32046958146701	30.528397748912	-6.29414864633045	3.470487217542e-08	2.12249991334288e-05	8.60376806862925	ENSG00000196616
P54855	1.6290074332741	29.6411424069153	1.82563414942011	0.072891810370896	0.355845158417633	-4.67184473385249	ENSG00000196620
Q3YEC7	0.218031583195067	26.0984398299979	0.520344424229505	0.604668851683038	0.89396966294435	-6.1277570014135	ENSG00000196642
Q9P0U1	-0.00887624423536337	26.2039280728871	-0.0156215677896772	0.987586445638703	0.997028532073778	-6.25996921678967	ENSG00000196683
P21359	0.0144280447097493	22.8415885371714	0.0314421818491978	0.975017469983472	0.995421890307053	-6.25960450062713	ENSG00000196712
Q8N0U8	0.480603618740567	25.1652554096855	1.22843411729682	0.223907001446682	0.617528227855329	-5.53001874588931	ENSG00000196715
P01909	-0.791998800029372	24.0973510239366	-1.71899283211592	0.090583989879542	0.39835040065576	-4.84711496315383	ENSG00000196735
P17900	-0.771529334662251	26.782554387323	-1.64430899456204	0.105171054153305	0.4289437234839	-4.9646457788595	ENSG00000196743
P0C0S8	0.402646936207645	34.1839736712668	1.05257745846695	0.296714297900339	0.695816210097395	-5.72222270531543	ENSG00000196747
Q08722	-0.517323406281005	27.2100109335396	-1.60777138517776	0.112944670103868	0.445005264506064	-5.02036650729801	ENSG00000196776
Q04724	-0.231796543453605	23.1587253508269	-0.333523122610254	0.739859997455147	0.934550976632596	-6.2056499102078	ENSG00000196781
Q13033	-0.199959961670526	26.1118301134431	-0.480890413473087	0.632279879494381	0.89994864018964	-6.14702674136726	ENSG00000196792
P00813	0.867245789312395	29.5353845438434	1.8544841367078	0.0685358839173277	0.343493724772086	-4.62245461973791	ENSG00000196839
Q8NI37	0.0259135917056525	23.4742764074363	0.0549942798780725	0.956319099177637	0.991974138827402	-6.25860732725703	ENSG00000196850
Q8NBF2	-0.181480422813433	26.7654048293175	-0.822412172424527	0.413980701428636	0.799092660138177	-5.93062682098039	ENSG00000196865
P20671	0.402646936207645	34.1839736712668	1.05257745846695	0.296714297900339	0.695816210097395	-5.72222270531543	ENSG00000196866
Q13751	0.47636063405913	26.5508683999727	1.87205629536085	0.06589693989713	0.33883319611394	-4.59161759359419	ENSG00000196878
O15131	-0.349197440426803	26.539171456394	-1.50631540801989	0.137042887915893	0.493433304729305	-5.16911632120622	ENSG00000196911
Q9NZN5	-0.319971949667231	25.4229798337213	-0.799347136072837	0.427127959091303	0.808444554295341	-5.9487515706829	ENSG00000196914
Q9NR12	-0.752185902830167	27.8612003977504	-2.54928294647956	0.0132714344254	0.134515115096108	-3.23761767045269	ENSG00000196923
P21333	-0.362566681911041	34.5724769384084	-2.76679882554208	0.00744328913067518	0.0892887390057213	-2.73105049036125	ENSG00000196924
Q92520	0.067090843899404	27.760931498757	0.334528122571722	0.739105309168241	0.934528311827964	-6.20532164182731	ENSG00000196937
Q86U38	0.0410148874414773	23.867596349663	0.0931125776486354	0.926113079762014	0.985606697198344	-6.25584213703871	ENSG00000196943
P49662	0.628568651015588	23.1192947768506	0.833368716499029	0.407822241725488	0.794801531139773	-5.92184045396076	ENSG00000196954
O95782	-0.232662240840636	28.4386219919435	-1.41170544133271	0.163014555224839	0.536786455097252	-5.29971496197814	ENSG00000196961
P09525	0.362079899972287	32.1252451157717	4.00209503256561	0.000169549519925726	0.00981194235106624	0.691154073991755	ENSG00000196975
P08133	0.0281642494176069	32.917617000075	0.234362632785775	0.815472389369905	0.956881825291329	-6.23319590264721	ENSG00000197043
P60983	-0.17436084288304	29.9701387040291	-1.25861007108852	0.212869854659241	0.600817452099816	-5.49417924270334	ENSG00000197045
P11717	-0.254478634171083	27.8032796236536	-1.64062031523214	0.105918734060099	0.43106236096523	-4.97029762572442	ENSG00000197081
Q14204	-0.071360471490614	32.395816183978	-0.704911676452318	0.483493719994644	0.836450271297841	-6.0176852504567	ENSG00000197102
Q15366	-0.244807049602425	28.8316030836779	-0.919082314157191	0.361599996105549	0.758678252698561	-5.84919109619762	ENSG00000197111
P12931	-0.723871400654918	25.5382103982781	-1.29732954449289	0.199304018440743	0.584617973403642	-5.44698553492259	ENSG00000197122
Q9ULC5	-0.0830634549581148	29.9119455958118	-0.65249294731158	0.516484947200355	0.854538367874022	-6.05227389324043	ENSG00000197142
Q9NUT2	0.171438901157892	23.5393302514721	0.3055020515592	0.761002799099898	0.941105081437488	-6.21440625645671	ENSG00000197150
P68431	-0.91960397387427	25.0170262511269	-1.15430642306102	0.252803206548818	0.652715854787265	-5.61452687772871	ENSG00000197153
Q7KZF4	0.237820944380331	31.0196461596811	1.80017872106437	0.0766766833172897	0.363987251831495	-4.71403229778666	ENSG00000197157
P50226	-0.540450902967081	22.9220405603725	-1.27392911275183	0.207423135605105	0.593929184154424	-5.47566935512812	ENSG00000197165
O00232	0.228170825795758	28.2185492472925	2.12819798992182	0.0372856555806032	0.245612937728546	-4.12120022380562	ENSG00000197170
Q66K14	-0.641594248813547	23.357548390218	-1.33664313824913	0.18620276235404	0.569042520747818	-5.39768573210266	ENSG00000197226
P01009	-1.05455995520493	32.173439837556	-4.59367007043041	2.18080222698346e-05	0.0025851988138567	2.58796958910023	ENSG00000197249
P20231	-0.402848608465039	32.1844945185281	-1.99001220855286	0.0509849824579604	0.293891236092239	-4.38153639742588	ENSG00000197253
Q63ZY3	-0.582025726342582	27.8334540906893	-5.30034675655579	1.61401055417407e-06	0.000382660850083096	5.01269924238111	ENSG00000197256
P29084	-0.298888918342268	22.9140989046127	-0.580836532352254	0.563447111982889	0.881123344319671	-6.09529132059317	ENSG00000197265
Q02747	-0.347367441211471	24.3139943477942	-0.53834475977066	0.592258375100532	0.891538678272224	-6.11846547325262	ENSG00000197273
Q96PV0	-0.321992486111405	24.8936742870606	-0.374197012557731	0.709536387857251	0.924614268987387	-6.19157295187773	ENSG00000197283
Q8N6M3	-0.450640595864733	23.4528918064889	-0.895801496351606	0.373808906297015	0.769642517538263	-5.86960890236823	ENSG00000197296
Q5TDH0	-0.278412841141808	26.5258030501648	-1.58942977937098	0.117028516305297	0.451632342118036	-5.04791892234785	ENSG00000197312
O95425	-0.645393224254324	25.085628384487	-1.77568563750251	0.0806712333731508	0.374064826176693	-4.75476488309797	ENSG00000197321
Q9UPN9	0.0345727678874646	25.6586639894546	0.0745493563572228	0.940812257696354	0.988539327237031	-6.25736652324309	ENSG00000197323
Q7Z2W9	-0.476773950535783	25.8070898208232	-1.15336724253154	0.2531678741308	0.653348044313892	-5.61557818058587	ENSG00000197345
P42858	-0.348011874037041	25.6364886921509	-0.899804204805218	0.371691281146517	0.767158423956077	-5.86613484996714	ENSG00000197386
Q9UHJ6	0.0288871796680219	25.7427834586378	0.136418199961608	0.891930798789854	0.97562305054463	-6.25097419645295	ENSG00000197417
Q9Y2Q3	0.0674789938599609	30.7852283895766	0.823600881538347	0.413309837536806	0.798938038798591	-5.92967905830553	ENSG00000197448
Q99729	-0.261673113474224	28.7851426559102	-1.51904224720274	0.133813498733066	0.487587035937342	-5.15094814619207	ENSG00000197451
Q9H7B2	-0.262220018510451	23.848889525457	-0.538478833807207	0.592166387268126	0.891538678272224	-6.11839509179429	ENSG00000197498
O95352	0.0185382650055566	26.8280292631351	0.0899866002793344	0.928586699910669	0.98569641773234	-6.25612246747081	ENSG00000197548
P08246	4.83615197241011	22.9881172676264	4.40741572416821	4.26893760607276e-05	0.00426135643719492	1.96651617219281	ENSG00000197561
Q8WVX9	0.378702994126854	22.7679730841227	0.841201456665018	0.403454076910632	0.791514322635313	-5.91548951051403	ENSG00000197601
Q13361	-1.17795892646388	24.2140866329371	-2.19013158881951	0.032268650442694	0.22881788148766	-3.99964437042608	ENSG00000197614
P27487	-0.420287777999235	25.3441257647085	-1.21263150992296	0.229851541047796	0.625606871662582	-5.54845729020232	ENSG00000197635
Q13813	-0.277568325821491	34.0243563842801	-4.35990363501745	4.97081512791616e-05	0.00455447739469671	1.82378083574036	ENSG00000197694
Q9NVD7	-0.60714979396392	27.9848869796981	-3.62371924084346	0.000585586554974408	0.0179393454172778	-0.444803402231474	ENSG00000197702
Q8IWE2	-0.213819018924397	27.0400027865614	-0.824133859394132	0.413009258580674	0.798938038798591	-5.92925367830847	ENSG00000197712
Q96AT9	0.19588321599635	26.5637275606399	0.703156608796109	0.484579051981077	0.836497626570383	-6.01888587985956	ENSG00000197713
P62854	0.120279571631041	29.7842924019787	0.730743654788847	0.467676562597446	0.82980672773388	-5.99967343502874	ENSG00000197728
P07602	-0.517483185866332	30.7529104369785	-2.00982117453546	0.0488043122800083	0.287087286799229	-4.34526513335644	ENSG00000197746
P60903	0.321064416211044	30.977922247422	1.02792046570397	0.30800856412616	0.707728241941025	-5.74696508692257	ENSG00000197747
P61513	-0.512680944671047	27.150404468244	-2.36427475450079	0.0211977398684529	0.176745069575954	-3.64211049148026	ENSG00000197756
P00746	-0.320716919999214	25.6383953807908	-1.14286565413258	0.257469707437061	0.658177329544043	-5.62713670449097	ENSG00000197766
Q9BTE3	-0.377102695106856	23.2108804420719	-0.548164500561625	0.585538918545453	0.887819623430424	-6.11326473945181	ENSG00000197771
Q9NVI7	0.174793928901376	28.0366730051349	1.5316129827287	0.130683204673215	0.481496969650702	-5.13286392437629	ENSG00000197785
Q9BPY3	-0.219451944725204	23.059104044976	-0.453924925676932	0.651461123793929	0.904691039418433	-6.15932987508331	ENSG00000197798
Q16625	-0.213093086103918	26.2568701120876	-1.01005579005198	0.316377585192877	0.714370973209809	-5.7645375847225	ENSG00000197822
O43292	0.27450629814043	25.1221775549534	0.715095448049212	0.477222832977427	0.833093504323546	-6.01066051653798	ENSG00000197858
Q9H0Q0	0.335060734018477	25.7995245004891	0.448533148826952	0.65534302215707	0.904691039418433	-6.16168964178107	ENSG00000197872
O00159	-0.316659979648509	30.5353922720069	-3.80212596202383	0.000329030060657505	0.0135924312179195	0.0822973977711623	ENSG00000197879
O75795	1.6290074332741	29.6411424069153	1.82563414942011	0.072891810370896	0.355845158417633	-4.67184473385249	ENSG00000197888
Q9NQT8	0.0685660202961103	29.0737140657544	0.767978409392867	0.445402771255639	0.819136714369994	-5.97259107622114	ENSG00000197892
P11766	-0.57640885752178	30.6284720868152	-3.68503558474605	0.000481136013491961	0.0161627949898581	-0.265427232072965	ENSG00000197894
Q9UQ90	-0.258847477799911	25.3279669194694	-0.841930896288795	0.403048748613661	0.791514322635313	-5.91489511224313	ENSG00000197912
Q96HE7	0.110122797838418	29.1619062386674	0.466586772917591	0.642423956618247	0.902647786771382	-6.15364060172387	ENSG00000197930
P16885	0.536346937234178	28.1808460180868	3.11396220623411	0.00278875979525823	0.0496964286390298	-1.85758699943824	ENSG00000197943
P06703	0.792586364397248	32.0652088363467	2.02802714680146	0.0469546169238168	0.280544322821955	-4.31228297871838	ENSG00000197956
P30050	0.38400104415906	30.7712949353167	3.06047854975567	0.00325877286865358	0.054615290031022	-1.99711010872695	ENSG00000197958
O95297	-0.133454579375172	24.1795122487756	-0.214541008653741	0.830826266840912	0.963375722342776	-6.23755088529032	ENSG00000197965
Q96RL7	-0.368388946727599	24.9665929001717	-0.624662606808748	0.534474874876309	0.865604838936891	-6.06956739011373	ENSG00000197969
P62701	0.120375077363338	30.5593865818073	0.635857431249873	0.527199613855696	0.860957035032759	-6.06270043083593	ENSG00000198034
Q9BXY0	0.777579715783073	22.8730295061231	2.14232381460044	0.0360850546319617	0.240846759985419	-4.09373859656048	ENSG00000198042
P78324	-0.00627312562475169	24.4866951637049	-0.0124998046198106	0.99006682290027	0.997028532073778	-6.26001222682578	ENSG00000198053
P43250	0.46503351793751	25.6686430123463	1.35730555975717	0.179583658833072	0.559709824670054	-5.37121890211836	ENSG00000198055
Q9NX47	-0.422053378563621	25.403426919634	-1.4324334404122	0.157021214422421	0.529194488408815	-5.27177790111012	ENSG00000198060
O60218	-0.00140942390458676	29.6603648816077	-0.00859723891785109	0.993167966221571	0.997182823919789	-6.26005255695167	ENSG00000198074
Q9Y5K6	-0.264404475199839	30.1564674231775	-1.89719844545012	0.0624414664282073	0.329615988802531	-4.54779104222506	ENSG00000198087
Q9NXH8	0.443177021387967	24.2008338175451	1.17776874776214	0.24337077448905	0.64248788412462	-5.58833052935337	ENSG00000198113
P02144	-0.747542686285687	23.7078028628368	-1.73937521958129	0.0869103054422869	0.389738400967755	-4.81422461476189	ENSG00000198125
Q6NVY1	-0.520728472084702	29.8656045958167	-3.0246393015439	0.00361402384022917	0.058652595240386	-2.08961920905765	ENSG00000198130
Q53LP3	-1.54342295616762	27.0951276569266	-3.99071138971717	0.000176337859967814	0.00981194235106624	0.655195514911108	ENSG00000198142
Q8N108	-0.609985300802929	24.7888485288187	-0.863897069220784	0.390960158150647	0.784314072507352	-5.89675995548519	ENSG00000198160
O60476	0.454792752853852	24.0212462179504	2.33591969274517	0.0227301504475032	0.185592759256229	-3.7018854703822	ENSG00000198162
Q96HY6	0.183821872089695	27.8026931726532	1.21191048335235	0.23012549027464	0.625606871662582	-5.54929316605707	ENSG00000198171
Q8NBQ5	-1.01778103948654	28.942403559845	-3.75826752829109	0.000379982343947459	0.0146628690737605	-0.0494081812742913	ENSG00000198189
Q2TAL8	-0.295342680033606	23.7975008660038	-0.775554309631405	0.440947853132545	0.816681123664603	-5.96691921884099	ENSG00000198218
Q86XP3	0.164639844353545	26.872602425017	1.10935050784966	0.271545201532539	0.672267393113951	-5.66334727579438	ENSG00000198231
P62750	0.0581923212538875	30.486846715382	0.405738459920454	0.68632567805206	0.913481552945541	-6.17955890627018	ENSG00000198242
O43681	0.0797265888490593	27.7564655365865	0.809308808946027	0.421419401126439	0.803666282268273	-5.94098546372743	ENSG00000198356
Q12797	0.086959434240427	28.3162084294433	0.705142985832392	0.483350779367579	0.836450271297841	-6.01752679377346	ENSG00000198363
Q06210	-0.187111060438845	31.2525934333252	-1.15642638634393	0.251924435349601	0.651535464688895	-5.61219212441922	ENSG00000198380
Q9NZM3	-0.320660682818254	24.5615436119805	-0.879727238873307	0.382389749911432	0.775620641885966	-5.88340821782156	ENSG00000198399
O60502	0.107115901470472	25.5998057781038	0.61535369250097	0.540563806281114	0.868757570188893	-6.07518583295755	ENSG00000198408
Q16881	0.0215182900487392	28.7932534977897	0.192665962125615	0.847847608598351	0.968707167377975	-6.24191124707629	ENSG00000198431
Q9UJC5	-0.445709528212099	26.1216952459583	-2.20070574163759	0.0314740094875707	0.225529269035116	-3.97859350846992	ENSG00000198478
Q6ZMB0	0.665529756258177	25.6175791075447	1.08131230846356	0.283737784174835	0.681956781765258	-5.69283745857106	ENSG00000198488
Q9Y5A9	0.0216537412925781	23.5588673560997	0.0445448398981686	0.964612658494558	0.992200162880785	-6.25911680745203	ENSG00000198492
Q96EY4	0.305920850617724	23.1592978272511	0.678119270035588	0.50020841968043	0.846526314155316	-6.03569298228278	ENSG00000198498
Q8WXF7	0.157604205363292	22.4649151076073	0.365150388572035	0.716236563359045	0.927704983372179	-6.19484771779008	ENSG00000198513
O60716	-0.407454677923067	30.0199444714824	-3.18700437972888	0.00224864505847966	0.0434679505172916	-1.66424475490831	ENSG00000198561
Q13838	0.126906434301585	30.8748368419815	1.51981795777892	0.133618630950482	0.487372839179248	-5.14983620472029	ENSG00000198563
Q96DE0	-0.12221823085094	26.01908572682	-0.506658522677483	0.614183931608686	0.897939625005374	-6.13461191960118	ENSG00000198585
P50851	-0.371451508931294	29.2597149187322	-3.2749840408974	0.00172839264543635	0.036239356871382	-1.42717068041442	ENSG00000198589
Q99627	0.3009676791571	26.8222237281279	1.76011536345978	0.0832994615784288	0.380747664700061	-4.78039748401821	ENSG00000198612
Q96BQ1	-0.421970101864709	30.8707156396043	-3.63081883708217	0.000572468037681937	0.0177996244109494	-0.424131673698081	ENSG00000198643
Q9UEW8	-0.14538585983146	25.4527310496943	-0.245685002372047	0.806734101275384	0.956623819671774	-6.23053601070847	ENSG00000198648
Q6PGP7	-0.0718997995960784	27.145038396041	-0.369692305824349	0.712866157137875	0.925389179133615	-6.1932164777178	ENSG00000198677
O95340	0.017230926864098	29.8020906794876	0.169822886714399	0.86569998044975	0.970506166261881	-6.24596511514714	ENSG00000198682
Q96P70	-0.241715274320033	24.9783543259554	-0.448370444416525	0.655442250879326	0.904691039418433	-6.16177658603016	ENSG00000198700
P00403	-0.330404506529213	32.4892539893095	-2.01766404595089	0.047941125869527	0.2838468614186	-4.33065811865251	ENSG00000198712
O75521	0.112024941948754	28.487031225285	0.675620684740039	0.501783041370069	0.846526314155316	-6.03733731546828	ENSG00000198721
P00156	-0.336570203336962	23.4538956534781	-0.4979641074119	0.620263580550205	0.899037114426398	-6.1388726347831	ENSG00000198727
Q6PD62	0.403439639868527	23.7151955463815	0.807234173081479	0.422604482035922	0.80471431221686	-5.94261060733828	ENSG00000198730
Q9Y5S2	-0.25185531915875	27.0561744444471	-1.06906522087759	0.289167259497837	0.688001530848363	-5.70550237094898	ENSG00000198752
P62906	0.235033207999983	31.0455411354076	1.44988379862119	0.152109433113159	0.522122961726997	-5.24796369152356	ENSG00000198755
Q8TE67	-0.202548566235112	27.2354448228198	-1.21303188216495	0.229699524915588	0.625606871662582	-5.54799293994485	ENSG00000198758
P03891	-1.61479660044376	24.8416247667094	-3.82252903277089	0.000307753655780623	0.0130091525966801	0.143567936259176	ENSG00000198763
Q6JBY9	-0.280212156832974	25.3171821471144	-0.306150506051545	0.760524556821976	0.941105081437488	-6.21420335427942	ENSG00000198771
Q96NB3	0.116826075196037	22.6721421739734	0.27730166765192	0.782467049497525	0.949485591087321	-6.2224456156113	ENSG00000198783
P03915	-1.87627443680519	26.3846728372976	-3.51481294995745	0.000828297991373473	0.0222497977682736	-0.760232750490561	ENSG00000198786
Q9UIV1	-0.183959846006587	24.5611706965922	-0.467305914109432	0.641912289266146	0.902647786771382	-6.15331281060803	ENSG00000198791
P42345	0.146684086590462	26.504032125417	0.551496649973355	0.583267059876908	0.887666649592057	-6.11147881542406	ENSG00000198793
P00395	-1.20306843153696	26.2603382082621	-1.7826964223696	0.0795676801981694	0.371416387060208	-4.74332700268981	ENSG00000198804
P00491	0.0354620076304286	29.8740466194778	0.26087540955408	0.795049462491934	0.952502718023134	-6.22677074516908	ENSG00000198805
P32189	0.300902392369405	23.6015658272614	0.583402728125246	0.561729504636557	0.88047421331762	-6.09383603267945	ENSG00000198814
P05204	0.357891833790521	24.4695179500001	0.439940366879533	0.661507049560638	0.904691039418433	-6.16542976413245	ENSG00000198830
Q8WWX9	0.158821896771947	25.5397541349189	0.506672350597818	0.614174283755995	0.897939625005374	-6.13460508495821	ENSG00000198832
Q9Y385	0.670914176731522	26.6864046133148	2.72119472690476	0.00842311797469899	0.0983538807623846	-2.83994881743733	ENSG00000198833
O60313	-0.164873131047088	29.3249653022131	-1.84047436109604	0.0704648972624413	0.348679750246908	-4.645931953553	ENSG00000198836
P62341	-0.654900400716031	25.2751520723409	-1.69625349472043	0.0948324975878828	0.40750323825589	-4.88339383580571	ENSG00000198843
P23141	-0.456623861293423	28.0233637515323	-2.20840263522622	0.0309064536879618	0.223544334653118	-3.96321645431244	ENSG00000198848
Q9NRP0	0.193493629243044	26.594551991137	0.280811799699196	0.779800816218245	0.948703757587387	-6.22147772523291	ENSG00000198856
O94822	0.1888144189485	22.60669729549	0.502622716380992	0.617002663944448	0.897939625005374	-6.13659876881699	ENSG00000198862
P03905	-1.76439242030132	25.4915722348862	-3.89299124965436	0.000243964355300188	0.0117942375582988	0.356676133721135	ENSG00000198886
P03886	-1.42107554163447	26.203545155351	-3.87627313067598	0.000257837503086599	0.011997403877357	0.305903471416924	ENSG00000198888
P47755	-0.0852568426615683	29.4922146012823	-0.534700915021636	0.594760974449293	0.891732635048665	-6.12037164341606	ENSG00000198898
P00846	-1.10871331661762	27.5693299088638	-2.59136823543645	0.0119101302542164	0.125378263081549	-3.14290883362549	ENSG00000198899
P11387	-0.018200791271429	28.7633325402637	-0.0962085909271171	0.923663891311938	0.985606697198344	-6.2555550617374	ENSG00000198900
P32004	-0.612069796437545	26.9877585478211	-2.05936767165879	0.0436467183373607	0.270576716224596	-4.25276847025948	ENSG00000198910
Q5T280	0.153321672824834	22.8170143145829	0.258025442271544	0.797238192982929	0.952946046982883	-6.22749434219738	ENSG00000198917
P62891	0.337037136541866	27.5714000042504	0.947180266489834	0.347216676195326	0.74681483208041	-5.82386395516827	ENSG00000198918
Q7Z3C6	0.53019127275105	25.140372016756	0.509354426190658	0.612333122666286	0.89744488760617	-6.13324811472028	ENSG00000198925
P07741	-0.0315701087471041	29.688270172125	-0.317025686153294	0.752284653511573	0.938088839629172	-6.21089787248309	ENSG00000198931
P11532	-0.464200013881129	28.0495925865394	-1.88025264224929	0.0647531313291131	0.336284595369194	-4.57738718220775	ENSG00000198947
P17050	-0.26841147097905	27.410996663757	-1.61116491841723	0.112201842274998	0.442718267674068	-5.01523700569903	ENSG00000198951
Q96EK5	0.00361150755206552	25.1717984014317	0.00612783022832498	0.995130320175753	0.998058789023061	-6.26007036877991	ENSG00000198954
P21980	-0.535231909131145	30.8847363637011	-3.09852681408299	0.00291745416454014	0.050407060823993	-1.89803273554301	ENSG00000198959
Q27J81	-0.027485309814498	28.0488099419533	-0.23445048825289	0.815404492852858	0.956881825291329	-6.23317574544052	ENSG00000203485
Q5RI15	-0.11961013880229	25.7705181929725	-0.605492138237934	0.547052745635331	0.8724942199542	-6.08104695038024	ENSG00000203667
P26374	-0.385500751099606	24.9096271085603	-0.53193498001669	0.596667229579472	0.892433047957529	-6.12180673717276	ENSG00000203668
Q5QNW6	0.469276648290439	35.1332017220077	2.8173827732597	0.00647966597624063	0.0815485923929013	-2.60862957670577	ENSG00000203814
P31150	-0.129007239526555	29.2291666408614	-1.25269992596582	0.214999260133171	0.603702865863122	-5.50126365058903	ENSG00000203879
Q8N2H4	-0.318359355529577	23.1706596837131	-1.0226370262873	0.310436264951332	0.709289509822052	-5.75222214234623	ENSG00000204070
Q6Y7W6	0.766009591127091	26.7280130411503	0.978337654350424	0.331795831359686	0.729549463066278	-5.79483053665686	ENSG00000204120
Q5SRD1	-0.127231607997714	24.757267506203	-0.264537547438399	0.79223942373641	0.952502718023134	-6.22582929853322	ENSG00000204152
Q8N5G2	0.119213726120243	22.4297721039554	0.287048789924084	0.775028043264847	0.945819665405852	-6.21975464573382	ENSG00000204178
Q9UER7	-0.308910831974543	23.587471528146	-0.589774602935727	0.557475922231137	0.877200439654024	-6.09019512053868	ENSG00000204209
O75764	-0.283845665969611	25.221424964077	-0.982507369161936	0.329652257040933	0.727181940794582	-5.79098906233503	ENSG00000204219
O15212	0.0464096441019741	26.9100168490633	0.189685680773496	0.850172443525589	0.96894755612696	-6.24246909372888	ENSG00000204220
Q06587	0.00943071687491326	25.0063224592532	0.0301768322749651	0.976022542756227	0.995421890307053	-6.25964269303105	ENSG00000204227
Q92506	-0.392874632751951	26.9793313700428	-2.67526902691244	0.00952798499740145	0.107347318576095	-2.94818766684788	ENSG00000204228
P25440	0.454351181850157	24.381413348759	0.691310484341011	0.491939934286982	0.840924282654205	-6.02691270934513	ENSG00000204256
P05997	-0.925822578065887	25.4509806299855	-1.57140619291099	0.121156410783859	0.46007375209219	-5.0747104449317	ENSG00000204262
P28062	-0.301740674951287	29.4587410382402	-1.49743064017001	0.139333639683992	0.498297910483637	-5.18171574790023	ENSG00000204264
Q03519	-0.102218063133765	27.8509118881102	-0.332335619850197	0.740752063923666	0.934627021605365	-6.2060365221241	ENSG00000204267
P01903	-0.167016348617768	30.1420262845575	-0.874700492051957	0.385098348344216	0.777756034637411	-5.88767356850829	ENSG00000204287
P39059	-0.331598661919223	27.8270611065561	-1.71552704449261	0.0912212093635843	0.398437514790136	-4.85267265767983	ENSG00000204291
Q99943	-0.697017792543573	23.7378322413816	-1.43939722599831	0.155046536369081	0.52659088868428	-5.26230680403117	ENSG00000204310
Q96DV4	-0.123577903606375	27.5334317390144	-0.85628835949555	0.395121684022549	0.786616304109284	-5.90309326732629	ENSG00000204316
Q15477	-0.43403408415972	26.44282695668	-1.80048802907978	0.0766273139833094	0.363987251831495	-4.71351470723365	ENSG00000204351
Q53GD3	-0.464049943216946	23.848823579306	-0.73168560021758	0.467105402306374	0.82980672773388	-5.9990046101594	ENSG00000204385
Q99519	0.340970872426201	24.7367402932558	0.653080629725731	0.516108555333584	0.854538367874022	-6.05190069961316	ENSG00000204386
Q9Y333	-0.0338235249009955	27.2745233120896	-0.18163525963023	0.856458970274651	0.970185627365775	-6.24393254259787	ENSG00000204392
P26640	0.311648549096422	30.055538713765	3.10022748050641	0.00290300723838996	0.050407060823993	-1.89358354176441	ENSG00000204394
O95870	-0.137587826003564	26.5844831283797	-0.526687473446903	0.60028195314334	0.893600115882127	-6.12451852516508	ENSG00000204427
P67870	-0.978525604114722	25.93437131073	-1.48952118104714	0.141431707409456	0.502428078504082	-5.19288899215717	ENSG00000204435
O95445	0.294719623632439	23.2027120694135	0.501556041397236	0.617748631984664	0.897939625005374	-6.13712126611026	ENSG00000204444
P46379	0.0443785059521602	27.2168933885015	0.258268180926203	0.797051709571819	0.952932026374727	-6.2274330206504	ENSG00000204463
P55008	0.115698705383231	27.8517885555903	0.645806359741015	0.520777734102608	0.856910375395753	-6.05649672171685	ENSG00000204472
P10321	-0.391548810076099	24.9204465287771	-0.421546036238914	0.674822884903852	0.908575899069828	-6.17315854457164	ENSG00000204525
Q8TD31	1.79040654025452	23.2862596727128	3.01356435956896	0.00373089780464244	0.0596163032105631	-2.11804462680246	ENSG00000204536
O60231	0.19861909419452	24.5504256189544	0.500315995960814	0.618616352605938	0.898113676986203	-6.13772730303138	ENSG00000204560
Q5SQH8	-0.153714073310265	22.8189920662916	-0.315536355111846	0.753409606737318	0.938088839629172	-6.21135858586316	ENSG00000204564
Q9Y676	-0.11680034925833	26.53533032803	-0.687563401112987	0.494281008251272	0.843033391036102	-6.02942375791664	ENSG00000204568
Q96QC0	0.125411397584461	22.8318522724717	0.395787595870794	0.693614628571369	0.918627247586294	-6.18345543576012	ENSG00000204569
Q8NE71	-0.201096853607588	27.6549261825881	-1.17414525834341	0.24480809031978	0.644070467843153	-5.59241111219143	ENSG00000204574
Q08345	-0.454067669082928	24.1875831237576	-1.0612932555844	0.292655828852879	0.692944956463199	-5.71346243317941	ENSG00000204580
P36915	0.0756975085873819	25.5799503122235	0.410899965171341	0.682556589333422	0.910922698759153	-6.1774998804684	ENSG00000204590
P13747	0.526079116082354	24.1566402685695	1.69327393924071	0.0954011116191231	0.408296773479431	-4.88811498709076	ENSG00000204592
O60927	0.103739732195177	24.0718245335424	0.210263874106058	0.834148260160517	0.965529709754893	-6.23844024029027	ENSG00000204619
P63244	-0.16498984401473	31.5851913979286	-1.1083602056724	0.271969161026179	0.672267393113951	-5.66440149766968	ENSG00000204628
P17693	-1.40786751320338	24.4952784012982	-1.11601323078269	0.268784512589811	0.668040996878869	-5.65616779232131	ENSG00000204632
P30511	0.0941477165972024	25.3893581487384	0.203437041540465	0.83945683326006	0.966970165181147	-6.23982270873161	ENSG00000204642
Q96B36	0.0574817790683682	23.5101873758551	0.143085666922635	0.886684559868015	0.975031286806855	-6.25006162658851	ENSG00000204673
Q96EL3	0.13267618925941	25.2334748756452	0.364007543633152	0.717085526267186	0.928143217359356	-6.19525501199592	ENSG00000204822
Q99700	0.107455682258998	23.0202464279692	0.215573527863579	0.830024784265744	0.962800499596065	-6.2373335116702	ENSG00000204842
Q14203	0.115535980671716	29.8294185394419	1.33995943842161	0.185128131295403	0.568585001269604	-5.39346358368811	ENSG00000204843
Q6UW78	-0.409598985082859	24.2808034822676	-0.852140871033694	0.39740162874149	0.787724856971045	-5.90652251476021	ENSG00000204922
Q8N6Q3	0.737742844730768	26.0952650878823	1.38843493106129	0.169963029874573	0.54746034321112	-5.33062419402642	ENSG00000204936
P40306	0.104590775472786	27.7198185419832	0.351283754576482	0.726561368340539	0.931563400319999	-6.19970372648106	ENSG00000205220
Q9UKN1	-0.683372836473495	28.166258210959	-2.03009437170682	0.0466367986475707	0.279769486276351	-4.30767960030132	ENSG00000205277
O60749	0.0621932327795207	29.3681479662651	0.480006337973714	0.632904837341046	0.900088707070852	-6.14744127524204	ENSG00000205302
P82979	0.0316195664521892	27.1832580314121	0.135483981329644	0.892666273316389	0.97562305054463	-6.25109858668936	ENSG00000205323
O95373	-0.6653678273385	28.0410413667466	-1.86752485417049	0.0665554527551215	0.339423354629152	-4.59954046893113	ENSG00000205339
P05156	0.391682392166235	27.224975958751	1.96006375430473	0.0544671663333641	0.302145938978469	-4.43594598839298	ENSG00000205403
Q5K651	0.216985963932654	24.1285574217345	0.498010270805307	0.620231229574279	0.899037114426398	-6.13885020545197	ENSG00000205413
Q99733	-0.00993889025611239	29.2615579975384	-0.101891847439823	0.919169937013268	0.983948501478867	-6.25500365718176	ENSG00000205531
P62328	0.255531316158727	30.4413678119518	0.547310765379602	0.586179391166953	0.887819623430424	-6.11366289685953	ENSG00000205542
Q8N2U0	0.278644260794728	26.2599499070832	1.02538115480269	0.309150471843185	0.708020799227589	-5.74951642573602	ENSG00000205544
B5ME19	-0.0893000333080494	29.8281645882964	-0.787702146229772	0.433859321426946	0.813001676886988	-5.95771059822301	ENSG00000205609
Q9UIC8	-0.172147579522257	24.9699184564019	-0.441762372032113	0.660191618187276	0.904691039418433	-6.16464841956807	ENSG00000205629
O95825	-0.0502350389593573	25.5864176751488	-0.128717970691628	0.897995676939708	0.976230148794304	-6.25197397581636	ENSG00000205758
A6NDU8	0.0274361830245695	22.9919335725988	0.0804034186811454	0.936174277980304	0.987531394271817	-6.25692222779746	ENSG00000205765
Q15287	0.157342942448334	27.4967627812875	1.20035327019758	0.234549068169087	0.63066867294183	-5.56262664158885	ENSG00000205937
Q96DA6	0.032676924197478	24.611763936137	0.046976169474957	0.962682565816567	0.992154633017358	-6.2590078120739	ENSG00000205981
P59665	3.38874461854444	28.4516522358712	3.45677832466145	0.00101159933018819	0.0250738688523464	-0.938093280224656	ENSG00000206047
P36952	1.20022772029818	26.3639627124353	2.22422886638478	0.0297824186591037	0.218578100872264	-3.93166774768631	ENSG00000206075
P04439	0.369224987217613	27.6095928055466	0.591641987992858	0.556288685506646	0.876970859227447	-6.08906251905638	ENSG00000206503
Q6Y1H2	-0.0369088280191292	25.0847044163322	-0.0868935766969963	0.9310349393133	0.986195323246974	-6.25639042407229	ENSG00000206527
O15084	-0.30585148075906	23.6881059637577	-0.601475263492495	0.549707138112037	0.873551345937024	-6.08340753032631	ENSG00000206560
P22352	-0.888149811814351	26.0893898646926	-2.1828707201534	0.0328244453811721	0.230362549116514	-4.01404919908366	ENSG00000211445
Q8IZQ5	-0.256921122905236	24.901790735392	-0.552199348034598	0.582788498397677	0.887666649592057	-6.11110082404757	ENSG00000211450
Q9Y2H1	-0.418029416736388	24.2282301804639	-1.23399476452185	0.221842235566611	0.615037198869091	-5.52347655890773	ENSG00000211455
Q9NTJ5	-0.128473030605377	28.1716541564886	-0.736478258052201	0.464205459392715	0.82980672773388	-5.99558849410818	ENSG00000211456
Q15631	0.017625987192968	29.2937917830213	0.161383765342627	0.872313657021332	0.972149268697594	-6.24733365250665	ENSG00000211460
P37198	-0.0350854323763379	26.5718195082707	-0.0769936935915108	0.938875987863314	0.988539327237031	-6.25718498765463	ENSG00000213024
P50238	-1.19326265309066	26.7429181298501	-1.554529293104	0.125259882178838	0.46847883231907	-5.09965461607282	ENSG00000213145
Q8WWP7	0.309611393261072	26.4283086266079	0.952849565610217	0.344350668129822	0.74336666401897	-5.81867382635935	ENSG00000213203
P63272	0.486204899695458	24.1558572226778	1.1978329091091	0.235521888688725	0.63234901970439	-5.56551819326478	ENSG00000213246
P01111	-0.0911538066643907	28.3071686409216	-0.665958136267458	0.507897637787608	0.850865074917305	-6.04364001938776	ENSG00000213281
Q16873	0.592810454360716	23.1706256161347	1.19352977664126	0.237189584601896	0.634639256542757	-5.5704416846388	ENSG00000213316
Q9BXR0	0.204959689659393	27.5698012337443	0.754799493309065	0.453214763931706	0.824632805985357	-5.98232762784967	ENSG00000213339
P28161	-0.425397037700389	26.9850128498233	-1.22560919286372	0.224961320998554	0.618615271510395	-5.53333155007104	ENSG00000213366
Q96MW5	-0.122338409752903	24.5649177050908	-0.33113490852157	0.741654415951223	0.934627021605365	-6.20642603737838	ENSG00000213380
Q14761	0.490906098249116	23.9726356716233	1.37930724022173	0.172734095318426	0.549694273430874	-5.34261708167912	ENSG00000213402
Q96FS4	0.428120230021396	23.719706916446	0.522030560451936	0.603503672249385	0.89396966294435	-6.12689758450192	ENSG00000213445
P57105	-0.0819547231766293	28.0199904792613	-0.634577545008427	0.528028755378814	0.861720690647627	-6.063491612876	ENSG00000213463
P36404	0.170011836392202	23.9089682849875	0.263968097896549	0.792676194441939	0.952502718023134	-6.22597654987432	ENSG00000213465
Q96E39	-0.212966372285649	24.0186808805632	-0.335806839056238	0.738145449975101	0.934528311827964	-6.20490254550244	ENSG00000213516
Q9HD15	-0.210252966628879	23.8874169921273	-0.565560884590408	0.573724739193753	0.883685586392464	-6.10382282071691	ENSG00000213523
Q8WXX5	0.281145057133127	26.4375130347614	1.64611856260675	0.104778164039844	0.428623652295028	-4.96182662268062	ENSG00000213551
Q6P1X6	0.0524766360621172	24.6863656543183	0.123096759239276	0.90242695083543	0.977800741991114	-6.25266717025537	ENSG00000213563
P21796	-0.163273703735946	31.4830560509598	-1.63041877193568	0.108061672263636	0.436489110261933	-4.98594622108266	ENSG00000213585
Q9Y320	-0.0202064630213563	25.7133279047217	-0.0798121152175894	0.936642650132741	0.987531394271817	-6.2569686287901	ENSG00000213593
P06865	-0.347290487502349	28.9132837304072	-3.37554154852158	0.00127305727223324	0.029666586775589	-1.15074792405304	ENSG00000213614
O75489	-0.261622682583496	29.8769496963361	-1.971136126167	0.0531567660866276	0.299267561614814	-4.41591436941006	ENSG00000213619
P62140	0.130706957687241	28.2050319095467	0.755565313393955	0.452758655710016	0.824613543616138	-5.98176636638167	ENSG00000213639
Q9Y4H4	0.412391898277054	22.8783690976878	1.0024963732853	0.319983945871414	0.717730148163264	-5.77186642758168	ENSG00000213654
Q9NZQ3	0.126717526637847	22.1700321002447	0.350645357535934	0.727037949897613	0.931877367065696	-6.19992278173706	ENSG00000213672
O00299	-0.00517600319625444	32.2590420091013	-0.0453758851024956	0.963952915042356	0.992154633017358	-6.25908020346193	ENSG00000213719
O95865	-0.208694628789974	28.444522605468	-1.43821799083386	0.155379559855677	0.52659088868428	-5.26391363830817	ENSG00000213722
P62273	0.650303681611476	27.6029603970565	0.841006447298942	0.403667949981442	0.791514322635313	-5.91553530506338	ENSG00000213741
Q9H0S4	0.644426084701472	23.0725943549158	1.61627060864042	0.111091671345289	0.441652689345676	-5.00750080786311	ENSG00000213782
Q86V88	0.284318161316602	24.6061912816342	1.44284446825162	0.154076196305111	0.524782947190361	-5.2576025203979	ENSG00000213920
P49674	-0.593561228299286	24.6453504849525	-1.75194219340897	0.0847072672317305	0.384923940178855	-4.7937711171876	ENSG00000213923
P07902	-0.0381551914297908	26.2242004528248	-0.167926498142071	0.86718534462963	0.970998292456955	-6.24627871401832	ENSG00000213930
P69891	-0.464417104703504	29.211680299561	-1.45444776079911	0.150873870224731	0.51999143423668	-5.24169875222822	ENSG00000213934
P56199	-0.783702204578759	28.001155833943	-2.48071512401449	0.0158309739800881	0.15047192372246	-3.39053858360912	ENSG00000213949
A8MXV4	-0.010015239364801	26.6630329654053	-0.0517871032074833	0.958864113444288	0.992074856506437	-6.25877507488992	ENSG00000213965
O14907	-0.285135694674793	27.221281769054	-2.17109602604265	0.0337436099800284	0.233211540204176	-4.03732227869816	ENSG00000213977
O75843	-0.224404072569634	25.0990191550581	-0.627958957460586	0.532327272272295	0.864012679706439	-6.06755789684761	ENSG00000213983
Q8IW45	-0.196768404451483	27.6021954999463	-1.52360557030425	0.132670365205256	0.485864003669752	-5.14439930886118	ENSG00000213995
Q9BWE0	-0.126142910965463	22.6571107608345	-0.276118672520561	0.78337131526594	0.94969403782685	-6.22276590593821	ENSG00000214022
Q16540	-0.233310206583138	26.56344503736	-1.39001598428777	0.169473484858117	0.547151517425287	-5.32853971954001	ENSG00000214026
Q99829	0.064131668330063	28.4225822094551	0.456130686943242	0.649882974086218	0.904691039418433	-6.15834995288812	ENSG00000214078
Q9HD34	0.0273836963447636	24.2858522750051	0.0764741838293811	0.939287045819384	0.988539327237031	-6.25722414165171	ENSG00000214113
Q99417	-0.435598737557964	27.7322965089915	-2.4214103918639	0.0183870393174437	0.163031748614667	-3.51985363360964	ENSG00000214114
Q92685	0.095303162317709	23.1965150513836	0.260171392762091	0.795589983526157	0.952502718023134	-6.22695023020935	ENSG00000214160
A4FU49	-0.520634744824676	23.5245414399909	-0.810941146017401	0.420488376798278	0.803666282268273	-5.93970392121133	ENSG00000214193
Q9Y3D6	-0.335507615855001	27.0260009424073	-1.87321744277961	0.0657338708335475	0.338796595137367	-4.58960498225244	ENSG00000214253
P03950	-1.30706406894981	24.9425799547707	-2.42222901424903	0.0183493183094005	0.16296226830808	-3.5180845135261	ENSG00000214274
Q9Y570	-0.0207549203918873	26.6533340201771	-0.132495274237383	0.895019799892578	0.976108593762845	-6.2514907919523	ENSG00000214517
Q9Y365	-0.389953949742115	28.3364600339825	-2.01541029091691	0.0481832232846521	0.284354022263212	-4.33482789533567	ENSG00000214530
Q96B49	0.321385167595995	25.0997161845992	0.341624792860505	0.733796496951282	0.932508109502526	-6.20296604960656	ENSG00000214736
Q1KMD3	0.0639922170423439	30.2537414201563	0.780171182830796	0.438245829023303	0.816585927218465	-5.96343593733695	ENSG00000214753
Q2WGJ9	-0.474415118481186	25.3836781911043	-0.37479061028718	0.709127291510365	0.924425321684442	-6.19133173314684	ENSG00000214814
Q2UY09	-1.07652579921768	25.8786560723083	-2.24693106113279	0.0281986475604238	0.212679426206073	-3.88555983666078	ENSG00000215018
Q99623	-0.188450360865435	31.4043431370852	-1.96199430149226	0.0542367214380597	0.301480980633781	-4.43246047106203	ENSG00000215021
O00571	0.358299046779798	29.5303323277809	3.47174370328644	0.000945563816551239	0.023871108757657	-0.88101853588348	ENSG00000215301
Q9H269	-0.263852888801914	25.2732188332078	-0.618564608125851	0.538459549072407	0.867340545628485	-6.07325727781052	ENSG00000215305
Q8NDH3	-0.280314101534671	25.5964140417209	-0.777475303361826	0.439822405807091	0.816585927218465	-5.96547235264498	ENSG00000215440
Q8NFU3	-0.0305325175079716	27.1644016428433	-0.0831058572407814	0.934033963758432	0.987453897707392	-6.25670580225573	ENSG00000215845
P13284	1.23657025654117	26.8470956194113	1.26551965168043	0.210554588512631	0.597374698834224	-5.48578644789225	ENSG00000216490
Q9Y3D7	0.268650475759188	24.808654915555	0.733623945098222	0.465931310327011	0.82980672773388	-5.9976256328355	ENSG00000217930
P63151	-0.212620120698823	27.4688510243237	-1.19081805803109	0.238244902209535	0.635384942947346	-5.57353565726499	ENSG00000221914
P62987	-0.591771885344318	30.4669444318393	-2.16437445399318	0.0342939161116236	0.234341760096094	-4.05074402772066	ENSG00000221983
Q9H0N0	-0.102986034261839	23.5953331037432	-0.237153085797078	0.813316565722612	0.956881825291329	-6.23255198832082	ENSG00000222014
Q5RKV6	0.105529339928356	24.8695634279448	0.418427642250333	0.67707417819424	0.90878421961662	-6.17445054622673	ENSG00000223496
Q8N1B4	0.0799318692881243	25.7556376027092	0.284171492309203	0.777221833042273	0.946541847298087	-6.2205586494016	ENSG00000223501
P12532	-0.121699485495178	32.270382270128	-1.13252622287942	0.261755612553848	0.661327688639441	-5.63841784401307	ENSG00000223572
P02042	-0.406555792733684	33.4701273212669	-2.3186706357331	0.0237098749937336	0.190693139145766	-3.73795420802689	ENSG00000223609
P04440	-0.179273666485059	26.5754084498714	-0.344183560558724	0.731873539975065	0.932508109502526	-6.20211353166003	ENSG00000223865
Q5TA50	-0.173329852830086	23.6421170625364	-0.30064568139895	0.764686264942795	0.942616977722393	-6.21584600183351	ENSG00000224051
P0C0L5	-1.17518735922714	25.3400571584782	-2.47686496963369	0.0159833628008819	0.151314717627099	-3.39890595809079	ENSG00000224389
O15213	0.0736906578898484	22.5736356072693	0.206985098096496	0.836696899717263	0.966103794968921	-6.23910989551276	ENSG00000227057
Q969E2	0.257640833615568	24.9033838170312	0.570851843160299	0.570154636163489	0.883685586392464	-6.1008932610804	ENSG00000227500
Q9GZM3	0.142820981777067	23.2538453335783	0.293230428552605	0.770321102639222	0.943995624264784	-6.2179999921591	ENSG00000228049
P03928	0.0194663406488687	26.7483469006553	0.0366704533783917	0.97086590788887	0.993813704858371	-6.25942999106748	ENSG00000228253
P19652	0.305455952372032	29.0554618846504	1.37954477244596	0.172661253816101	0.549694273430874	-5.34230593743525	ENSG00000228278
P00374	0.279564443032545	23.9728293168485	0.677498808284365	0.50059918723531	0.846526314155316	-6.03610186960579	ENSG00000228716
P02763	0.324932485288105	30.9846784920122	1.64506935724915	0.104995039414985	0.428867378224654	-4.96344510462251	ENSG00000229314
Q14409	0.408782985065972	23.6262842535299	0.800333548903804	0.426560642445357	0.807651105296713	-5.94798676412338	ENSG00000229894
O15391	-0.0205829925765606	23.1399196172409	-0.0651338191944127	0.948276122173438	0.988700698605532	-6.25801071088576	ENSG00000230797
O75506	-0.484204407391832	24.2975897963808	-0.971287910396825	0.335162967063556	0.733698779364742	-5.80155882910556	ENSG00000230989
P20036	-0.154380277114939	27.5643251073183	-0.723241573206548	0.472239667413447	0.829881697198043	-6.00497004015836	ENSG00000231389
P62269	0.425583901618388	31.613416181073	3.00489522169866	0.00382482797039287	0.0607899086040022	-2.14024171306212	ENSG00000231500
O15533	0.294602477163604	28.6077470919068	1.2247318888699	0.225289486841722	0.618893487026654	-5.53435889294826	ENSG00000231925
Q6NXS1	-0.483057178872667	23.073008267232	-0.990979392148007	0.325531071090628	0.72364502748647	-5.78292974486206	ENSG00000231989
Q9Y2S6	0.489522251879073	24.1460109423006	0.731589995989137	0.467163355043701	0.82980672773388	-5.99907253218062	ENSG00000232112
Q9ULC4	-0.00221650153369879	27.6850335461415	-0.0139748353950957	0.988894738663067	0.997028532073778	-6.25999309799339	ENSG00000232119
P07203	-0.0842806126446938	29.0150763573547	-0.821017376639233	0.414768714036633	0.799481724157567	-5.93173719077664	ENSG00000233276
Q99877	0.469276648290439	35.1332017220077	2.8173827732597	0.00647966597624063	0.0815485923929013	-2.60862957670577	ENSG00000233822
P62857	0.035647969446341	29.7341327656454	0.130536242691302	0.896564188410084	0.976230148794304	-6.25174275999455	ENSG00000233927
Q12899	0.200571225259385	22.5549742199386	0.55073920817098	0.583783113762289	0.88773116258104	-6.11188572064655	ENSG00000234127
P01889	-0.0455085184452102	30.2202001001983	-0.195940102304963	0.84529510547135	0.968412111513282	-6.24128838377771	ENSG00000234745
P02655	0.979630138656937	24.4605411403735	1.42857632865453	0.158123324409998	0.530939955669778	-5.27700530756883	ENSG00000234906
B2RUZ4	-0.797373754286856	23.0181056922663	-1.47031350791565	0.146512218272943	0.511152352042456	-5.21974221020988	ENSG00000235169
Q9BTY7	0.510230821119379	24.6546820872772	1.42385440332421	0.159480699384812	0.532595039483722	-5.28338683630344	ENSG00000235173
Q96HQ2	0.644758245633735	22.977258879325	1.85199032152075	0.0687693290061166	0.343493724772086	-4.62622231695832	ENSG00000237190
Q8NBS9	0.710387559178436	32.6594312435285	4.13051052840892	0.000109786641547901	0.00739094514025562	1.09156046263903	ENSG00000239264
Q96PK6	-0.0141333030863855	25.895013360256	-0.0251322466443255	0.980030032245795	0.995421890307053	-6.25977935252772	ENSG00000239306
P15531	-0.630304144905324	29.4968227774279	-2.38663906085214	0.0200619086556582	0.171817341132836	-3.59471362271644	ENSG00000239672
Q9Y2R5	0.304010775081895	23.5690614298595	0.419435442384047	0.676341517099131	0.908575899069828	-6.17403812608917	ENSG00000239789
P59666	3.37450373206562	28.4273749811675	3.37180173577429	0.00131282191105615	0.0300012616809058	-1.17452317504286	ENSG00000239839
Q7L5D6	0.0861842368615342	23.7884327156608	0.171039300459964	0.8647474683278	0.970506166261881	-6.24576210912088	ENSG00000239857
P30566	0.0384085848672093	28.374677430222	0.391523336636743	0.69674713287928	0.918627247586294	-6.18509576205822	ENSG00000239900
P28065	0.543091306164673	28.6207283275169	3.26591078584986	0.00177627816805699	0.0366895638273288	-1.45182837050925	ENSG00000240065
Q9H2H8	0.191131819230776	26.8880974467472	1.17849528565489	0.243083313915819	0.64248788412462	-5.58751089567224	ENSG00000240344
P29972	-0.197733713332603	24.0866585499051	-0.678514124993469	0.499959825877255	0.846526314155316	-6.03543257900839	ENSG00000240583
Q9ULR0	0.0701529421696776	24.5508835412601	0.164330125941303	0.870003552248955	0.972116389555013	-6.24686377010455	ENSG00000240682
Q9HBH5	-0.218484673432819	26.0821411800587	-0.973211159683711	0.334214024021448	0.73279817973018	-5.79975530282086	ENSG00000240857
P14174	0.130316371857376	30.9384997452272	0.381910372605372	0.703846910441988	0.9220141979499	-6.18871365665276	ENSG00000240972
O60656	-0.771315478043295	24.7231213824499	-1.08774427326443	0.280900587136832	0.680778178514288	-5.6861427065912	ENSG00000241119
P83881	-0.117258318136827	24.9969468967672	-0.110488063501041	0.912382980657715	0.98085768999526	-6.25410812702746	ENSG00000241343
Q96GD0	-0.128400065364097	26.0922574064018	-0.485944292212185	0.628712438470979	0.899825244544314	-6.14464249927707	ENSG00000241360
P56134	-0.251266069597271	28.139269012829	-0.991120657020265	0.325462645425185	0.72364502748647	-5.78279479383812	ENSG00000241468
P85298	-0.388490493439786	22.5828377609237	-1.20043989007275	0.234515686121917	0.63066867294183	-5.56252716165142	ENSG00000241484
P59998	-0.30065168663651	30.233504069846	-2.16159204063369	0.0345018803271773	0.235001014801884	-4.05602881964063	ENSG00000241553
P22309	-0.896724752654755	24.7261252051359	-1.2943538382691	0.200323086905841	0.585820834157055	-5.45066051178096	ENSG00000241635
Q92747	-0.920434531713145	30.2815080445533	-3.18007441075639	0.00230071506610478	0.0440203482648049	-1.68428279418106	ENSG00000241685
P48047	-0.147438708991888	31.2291262342242	-1.12846622598075	0.263452297403926	0.663747470142812	-5.6428207636218	ENSG00000241837
Q8TD55	-0.063188851183714	25.3985510033708	-0.138867587722124	0.890002943337933	0.975169321159376	-6.25064400710502	ENSG00000241839
Q15269	-0.101622458706636	23.6382169035776	-0.264019466504312	0.792636791721046	0.952502718023134	-6.22596327969299	ENSG00000241945
P42356	-0.124674598379244	24.2507126222323	-0.321042766745486	0.749253079041227	0.937890523197898	-6.20964443801709	ENSG00000241973
Q9NX55	0.062115288667588	25.248895282434	0.133662192038928	0.894100769628942	0.97562305054463	-6.25133869882986	ENSG00000242028
Q9UHK6	0.107984726537268	25.1340149220404	0.260244887162071	0.795533552230789	0.952502718023134	-6.22693151585657	ENSG00000242110
Q9NP61	0.734630768067767	24.7089383464387	1.54758012659258	0.126791356978782	0.472585966920915	-5.10969503770132	ENSG00000242247
Q9HAW9	-0.349594034042596	22.8138832061592	-0.792868938459907	0.430864946813422	0.811096200796257	-5.95375143622671	ENSG00000242366
P56537	-0.0229810014384917	28.3526066235274	-0.119677110600031	0.905124237460986	0.978297495610207	-6.25307374046506	ENSG00000242372
Q9BYC9	-0.258225580859328	23.7173711898667	-0.548973001409384	0.584987296293431	0.887819573250231	-6.11283239373973	ENSG00000242485
Q7Z6K5	-0.160027169662808	23.9945086139755	-0.444539293524274	0.658194060621039	0.904691039418433	-6.16344674423871	ENSG00000242498
Q9HAW8	-0.360652298366592	28.2280727287193	-1.52071727825151	0.13339299244358	0.486875493838583	-5.14854641693974	ENSG00000242515
P28068	-0.76264949255814	24.3290000824106	-1.51654224582918	0.134443061544965	0.489048381864632	-5.15452819340867	ENSG00000242574
Q9NUI1	0.429712701899231	24.6287651942161	0.766294627732187	0.446396456454411	0.819866518935259	-5.97384425993929	ENSG00000242612
P50151	0.433244807813214	23.602662605798	0.684695114029975	0.496077150675364	0.844027676328475	-6.03133681716384	ENSG00000242616
O75394	0.164843293152909	23.3206501616182	0.314140274636842	0.754464611093793	0.938220187980491	-6.21178848943464	ENSG00000243147
Q7RTP6	0.213419340738096	22.1661116214539	0.451385098592661	0.653280269325783	0.904691039418433	-6.1604523642091	ENSG00000243156
O60831	0.793167168484693	25.8339543339219	3.02700095089748	0.00358954651015745	0.0584292451339958	-2.08354780397586	ENSG00000243279
P04746	-1.29775899946387	22.7443475773527	-1.00461957191199	0.319057955502083	0.717452796434169	-5.76972796035424	ENSG00000243480
P00751	0.61042471279589	29.5296632083087	3.48336281267454	0.000911915352856119	0.0232499902112917	-0.848099884128285	ENSG00000243649
Q96MX6	-0.0942642184693234	22.8249073320875	-0.247370883265587	0.805435067243707	0.956173782277883	-6.23012924648104	ENSG00000243667
P22392	0.344170621691312	32.3853472036605	3.31721020967142	0.00152110323282568	0.03331154991405	-1.31179388071036	ENSG00000243678
O75610	-0.791263795581688	25.3563457381166	-2.26521160407345	0.0269887450523643	0.207573521538142	-3.84831749586751	ENSG00000243709
O95801	0.180568595569394	22.5219997176942	0.479848102517558	0.633016723201305	0.900088707070852	-6.14751539034766	ENSG00000243725
P82932	-0.4903707908718	25.813664129636	-1.30079926393683	0.198120673949165	0.582790436629444	-5.4426903806617	ENSG00000243927
Q96ME7	-0.678729270065954	23.1240871552168	-1.33136829135849	0.187921769757408	0.57056648690821	-5.40438109283519	ENSG00000243943
P08263	-0.713177750319428	24.6101952639746	-1.17044814003623	0.246280890775861	0.64659109167105	-5.59656223368106	ENSG00000243955
Q03154	-0.0036407493692856	28.1427899248646	-0.0245690310555974	0.980477290968476	0.995421890307053	-6.25979307543956	ENSG00000243989
Q9Y697	-0.156313246134385	26.6093507039552	-0.848061516427595	0.399652027775809	0.789030596474109	-5.90987957246857	ENSG00000244005
P39656	-0.0605403367705435	30.2746049641321	-0.344690931700272	0.731488286075639	0.932508109502526	-6.20194683010876	ENSG00000244038
P09210	-0.788768698711721	24.6045968957524	-1.32978406109716	0.188440386060565	0.571251788979384	-5.40638708288016	ENSG00000244067
Q96I45	0.0539085826003394	23.0887331459617	0.109280595442554	0.913331362946558	0.98085768999526	-6.25423949409944	ENSG00000244187
Q03591	-0.596477230108739	27.3176105070489	-1.15923141616324	0.25084204361517	0.650423996116747	-5.60904138886779	ENSG00000244414
Q9NTZ6	0.0654590432046405	27.8388732712692	0.561323890462106	0.576591475588555	0.883685586392464	-6.10614934741173	ENSG00000244462
P22310	-0.813759489144932	24.6596770111013	-1.12708662156467	0.264030603715286	0.664095425304176	-5.64431344481955	ENSG00000244474
Q9NRW3	-0.740820659616421	23.52274248145	-1.40360632018235	0.165403803088536	0.540869335609407	-5.31052739226286	ENSG00000244509
Q13404	0.146959229000256	29.4618295637344	1.13207571598545	0.261943498353769	0.661327688639441	-5.63890714980647	ENSG00000244687
P0C0L4	0.418590410976833	30.7678399283399	3.24951364590349	0.0018659997686324	0.0374091791851195	-1.4962688215987	ENSG00000244731
P68871	-0.165455821499656	37.8582450115211	-1.11276197919909	0.270088262579445	0.67066998900078	-5.65970869091733	ENSG00000244734
Q9BTM1	0.402646936207645	34.1839736712668	1.05257745846695	0.296714297900339	0.695816210097395	-5.72222270531543	ENSG00000246705
Q96HS1	-0.00474933852440529	26.6291194715482	-0.019759615448393	0.984298316505193	0.996188600782489	-6.25989750700187	ENSG00000247077
Q6IBS0	0.176356169155593	29.038342896261	1.53617935749288	0.129560621179825	0.478654517136577	-5.12626062480729	ENSG00000247596
Q96GW9	0.0826521983377866	24.7343330085776	0.15409000607212	0.878037113975257	0.973031343616299	-6.24846031401639	ENSG00000247626
P12694	-0.170335771907766	27.4846682229908	-0.829037623114932	0.410249954017379	0.797048488786876	-5.92532726578851	ENSG00000248098
P00326	-1.75531503535287	31.2143554781947	-6.60695205696103	1.02725193646742e-08	9.33600801592809e-06	9.74386207428741	ENSG00000248144
P21127	0.0709279460416035	26.4515214773175	0.481510996842185	0.631841346297483	0.899825244544314	-6.1467353040758	ENSG00000248333
Q13075	0.585006333286614	22.2537219223739	1.78201175523634	0.0796232819500061	0.371416387060208	-4.74429244702739	ENSG00000249437
O75340	-0.118964209827595	29.2755244920457	-1.30411771329031	0.196993851745176	0.581067699030113	-5.43857233980807	ENSG00000249915
Q8N5G0	-0.0293000965701786	24.7949457962296	-0.135287744515863	0.892820775078768	0.97562305054463	-6.25112460685059	ENSG00000250317
Q6IS14	-0.441457107588285	30.3174323960377	-2.91659234872822	0.00491514011795708	0.0687069465864844	-2.36363400152171	ENSG00000253626
Q2TAA5	-0.058029138137659	25.8294676871457	-0.14055766155766	0.88867311359189	0.975169321159376	-6.25041275328794	ENSG00000253710
P78527	-0.153849522212866	31.2700528997399	-1.19202040323324	0.237776568164761	0.635384942947346	-5.57216465322192	ENSG00000253729
Q5TAP6	0.272743309174668	22.0550625168066	0.619705443604057	0.537712922830206	0.866986566585782	-6.07256967783759	ENSG00000253797
P07948	0.355739578943183	28.3416737094162	1.90919982604994	0.0608469110225949	0.324210994916928	-4.52668804445059	ENSG00000254087
Q9BY43	-0.162149726477686	25.9039501224317	-0.672909500310859	0.503494679626143	0.84817932900876	-6.03911479813529	ENSG00000254505
Q8NEV1	0.0237477395480177	28.7104540437742	0.208497820377	0.835520819119834	0.966093093015364	-6.23880224383871	ENSG00000254598
O14772	0.23167783070657	24.01511759535	0.610880199722081	0.543502491235689	0.870769877284913	-6.07785619869332	ENSG00000254685
B9A064	0.0804557856128341	29.1690043051452	0.305143895014172	0.761275585911544	0.941105081437488	-6.21451233235959	ENSG00000254709
P26641	0.132588595293999	31.5190698531147	1.44975145188985	0.152146228898624	0.522122961726997	-5.24814531499551	ENSG00000254772
Q9NY33	0.206197944959417	30.1115675722249	2.50338519141268	0.014937083745795	0.145190584074546	-3.34027698462794	ENSG00000254986
Q8WUW1	0.662739916713264	26.4171788641927	1.13129049059569	0.262301772149991	0.661577966481916	-5.63973613050875	ENSG00000254999
Q7LBR1	-0.671207588161121	24.5471010410785	-0.893423574826812	0.375072210241532	0.769642517538263	-5.87166388727746	ENSG00000255112
P08397	0.390387788953202	26.8549690263404	2.43334142756786	0.0178440927394997	0.160404317123718	-3.49402101398554	ENSG00000256269
P00738	1.00770808876419	33.0634268283506	4.89105095701331	7.4129994260788e-06	0.00127203790228111	3.5911335525083	ENSG00000257017
O43716	0.182237933612374	22.7827345582611	0.410754543955458	0.682662669964707	0.910922698759153	-6.17755824619051	ENSG00000257218
O43451	0.0810540881978632	23.5585322169282	0.122187515958096	0.903144015538114	0.97792294197096	-6.25277638964419	ENSG00000257335
Q8N4A0	-0.0876796573502041	27.6868410833929	-0.496448585390816	0.62132606517625	0.899037114426398	-6.13960783381977	ENSG00000257594
Q9Y2B0	0.100337887466736	28.8035031140413	0.622336151399333	0.535993273236582	0.865972561074686	-6.07097933993475	ENSG00000257727
Q13948	0.138427099207231	25.6907003314986	0.598673718301947	0.551562269369742	0.874435875947227	-6.08504471310782	ENSG00000257923
A6NCE7	0.345160168155623	25.3591052902024	1.99819591367459	0.0500673198982757	0.291373634370648	-4.36654267668726	ENSG00000258102
Q8IXM2	-0.088684535239949	27.0435467626529	-0.548375647747861	0.58539483362341	0.887819623430424	-6.11315188938804	ENSG00000258315
P34096	-1.29970618495546	24.3116090074786	-2.13301442815176	0.0368724338812686	0.244307876007968	-4.1118542411768	ENSG00000258818
Q13509	0.0760965834535092	26.4074241959146	0.38294782777556	0.7030626731825	0.921808308935843	-6.18834096269359	ENSG00000258947
E9PQ53	-0.50821253645659	28.3992115069606	-1.71455234503674	0.091407542820917	0.398437514790136	-4.85424798622205	ENSG00000259112
P05106	0.323112992091112	24.1578943749363	0.604636358963286	0.547617708360624	0.8724942199542	-6.08155116384719	ENSG00000259207
Q9H2W6	0.185451727508521	26.9559128223321	1.04741993573476	0.298954786496984	0.698158651292528	-5.72753241347866	ENSG00000259494
P22897	-0.227866655169322	26.3415930624176	-0.904987836351654	0.368960239565393	0.764406933657715	-5.86161344185881	ENSG00000260314
P58107	0.266636794873644	31.164873077435	3.25264942983009	0.00184851828374988	0.037284933339603	-1.4877821006737	ENSG00000261150
Q14137	-0.463345311862621	24.4792516875385	-1.30234942216982	0.197593698194797	0.581791812233383	-5.44076794064346	ENSG00000261236
P16284	0.312829202487848	25.8242296682567	1.11149792081349	0.270627463089389	0.671373146066585	-5.66105815243665	ENSG00000261371
Q3ZCM7	-0.49419094364762	28.1953743250932	-0.778165678896161	0.439505232413391	0.816585927218465	-5.96485714742157	ENSG00000261456
Q9H2C0	-0.737518183164923	24.184538516893	-0.943926272312877	0.348855655883311	0.747422412948442	-5.82684240737056	ENSG00000261609
P00739	0.0758032841072023	25.7435742232325	0.243320586482391	0.808556891332814	0.956623819671774	-6.23110181284165	ENSG00000261701
P57737	-0.0055194576273685	28.3444210727528	-0.0444033694434832	0.964724970400499	0.992200162880785	-6.25912297123382	ENSG00000262246
P39900	0.801023044478619	23.2573853264833	1.28699723789615	0.20285916204413	0.589026097245282	-5.45971160146087	ENSG00000262406
Q9HCB6	-1.45622668807378	27.6481984941142	-4.2118950053493	8.32121242588834e-05	0.00630216268866238	1.34759714129749	ENSG00000262655
Q8WZ82	0.423884650226288	25.1649565336755	1.96953482242208	0.0533445937813312	0.299267561614814	-4.41881750493741	ENSG00000262664
P52815	-0.00123579621131142	28.6037099712065	-0.00659672449188097	0.994757703377861	0.99786860863125	-6.26006744613665	ENSG00000262814
P78347	-0.365312607651973	27.7071835104841	-1.72031749972387	0.0903414073056735	0.398173196293906	-4.84498805801811	ENSG00000263001
Q96FJ2	-1.36056566697656	27.6729918432403	-2.79346658914147	0.00694358262507971	0.0850455563881477	-2.66873332390831	ENSG00000264364
Q6GQQ9	-0.249086093196492	22.7265387014778	-0.733888564694339	0.465771155594134	0.82980672773388	-5.99743709915634	ENSG00000264522
Q9Y5S9	0.109145528177457	27.9492568078167	0.725542820237101	0.470837279828018	0.82980672773388	-6.00335102857562	ENSG00000265241
O14925	-0.0615587308901695	24.7900542720482	-0.138796425590118	0.890058944039788	0.975169321159376	-6.25065368292788	ENSG00000265354
P18621	-0.13983704026511	30.499896291551	-0.869479987270983	0.387924032361467	0.780571862902981	-5.89207810442251	ENSG00000265681
O75396	0.032298623432542	29.1540988298005	0.223074044372761	0.82420807226192	0.959906141301175	-6.23572317011623	ENSG00000265808
Q9H3M7	-0.568215632563085	24.6777975516314	-1.83850411557387	0.070758479630153	0.349498178825384	-4.64929304614986	ENSG00000265972
O75044	0.511681001089144	22.2114447923395	1.52475772924823	0.132382972079622	0.485137329805228	-5.14274296784896	ENSG00000266028
P82921	0.191561933609314	25.7871298092466	0.956015669653352	0.342761417656708	0.740405163867891	-5.81575758092331	ENSG00000266472
Q96JP2	-0.220087224462734	24.8669272958424	-0.465181705453727	0.643424160495206	0.902647786771382	-6.15427959804971	ENSG00000266714
O95182	-0.173585965660052	29.110520154838	-0.767640468527348	0.445602103712701	0.819136714369994	-5.97284281091895	ENSG00000267855
Q9Y6K9	0.183575262678257	24.7954076830254	0.597246254050791	0.552508720159396	0.87505955591902	-6.08587599810979	ENSG00000269335
Q92804	0.47868514353215	26.5582829518177	1.07329858721012	0.287284526602062	0.685785152801039	-5.70113840151265	ENSG00000270647
Q9BYN0	-0.274650939709744	23.3928147566515	-0.416895416794795	0.678188691188054	0.908862849114883	-6.17507568608641	ENSG00000271303
O95989	0.360467633499894	24.3970528137406	0.978438523050197	0.331643784481432	0.729549463066278	-5.79483588078096	ENSG00000272325
Q9NPI6	-0.0913070306813246	23.3673143495778	-0.242560331205811	0.809143218712991	0.956623819671774	-6.23128258089465	ENSG00000272886
Q99879	0.469276648290439	35.1332017220077	2.8173827732597	0.00647966597624063	0.0815485923929013	-2.60862957670577	ENSG00000273703
Q7L576	-0.186944406208529	29.2715907754754	-2.05867701986053	0.0437150352088518	0.270576716224596	-4.25406967239713	ENSG00000273749
Q96I51	-0.712470022167679	23.919016271002	-1.21770542577229	0.227930457081274	0.622314704410396	-5.54256178770724	ENSG00000274523
P23527	0.245318584866315	31.8542790081832	1.45716047837906	0.15009698889098	0.519669130426993	-5.23795390166314	ENSG00000274641
Q96KK5	0.402646936207645	34.1839736712668	1.05257745846695	0.296714297900339	0.695816210097395	-5.72222270531543	ENSG00000274997
Q9UMZ2	0.11226946003838	24.9857995215453	0.197725176985925	0.843904168758149	0.967986838922631	-6.24094438074562	ENSG00000275066
Q93079	0.469276648290439	35.1332017220077	2.8173827732597	0.00647966597624063	0.0815485923929013	-2.60862957670577	ENSG00000275713
P07478	-0.326335707880215	31.7092013288055	-1.54295828591063	0.127908268924174	0.476098150473394	-5.11642431739398	ENSG00000275896
P78356	-0.103487242757648	23.544327999714	-0.168724391695103	0.866560328147739	0.970506166261881	-6.2461471979976	ENSG00000276293
Q99878	0.402646936207645	34.1839736712668	1.05257745846695	0.296714297900339	0.695816210097395	-5.72222270531543	ENSG00000276368
P33778	0.245318584866315	31.8542790081832	1.45716047837906	0.15009698889098	0.519669130426993	-5.23795390166314	ENSG00000276410
P04908	1.18826361026603	26.3752494247768	1.0727579619369	0.28765540236188	0.686170126456399	-5.70158356157193	ENSG00000277075
P23610	-0.106654730780406	24.2558597974106	-0.33744588720341	0.736915721829316	0.934294682895898	-6.20436302186115	ENSG00000277150
P29966	-1.50198989446159	29.8562264683401	-5.79488706865458	2.45279397592021e-07	8.91672370046194e-05	6.77418257514142	ENSG00000277443
P49720	0.0491531705273474	28.4921642348521	0.294139254663192	0.769629812304493	0.943735409601169	-6.21773887932919	ENSG00000277791
Q6UWP2	-0.811296233716988	28.8592227566534	-3.158460637628	0.00244684640777403	0.0460091498675579	-1.74018038365621	ENSG00000278535
Q13085	0.231123587119324	28.9975101500549	0.720322266874053	0.474037685164338	0.83116639781387	-6.00699968397652	ENSG00000278540
O43819	0.0488021252357456	26.6522838907315	0.191101929474908	0.849067499444269	0.96894755612696	-6.24220508450148	ENSG00000284194
Q15813	0.317997921000426	24.7829079034761	0.837301931422161	0.405625167417288	0.793070648234661	-5.91865857919062	ENSG00000284770
P35503	-0.781686527044954	24.6992790580936	-1.07187820763039	0.287913696544825	0.686485958574084	-5.70260580226885	ENSG00000288702
P35504	-0.831584973131474	24.7381985578352	-1.1193026143406	0.267315890749089	0.666245002025969	-5.65269826220688	ENSG00000288705
P04179	0.226098996501545	31.1309218631755	1.40955197650906	0.163647212612744	0.537730944942097	-5.30259554773329	ENSG00000291237
